event_id,user_id,content_id,content_name,content_type,watch_duration_mins,total_duration_mins,completion_pct,device_type,subscription_tier,city,city_tier,event_timestamp,source
EVT_000001,U00076,C002,KBC Season 15,GameShow,45.0,60,75.0,Laptop,Basic,Chennai,Tier 1,2024-03-15 23:00:00,OTT_APP
EVT_000002,,C001,Anupamaa S1,Series,22.5,45,50.0,Smart TV,Free,Mumbai,Tier 1,2024-02-15 12:00:00,OTT_APP
EVT_000003,U00474,C003,IPL 2024 Final,Sports,210.0,210,100.0,Smart TV,Basic,Bangalore,Tier 1,2024-03-20 10:00:00,OTT_APP
EVT_000004,U00401,C002,KBC Season 15,GameShow,60.0,60,100.0,Laptop,Basic,Mumbai,Tier 1,2024-01-23 16:00:00,OTT_APP
EVT_000005,U00440,C003,IPL 2024 Final,Sports,52.5,210,25.0,Laptop,Basic,Mumbai,Tier 1,2024-02-18 07:00:00,OTT_APP
EVT_000006,,C002,KBC Season 15,GameShow,60.0,60,100.0,Smart TV,Basic,Bangalore,Tier 1,2024-02-14 15:00:00,OTT_APP
EVT_000007,U00443,C001,Anupamaa S1,Series,33.8,45,75.0,Mobile,Premium,Bangalore,Tier 1,2024-02-12 14:00:00,OTT_APP
EVT_000008,U00170,C003,IPL 2024 Final,Sports,157.5,210,75.0,Mobile,Free,Bangalore,Tier 1,2024-03-27 23:00:00,OTT_APP
EVT_000009,U00306,C003,IPL 2024 Final,Sports,52.5,210,25.0,Laptop,Premium,Chennai,Tier 1,2024-01-05 09:00:00,OTT_APP
EVT_000010,U00461,C003,IPL 2024 Final,Sports,105.0,210,50.0,Smart TV,Premium,Hyderabad,Tier 2,2024-01-15 18:00:00,OTT_APP
EVT_000011,U00352,C001,Anupamaa S1,Series,33.8,45,75.0,Smart TV,Premium,Mumbai,Tier 1,2024-03-07 23:00:00,OTT_APP
EVT_000012,U00340,C004,Panchayat S3,Series,7.5,30,25.0,Mobile,Premium,Chennai,Tier 1,2024-03-20 16:00:00,OTT_APP
EVT_000013,U00357,C005,Mirzapur S3,Thriller,27.5,55,50.0,Tablet,Basic,Bangalore,Tier 1,2024-02-11 18:00:00,OTT_APP
EVT_000014,U00316,C002,KBC Season 15,GameShow,30.0,60,50.0,Tablet,Annual,Bangalore,Tier 1,2024-03-27 11:00:00,OTT_APP
EVT_000015,U00221,C005,Mirzapur S3,Thriller,55.0,55,100.0,Tablet,Annual,Chennai,Tier 1,2024-02-06 12:00:00,OTT_APP
EVT_000016,U00407,C004,Panchayat S3,Series,15.0,30,50.0,Smart TV,Free,Delhi,Tier 1,2024-03-06 21:00:00,OTT_APP
EVT_000017,U00420,C003,IPL 2024 Final,Sports,157.5,210,75.0,Smart TV,Premium,Hyderabad,Tier 2,2024-02-12 08:00:00,OTT_APP
EVT_000018,U00126,C002,KBC Season 15,GameShow,60.0,60,100.0,Laptop,Free,Delhi,Tier 1,2024-01-04 07:00:00,OTT_APP
EVT_000019,U00254,C004,Panchayat S3,Series,15.0,30,50.0,Laptop,Basic,Hyderabad,Tier 2,2024-01-25 18:00:00,OTT_APP
EVT_000020,U00113,C002,KBC Season 15,GameShow,45.0,60,75.0,Smart TV,Annual,Mumbai,Tier 1,2024-01-14 19:00:00,OTT_APP
EVT_000021,U00411,C001,Anupamaa S1,Series,33.8,45,75.0,Laptop,Premium,Mumbai,Tier 1,2024-02-28 10:00:00,OTT_APP
EVT_000022,U00229,C004,Panchayat S3,Series,22.5,30,75.0,Smart TV,Annual,Hyderabad,Tier 2,2024-02-24 23:00:00,OTT_APP
EVT_000023,U00393,C004,Panchayat S3,Series,15.0,30,50.0,Laptop,Basic,Delhi,Tier 1,2024-03-22 14:00:00,OTT_APP
EVT_000024,U00172,C003,IPL 2024 Final,Sports,105.0,210,50.0,Tablet,Free,Chennai,Tier 1,2024-01-31 14:00:00,OTT_APP
EVT_000025,U00362,C002,KBC Season 15,GameShow,15.0,60,25.0,Smart TV,Free,Bangalore,Tier 1,2024-03-29 10:00:00,OTT_APP
EVT_000026,U00032,C004,Panchayat S3,Series,15.0,30,50.0,Smart TV,Annual,Hyderabad,Tier 2,2024-02-29 19:00:00,OTT_APP
EVT_000027,U00439,C004,Panchayat S3,Series,30.0,30,100.0,Laptop,Annual,Hyderabad,Tier 2,2024-03-30 06:00:00,OTT_APP
EVT_000028,U00276,C001,Anupamaa S1,Series,90.0,45,100.0,Smart TV,Annual,Chennai,Tier 1,2024-02-19 19:00:00,OTT_APP
EVT_000029,U00173,C002,KBC Season 15,GameShow,30.0,60,50.0,Laptop,Basic,Bangalore,Tier 1,2024-01-04 18:00:00,OTT_APP
EVT_000030,U00465,C004,Panchayat S3,Series,30.0,30,100.0,Laptop,Free,Hyderabad,Tier 2,2024-03-09 06:00:00,OTT_APP
EVT_000031,U00026,C001,Anupamaa S1,Series,33.8,45,75.0,Tablet,Annual,Delhi,Tier 1,2024-02-29 11:00:00,OTT_APP
EVT_000032,U00143,C003,IPL 2024 Final,Sports,105.0,210,50.0,Laptop,Premium,Chennai,Tier 1,2024-02-13 18:00:00,OTT_APP
EVT_000033,U00115,C001,Anupamaa S1,Series,22.5,45,50.0,Mobile,Free,Hyderabad,Tier 2,2024-01-07 17:00:00,OTT_APP
EVT_000034,U00123,C001,Anupamaa S1,Series,45.0,45,100.0,Smart TV,Annual,Delhi,Tier 1,2024-01-03 10:00:00,OTT_APP
EVT_000035,U00393,C001,Anupamaa S1,Series,33.8,45,75.0,Tablet,Basic,Delhi,Tier 1,2024-02-29 14:00:00,OTT_APP
EVT_000036,,C005,Mirzapur S3,Thriller,41.2,55,75.0,Mobile,Premium,Mumbai,Tier 1,2024-01-21 15:00:00,OTT_APP
EVT_000037,U00039,C005,Mirzapur S3,Thriller,41.2,55,75.0,Smart TV,Free,Bangalore,Tier 1,2024-02-20 12:00:00,OTT_APP
EVT_000038,U00178,C003,IPL 2024 Final,Sports,210.0,210,100.0,Laptop,Premium,Hyderabad,Tier 2,2024-01-16 07:00:00,OTT_APP
EVT_000039,U00422,C001,Anupamaa S1,Series,33.8,45,75.0,Laptop,Free,Chennai,Tier 1,2024-01-02 19:00:00,OTT_APP
EVT_000040,U00223,C004,Panchayat S3,Series,30.0,30,100.0,Smart TV,Premium,Bangalore,Tier 1,2024-03-31 10:00:00,OTT_APP
EVT_000041,U00224,C005,Mirzapur S3,Thriller,55.0,55,100.0,Tablet,Premium,Hyderabad,Tier 2,2024-03-02 20:00:00,OTT_APP
EVT_000042,U00125,C002,KBC Season 15,GameShow,60.0,60,100.0,Laptop,Annual,Mumbai,Tier 1,2024-02-05 20:00:00,OTT_APP
EVT_000043,U00109,C003,IPL 2024 Final,Sports,52.5,210,25.0,Tablet,Premium,Chennai,Tier 1,2024-01-24 21:00:00,OTT_APP
EVT_000044,U00285,C003,IPL 2024 Final,Sports,105.0,210,50.0,Mobile,Basic,Hyderabad,Tier 2,2024-03-30 14:00:00,OTT_APP
EVT_000045,U00389,C001,Anupamaa S1,Series,22.5,45,50.0,Smart TV,Annual,Bangalore,Tier 1,2024-03-03 23:00:00,OTT_APP
EVT_000046,U00114,C004,Panchayat S3,Series,15.0,30,50.0,Laptop,Basic,Mumbai,Tier 1,2024-01-12 15:00:00,OTT_APP
EVT_000047,U00272,C003,IPL 2024 Final,Sports,157.5,210,75.0,Tablet,Annual,Chennai,Tier 1,2024-03-01 23:00:00,OTT_APP
EVT_000048,U00129,C005,Mirzapur S3,Thriller,27.5,55,50.0,Smart TV,Free,Bangalore,Tier 1,2024-02-04 15:00:00,OTT_APP
EVT_000049,U00099,C002,KBC Season 15,GameShow,30.0,60,50.0,Smart TV,Annual,Hyderabad,Tier 2,2024-03-29 11:00:00,OTT_APP
EVT_000050,U00052,C003,IPL 2024 Final,Sports,157.5,210,75.0,Smart TV,Premium,Hyderabad,Tier 2,2024-03-17 15:00:00,OTT_APP
EVT_000051,U00065,C002,KBC Season 15,GameShow,30.0,60,50.0,Tablet,Free,Chennai,Tier 1,2024-01-02 23:00:00,OTT_APP
EVT_000052,U00053,C001,Anupamaa S1,Series,33.8,45,75.0,Mobile,Premium,Delhi,Tier 1,2024-03-22 21:00:00,OTT_APP
EVT_000053,U00130,C004,Panchayat S3,Series,15.0,30,50.0,Laptop,Free,Chennai,Tier 1,2024-01-24 07:00:00,OTT_APP
EVT_000054,U00078,C001,Anupamaa S1,Series,22.5,45,50.0,Smart TV,Premium,Mumbai,Tier 1,2024-03-14 07:00:00,OTT_APP
EVT_000055,U00311,C001,Anupamaa S1,Series,45.0,45,100.0,Smart TV,Annual,Mumbai,Tier 1,2024-03-12 19:00:00,OTT_APP
EVT_000056,,C004,Panchayat S3,Series,30.0,30,100.0,Mobile,Free,Chennai,Tier 1,2024-03-16 19:00:00,OTT_APP
EVT_000057,U00081,C002,KBC Season 15,GameShow,45.0,60,75.0,Smart TV,Basic,Chennai,Tier 1,2024-03-25 08:00:00,OTT_APP
EVT_000058,U00353,C005,Mirzapur S3,Thriller,13.8,55,25.0,Laptop,Premium,Mumbai,Tier 1,2024-02-22 20:00:00,OTT_APP
EVT_000059,U00037,C001,Anupamaa S1,Series,22.5,45,50.0,Smart TV,Premium,Chennai,Tier 1,2024-03-30 20:00:00,OTT_APP
EVT_000060,U00279,C005,Mirzapur S3,Thriller,41.2,55,75.0,Smart TV,Basic,Delhi,Tier 1,2024-02-24 09:00:00,OTT_APP
EVT_000061,,C003,IPL 2024 Final,Sports,210.0,210,100.0,Tablet,Premium,Mumbai,Tier 1,2024-01-08 11:00:00,OTT_APP
EVT_000062,U00483,C004,Panchayat S3,Series,7.5,30,25.0,Tablet,Annual,Chennai,Tier 1,2024-03-30 18:00:00,OTT_APP
EVT_000063,U00310,C004,Panchayat S3,Series,7.5,30,25.0,Tablet,Free,Mumbai,Tier 1,2024-02-25 16:00:00,OTT_APP
EVT_000064,U00392,C001,Anupamaa S1,Series,22.5,45,50.0,Tablet,Free,Hyderabad,Tier 2,2024-03-16 06:00:00,OTT_APP
EVT_000065,U00300,C002,KBC Season 15,GameShow,30.0,60,50.0,Laptop,Annual,Bangalore,Tier 1,2024-02-05 11:00:00,OTT_APP
EVT_000066,U00344,C001,Anupamaa S1,Series,22.5,45,50.0,Mobile,Basic,Bangalore,Tier 1,2024-02-12 16:00:00,OTT_APP
EVT_000067,U00417,C003,IPL 2024 Final,Sports,105.0,210,50.0,Mobile,Annual,Bangalore,Tier 1,2024-02-06 18:00:00,OTT_APP
EVT_000068,U00443,C001,Anupamaa S1,Series,22.5,45,50.0,Mobile,Annual,Chennai,Tier 1,2024-01-15 18:00:00,OTT_APP
EVT_000069,,C004,Panchayat S3,Series,7.5,30,25.0,Laptop,Free,Hyderabad,Tier 2,2024-02-16 21:00:00,OTT_APP
EVT_000070,U00451,C002,KBC Season 15,GameShow,30.0,60,50.0,Laptop,Free,Delhi,Tier 1,2024-02-06 20:00:00,OTT_APP
EVT_000071,U00160,C001,Anupamaa S1,Series,45.0,45,100.0,Mobile,Annual,Hyderabad,Tier 2,2024-01-31 11:00:00,OTT_APP
EVT_000072,U00332,C001,Anupamaa S1,Series,22.5,45,50.0,Smart TV,Annual,Mumbai,Tier 1,2024-02-29 09:00:00,OTT_APP
EVT_000073,U00242,C003,IPL 2024 Final,Sports,157.5,210,75.0,Smart TV,Annual,Chennai,Tier 1,2024-02-23 21:00:00,OTT_APP
EVT_000074,U00383,C005,Mirzapur S3,Thriller,13.8,55,25.0,Smart TV,Free,Delhi,Tier 1,2024-03-17 22:00:00,OTT_APP
EVT_000075,U00137,C003,IPL 2024 Final,Sports,210.0,210,100.0,Mobile,Premium,Bangalore,Tier 1,2024-02-13 22:00:00,OTT_APP
EVT_000076,U00444,C003,IPL 2024 Final,Sports,210.0,210,100.0,Smart TV,Annual,Hyderabad,Tier 2,2024-03-25 21:00:00,OTT_APP
EVT_000077,U00194,C005,Mirzapur S3,Thriller,27.5,55,50.0,Laptop,Premium,Chennai,Tier 1,2024-03-11 23:00:00,OTT_APP
EVT_000078,U00120,C002,KBC Season 15,GameShow,60.0,60,100.0,Laptop,Free,Delhi,Tier 1,2024-03-14 18:00:00,OTT_APP
EVT_000079,U00254,C003,IPL 2024 Final,Sports,157.5,210,75.0,Mobile,Basic,Bangalore,Tier 1,2024-02-19 10:00:00,OTT_APP
EVT_000080,U00052,C005,Mirzapur S3,Thriller,55.0,55,100.0,Laptop,Free,Chennai,Tier 1,2024-01-13 20:00:00,OTT_APP
EVT_000081,,C002,KBC Season 15,GameShow,30.0,60,50.0,Tablet,Premium,Delhi,Tier 1,2024-01-10 21:00:00,OTT_APP
EVT_000082,U00195,C005,Mirzapur S3,Thriller,41.2,55,75.0,Tablet,Annual,Mumbai,Tier 1,2024-02-12 23:00:00,OTT_APP
EVT_000083,U00117,C005,Mirzapur S3,Thriller,13.8,55,25.0,Mobile,Annual,Mumbai,Tier 1,2024-01-31 15:00:00,OTT_APP
EVT_000084,U00356,C001,Anupamaa S1,Series,45.0,45,100.0,Tablet,Free,Mumbai,Tier 1,2024-02-26 11:00:00,OTT_APP
EVT_000085,U00192,C001,Anupamaa S1,Series,22.5,45,50.0,Laptop,Basic,Mumbai,Tier 1,2024-02-07 17:00:00,OTT_APP
EVT_000086,U00088,C002,KBC Season 15,GameShow,45.0,60,75.0,Smart TV,Free,Hyderabad,Tier 2,2024-03-28 11:00:00,OTT_APP
EVT_000087,U00255,C005,Mirzapur S3,Thriller,55.0,55,100.0,Smart TV,Basic,Hyderabad,Tier 2,2024-03-28 13:00:00,OTT_APP
EVT_000088,,C004,Panchayat S3,Series,22.5,30,75.0,Laptop,Premium,Bangalore,Tier 1,2024-02-02 06:00:00,OTT_APP
EVT_000089,U00328,C005,Mirzapur S3,Thriller,13.8,55,25.0,Laptop,Premium,Bangalore,Tier 1,2024-02-14 15:00:00,OTT_APP
EVT_000090,U00055,C004,Panchayat S3,Series,30.0,30,100.0,Smart TV,Annual,Delhi,Tier 1,2024-02-19 21:00:00,OTT_APP
EVT_000091,U00012,C005,Mirzapur S3,Thriller,27.5,55,50.0,Laptop,Premium,Chennai,Tier 1,2024-03-30 15:00:00,OTT_APP
EVT_000092,U00427,C001,Anupamaa S1,Series,33.8,45,75.0,Tablet,Basic,Mumbai,Tier 1,2024-03-18 21:00:00,OTT_APP
EVT_000093,U00318,C005,Mirzapur S3,Thriller,55.0,55,100.0,Tablet,Basic,Delhi,Tier 1,2024-03-22 12:00:00,OTT_APP
EVT_000094,U00018,C001,Anupamaa S1,Series,45.0,45,100.0,Tablet,Basic,Mumbai,Tier 1,2024-02-09 20:00:00,OTT_APP
EVT_000095,U00103,C001,Anupamaa S1,Series,45.0,45,100.0,Smart TV,Premium,Chennai,Tier 1,2024-02-23 11:00:00,OTT_APP
EVT_000096,U00468,C005,Mirzapur S3,Thriller,41.2,55,75.0,Laptop,Premium,Chennai,Tier 1,2024-01-22 14:00:00,OTT_APP
EVT_000097,U00387,C003,IPL 2024 Final,Sports,210.0,210,100.0,Smart TV,Annual,Bangalore,Tier 1,2024-01-10 10:00:00,OTT_APP
EVT_000098,U00275,C005,Mirzapur S3,Thriller,27.5,55,50.0,Mobile,Annual,Bangalore,Tier 1,2024-01-02 14:00:00,OTT_APP
EVT_000099,U00422,C003,IPL 2024 Final,Sports,157.5,210,75.0,Tablet,Free,Chennai,Tier 1,2024-03-15 18:00:00,OTT_APP
EVT_000100,U00469,C002,KBC Season 15,GameShow,30.0,60,50.0,Smart TV,Free,Hyderabad,Tier 2,2024-03-12 16:00:00,OTT_APP
EVT_000101,U00060,C004,Panchayat S3,Series,30.0,30,100.0,Smart TV,Free,Chennai,Tier 1,2024-03-24 19:00:00,OTT_APP
EVT_000102,U00121,C001,Anupamaa S1,Series,22.5,45,50.0,Smart TV,Annual,Bangalore,Tier 1,2024-01-15 09:00:00,OTT_APP
EVT_000103,U00454,C004,Panchayat S3,Series,60.0,30,50.0,Laptop,Free,Hyderabad,Tier 2,2024-02-23 10:00:00,OTT_APP
EVT_000104,U00112,C004,Panchayat S3,Series,22.5,30,75.0,Laptop,Annual,Chennai,Tier 1,2024-01-05 17:00:00,OTT_APP
EVT_000105,U00279,C002,KBC Season 15,GameShow,60.0,60,100.0,Tablet,Free,Mumbai,Tier 1,2024-03-28 17:00:00,OTT_APP
EVT_000106,U00340,C004,Panchayat S3,Series,15.0,30,50.0,Smart TV,Free,Mumbai,Tier 1,2024-02-28 08:00:00,OTT_APP
EVT_000107,U00036,C001,Anupamaa S1,Series,45.0,45,100.0,Smart TV,Basic,Delhi,Tier 1,2024-01-17 12:00:00,OTT_APP
EVT_000108,U00142,C002,KBC Season 15,GameShow,30.0,60,50.0,Smart TV,Basic,Delhi,Tier 1,2024-03-17 06:00:00,OTT_APP
EVT_000109,U00068,C005,Mirzapur S3,Thriller,27.5,55,50.0,Mobile,Premium,Delhi,Tier 1,2024-01-15 06:00:00,OTT_APP
EVT_000110,U00027,C002,KBC Season 15,GameShow,45.0,60,75.0,Smart TV,Annual,Mumbai,Tier 1,2024-01-23 14:00:00,OTT_APP
EVT_000111,,C005,Mirzapur S3,Thriller,13.8,55,25.0,Tablet,Free,Mumbai,Tier 1,2024-03-01 20:00:00,OTT_APP
EVT_000112,,C004,Panchayat S3,Series,22.5,30,75.0,Laptop,Free,Hyderabad,Tier 2,2024-01-06 22:00:00,OTT_APP
EVT_000113,U00252,C001,Anupamaa S1,Series,45.0,45,100.0,Laptop,Free,Bangalore,Tier 1,2024-02-24 09:00:00,OTT_APP
EVT_000114,U00141,C001,Anupamaa S1,Series,22.5,45,50.0,Tablet,Annual,Delhi,Tier 1,2024-01-09 10:00:00,OTT_APP
EVT_000115,U00051,C005,Mirzapur S3,Thriller,41.2,55,75.0,Mobile,Basic,Bangalore,Tier 1,2024-03-05 19:00:00,OTT_APP
EVT_000116,U00424,C004,Panchayat S3,Series,15.0,30,50.0,Laptop,Annual,Delhi,Tier 1,2024-02-22 16:00:00,OTT_APP
EVT_000117,U00341,C004,Panchayat S3,Series,22.5,30,75.0,Tablet,Premium,Chennai,Tier 1,2024-02-24 16:00:00,OTT_APP
EVT_000118,U00426,C002,KBC Season 15,GameShow,45.0,60,75.0,Mobile,Free,Bangalore,Tier 1,2024-01-09 08:00:00,OTT_APP
EVT_000119,U00031,C004,Panchayat S3,Series,7.5,30,25.0,Tablet,Free,Chennai,Tier 1,2024-01-17 23:00:00,OTT_APP
EVT_000120,U00308,C004,Panchayat S3,Series,15.0,30,50.0,Tablet,Premium,Bangalore,Tier 1,2024-01-07 15:00:00,OTT_APP
EVT_000121,U00115,C001,Anupamaa S1,Series,33.8,45,75.0,Mobile,Premium,Delhi,Tier 1,2024-01-20 21:00:00,OTT_APP
EVT_000122,U00414,C005,Mirzapur S3,Thriller,27.5,55,50.0,Laptop,Free,Chennai,Tier 1,2024-03-14 13:00:00,OTT_APP
EVT_000123,U00140,C005,Mirzapur S3,Thriller,55.0,55,100.0,Tablet,Premium,Chennai,Tier 1,2024-01-04 11:00:00,OTT_APP
EVT_000124,U00036,C003,IPL 2024 Final,Sports,52.5,210,25.0,Smart TV,Free,Delhi,Tier 1,2024-03-13 18:00:00,OTT_APP
EVT_000125,U00233,C001,Anupamaa S1,Series,33.8,45,75.0,Tablet,Basic,Delhi,Tier 1,2024-02-18 19:00:00,OTT_APP
EVT_000126,U00453,C003,IPL 2024 Final,Sports,105.0,210,50.0,Mobile,Basic,Chennai,Tier 1,2024-03-13 08:00:00,OTT_APP
EVT_000127,U00140,C002,KBC Season 15,GameShow,60.0,60,100.0,Laptop,Annual,Mumbai,Tier 1,2024-03-27 08:00:00,OTT_APP
EVT_000128,U00387,C004,Panchayat S3,Series,22.5,30,75.0,Mobile,Premium,Bangalore,Tier 1,2024-02-04 12:00:00,OTT_APP
EVT_000129,U00342,C004,Panchayat S3,Series,7.5,30,25.0,Tablet,Free,Hyderabad,Tier 2,2024-03-03 22:00:00,OTT_APP
EVT_000130,U00105,C002,KBC Season 15,GameShow,30.0,60,50.0,Tablet,Basic,Hyderabad,Tier 2,2024-01-08 06:00:00,OTT_APP
EVT_000131,U00004,C002,KBC Season 15,GameShow,60.0,60,100.0,Laptop,Annual,Chennai,Tier 1,2024-02-11 09:00:00,OTT_APP
EVT_000132,U00257,C002,KBC Season 15,GameShow,15.0,60,25.0,Tablet,Free,Hyderabad,Tier 2,2024-03-31 13:00:00,OTT_APP
EVT_000133,U00236,C004,Panchayat S3,Series,30.0,30,100.0,Mobile,Premium,Mumbai,Tier 1,2024-02-25 06:00:00,OTT_APP
EVT_000134,U00149,C005,Mirzapur S3,Thriller,27.5,55,50.0,Mobile,Annual,Bangalore,Tier 1,2024-03-31 19:00:00,OTT_APP
EVT_000135,U00426,C001,Anupamaa S1,Series,45.0,45,100.0,Tablet,Free,Delhi,Tier 1,2024-03-20 20:00:00,OTT_APP
EVT_000136,U00269,C004,Panchayat S3,Series,30.0,30,100.0,Mobile,Annual,Delhi,Tier 1,2024-02-25 18:00:00,OTT_APP
EVT_000137,U00040,C003,IPL 2024 Final,Sports,157.5,210,75.0,Mobile,Basic,Delhi,Tier 1,2024-02-12 11:00:00,OTT_APP
EVT_000138,U00075,C003,IPL 2024 Final,Sports,105.0,210,50.0,Tablet,Basic,Delhi,Tier 1,2024-01-31 09:00:00,OTT_APP
EVT_000139,U00238,C002,KBC Season 15,GameShow,45.0,60,75.0,Laptop,Premium,Mumbai,Tier 1,2024-01-23 21:00:00,OTT_APP
EVT_000140,U00324,C003,IPL 2024 Final,Sports,52.5,210,25.0,Tablet,Premium,Mumbai,Tier 1,2024-03-01 20:00:00,OTT_APP
EVT_000141,U00237,C005,Mirzapur S3,Thriller,13.8,55,25.0,Laptop,Free,Hyderabad,Tier 2,2024-01-10 15:00:00,OTT_APP
EVT_000142,U00315,C001,Anupamaa S1,Series,22.5,45,50.0,Laptop,Annual,Chennai,Tier 1,2024-01-10 08:00:00,OTT_APP
EVT_000143,U00165,C005,Mirzapur S3,Thriller,41.2,55,75.0,Laptop,Basic,Mumbai,Tier 1,2024-02-27 12:00:00,OTT_APP
EVT_000144,U00331,C001,Anupamaa S1,Series,22.5,45,50.0,Smart TV,Free,Chennai,Tier 1,2024-01-11 22:00:00,OTT_APP
EVT_000145,U00313,C002,KBC Season 15,GameShow,45.0,60,75.0,Smart TV,Premium,Bangalore,Tier 1,2024-03-08 22:00:00,OTT_APP
EVT_000146,,C003,IPL 2024 Final,Sports,210.0,210,100.0,Mobile,Premium,Bangalore,Tier 1,2024-02-22 16:00:00,OTT_APP
EVT_000147,U00146,C001,Anupamaa S1,Series,22.5,45,50.0,Tablet,Basic,Hyderabad,Tier 2,2024-03-27 18:00:00,OTT_APP
EVT_000148,U00496,C003,IPL 2024 Final,Sports,52.5,210,25.0,Laptop,Basic,Delhi,Tier 1,2024-02-14 15:00:00,OTT_APP
EVT_000149,U00193,C005,Mirzapur S3,Thriller,41.2,55,75.0,Tablet,Basic,Mumbai,Tier 1,2024-02-09 23:00:00,OTT_APP
EVT_000150,U00010,C005,Mirzapur S3,Thriller,13.8,55,25.0,Tablet,Premium,Bangalore,Tier 1,2024-03-06 17:00:00,OTT_APP
EVT_000151,U00116,C002,KBC Season 15,GameShow,60.0,60,100.0,Smart TV,Basic,Chennai,Tier 1,2024-03-03 12:00:00,OTT_APP
EVT_000152,U00428,C001,Anupamaa S1,Series,22.5,45,50.0,Mobile,Premium,Mumbai,Tier 1,2024-03-05 23:00:00,OTT_APP
EVT_000153,U00093,C005,Mirzapur S3,Thriller,13.8,55,25.0,Smart TV,Annual,Bangalore,Tier 1,2024-01-20 11:00:00,OTT_APP
EVT_000154,U00386,C001,Anupamaa S1,Series,22.5,45,50.0,Laptop,Basic,Delhi,Tier 1,2024-02-26 15:00:00,OTT_APP
EVT_000155,U00348,C005,Mirzapur S3,Thriller,27.5,55,50.0,Laptop,Annual,Bangalore,Tier 1,2024-01-25 17:00:00,OTT_APP
EVT_000156,U00495,C003,IPL 2024 Final,Sports,210.0,210,100.0,Smart TV,Basic,Hyderabad,Tier 2,2024-03-08 19:00:00,OTT_APP
EVT_000157,U00448,C005,Mirzapur S3,Thriller,13.8,55,25.0,Tablet,Free,Chennai,Tier 1,2024-01-07 21:00:00,OTT_APP
EVT_000158,U00140,C005,Mirzapur S3,Thriller,55.0,55,100.0,Laptop,Basic,Chennai,Tier 1,2024-01-11 11:00:00,OTT_APP
EVT_000159,U00477,C004,Panchayat S3,Series,7.5,30,25.0,Mobile,Annual,Delhi,Tier 1,2024-02-27 17:00:00,OTT_APP
EVT_000160,U00042,C001,Anupamaa S1,Series,22.5,45,50.0,Tablet,Basic,Chennai,Tier 1,2024-01-31 18:00:00,OTT_APP
EVT_000161,U00406,C001,Anupamaa S1,Series,22.5,45,50.0,Smart TV,Basic,Mumbai,Tier 1,2024-03-24 16:00:00,OTT_APP
EVT_000162,U00389,C001,Anupamaa S1,Series,22.5,45,50.0,Laptop,Annual,Bangalore,Tier 1,2024-03-30 10:00:00,OTT_APP
EVT_000163,U00111,C005,Mirzapur S3,Thriller,13.8,55,25.0,Smart TV,Annual,Mumbai,Tier 1,2024-01-03 14:00:00,OTT_APP
EVT_000164,U00025,C001,Anupamaa S1,Series,45.0,45,100.0,Smart TV,Annual,Delhi,Tier 1,2024-02-08 09:00:00,OTT_APP
EVT_000165,U00009,C005,Mirzapur S3,Thriller,27.5,55,50.0,Smart TV,Basic,Mumbai,Tier 1,2024-03-04 23:00:00,OTT_APP
EVT_000166,U00293,C003,IPL 2024 Final,Sports,105.0,210,50.0,Laptop,Basic,Hyderabad,Tier 2,2024-02-15 13:00:00,OTT_APP
EVT_000167,U00279,C001,Anupamaa S1,Series,33.8,45,75.0,Mobile,Annual,Chennai,Tier 1,2024-01-09 22:00:00,OTT_APP
EVT_000168,U00383,C004,Panchayat S3,Series,7.5,30,25.0,Mobile,Premium,Bangalore,Tier 1,2024-02-17 14:00:00,OTT_APP
EVT_000169,U00069,C001,Anupamaa S1,Series,22.5,45,50.0,Mobile,Premium,Mumbai,Tier 1,2024-03-15 16:00:00,OTT_APP
EVT_000170,U00357,C005,Mirzapur S3,Thriller,27.5,55,50.0,Laptop,Basic,Delhi,Tier 1,2024-03-28 20:00:00,OTT_APP
EVT_000171,U00104,C002,KBC Season 15,GameShow,15.0,60,25.0,Mobile,Basic,Bangalore,Tier 1,2024-01-05 15:00:00,OTT_APP
EVT_000172,U00418,C001,Anupamaa S1,Series,22.5,45,50.0,Laptop,Premium,Chennai,Tier 1,2024-03-06 18:00:00,OTT_APP
EVT_000173,U00442,C001,Anupamaa S1,Series,45.0,45,100.0,Mobile,Premium,Delhi,Tier 1,2024-02-06 17:00:00,OTT_APP
EVT_000174,U00381,C003,IPL 2024 Final,Sports,52.5,210,25.0,Laptop,Annual,Chennai,Tier 1,2024-02-25 18:00:00,OTT_APP
EVT_000175,U00189,C003,IPL 2024 Final,Sports,210.0,210,100.0,Tablet,Free,Bangalore,Tier 1,2024-03-29 21:00:00,OTT_APP
EVT_000176,U00151,C004,Panchayat S3,Series,7.5,30,25.0,Tablet,Free,Hyderabad,Tier 2,2024-01-24 23:00:00,OTT_APP
EVT_000177,U00309,C001,Anupamaa S1,Series,22.5,45,50.0,Laptop,Basic,Chennai,Tier 1,2024-02-09 20:00:00,OTT_APP
EVT_000178,U00141,C004,Panchayat S3,Series,15.0,30,50.0,Mobile,Free,Mumbai,Tier 1,2024-02-15 19:00:00,OTT_APP
EVT_000179,U00435,C004,Panchayat S3,Series,15.0,30,50.0,Laptop,Free,Delhi,Tier 1,2024-01-04 10:00:00,OTT_APP
EVT_000180,U00487,C002,KBC Season 15,GameShow,15.0,60,25.0,Mobile,Basic,Chennai,Tier 1,2024-02-16 18:00:00,OTT_APP
EVT_000181,U00294,C004,Panchayat S3,Series,30.0,30,100.0,Smart TV,Premium,Chennai,Tier 1,2024-02-26 08:00:00,OTT_APP
EVT_000182,U00014,C004,Panchayat S3,Series,15.0,30,50.0,Smart TV,Annual,Chennai,Tier 1,2024-02-01 09:00:00,OTT_APP
EVT_000183,U00397,C005,Mirzapur S3,Thriller,27.5,55,50.0,Tablet,Annual,Hyderabad,Tier 2,2024-01-16 14:00:00,OTT_APP
EVT_000184,U00103,C002,KBC Season 15,GameShow,60.0,60,100.0,Mobile,Basic,Chennai,Tier 1,2024-03-29 21:00:00,OTT_APP
EVT_000185,U00342,C001,Anupamaa S1,Series,22.5,45,50.0,Tablet,Free,Bangalore,Tier 1,2024-01-12 16:00:00,OTT_APP
EVT_000186,U00407,C005,Mirzapur S3,Thriller,41.2,55,75.0,Tablet,Basic,Chennai,Tier 1,2024-01-21 11:00:00,OTT_APP
EVT_000187,U00014,C001,Anupamaa S1,Series,45.0,45,100.0,Tablet,Premium,Delhi,Tier 1,2024-01-31 21:00:00,OTT_APP
EVT_000188,U00034,C004,Panchayat S3,Series,30.0,30,100.0,Tablet,Annual,Hyderabad,Tier 2,2024-01-17 08:00:00,OTT_APP
EVT_000189,U00065,C004,Panchayat S3,Series,22.5,30,75.0,Tablet,Free,Bangalore,Tier 1,2024-03-14 08:00:00,OTT_APP
EVT_000190,,C004,Panchayat S3,Series,15.0,30,50.0,Smart TV,Basic,Hyderabad,Tier 2,2024-02-14 10:00:00,OTT_APP
EVT_000191,U00079,C004,Panchayat S3,Series,22.5,30,75.0,Tablet,Basic,Mumbai,Tier 1,2024-01-16 22:00:00,OTT_APP
EVT_000192,U00459,C002,KBC Season 15,GameShow,30.0,60,50.0,Tablet,Free,Delhi,Tier 1,2024-02-14 22:00:00,OTT_APP
EVT_000193,U00321,C003,IPL 2024 Final,Sports,52.5,210,25.0,Tablet,Free,Hyderabad,Tier 2,2024-02-05 10:00:00,OTT_APP
EVT_000194,U00088,C005,Mirzapur S3,Thriller,41.2,55,75.0,Tablet,Free,Hyderabad,Tier 2,2024-03-15 10:00:00,OTT_APP
EVT_000195,U00393,C001,Anupamaa S1,Series,11.2,45,25.0,Laptop,Free,Hyderabad,Tier 2,2024-02-03 12:00:00,OTT_APP
EVT_000196,,C004,Panchayat S3,Series,30.0,30,100.0,Smart TV,Annual,Hyderabad,Tier 2,2024-02-07 15:00:00,OTT_APP
EVT_000197,U00213,C003,IPL 2024 Final,Sports,105.0,210,50.0,Laptop,Annual,Mumbai,Tier 1,2024-01-21 20:00:00,OTT_APP
EVT_000198,U00376,C002,KBC Season 15,GameShow,30.0,60,50.0,Tablet,Annual,Delhi,Tier 1,2024-02-10 16:00:00,OTT_APP
EVT_000199,U00164,C002,KBC Season 15,GameShow,60.0,60,100.0,Smart TV,Annual,Hyderabad,Tier 2,2024-03-12 09:00:00,OTT_APP
EVT_000200,U00026,C001,Anupamaa S1,Series,22.5,45,50.0,Tablet,Annual,Delhi,Tier 1,2024-01-19 09:00:00,OTT_APP
EVT_000201,U00098,C005,Mirzapur S3,Thriller,27.5,55,50.0,Smart TV,Annual,Delhi,Tier 1,2024-02-11 16:00:00,OTT_APP
EVT_000202,U00047,C005,Mirzapur S3,Thriller,27.5,55,50.0,Laptop,Annual,Chennai,Tier 1,2024-03-04 06:00:00,OTT_APP
EVT_000203,U00145,C002,KBC Season 15,GameShow,30.0,60,50.0,Laptop,Annual,Chennai,Tier 1,2024-01-07 07:00:00,OTT_APP
EVT_000204,U00452,C003,IPL 2024 Final,Sports,157.5,210,75.0,Tablet,Premium,Mumbai,Tier 1,2024-02-25 10:00:00,OTT_APP
EVT_000205,U00100,C004,Panchayat S3,Series,15.0,30,50.0,Tablet,Premium,Bangalore,Tier 1,2024-01-07 23:00:00,OTT_APP
EVT_000206,U00423,C001,Anupamaa S1,Series,22.5,45,50.0,Mobile,Basic,Bangalore,Tier 1,2024-03-11 14:00:00,OTT_APP
EVT_000207,U00387,C001,Anupamaa S1,Series,22.5,45,50.0,Smart TV,Basic,Chennai,Tier 1,2024-03-12 17:00:00,OTT_APP
EVT_000208,U00020,C005,Mirzapur S3,Thriller,41.2,55,75.0,Smart TV,Premium,Hyderabad,Tier 2,2024-01-06 07:00:00,OTT_APP
EVT_000209,U00072,C004,Panchayat S3,Series,22.5,30,75.0,Tablet,Premium,Delhi,Tier 1,2024-03-18 22:00:00,OTT_APP
EVT_000210,U00260,C002,KBC Season 15,GameShow,30.0,60,50.0,Laptop,Premium,Hyderabad,Tier 2,2024-02-08 16:00:00,OTT_APP
EVT_000211,U00214,C004,Panchayat S3,Series,30.0,30,100.0,Tablet,Free,Chennai,Tier 1,2024-02-12 09:00:00,OTT_APP
EVT_000212,U00370,C005,Mirzapur S3,Thriller,27.5,55,50.0,Mobile,Annual,Hyderabad,Tier 2,2024-03-14 13:00:00,OTT_APP
EVT_000213,U00421,C002,KBC Season 15,GameShow,45.0,60,75.0,Smart TV,Free,Hyderabad,Tier 2,2024-02-18 10:00:00,OTT_APP
EVT_000214,U00226,C005,Mirzapur S3,Thriller,55.0,55,100.0,Tablet,Annual,Mumbai,Tier 1,2024-01-25 06:00:00,OTT_APP
EVT_000215,U00397,C002,KBC Season 15,GameShow,30.0,60,50.0,Laptop,Free,Delhi,Tier 1,2024-02-22 22:00:00,OTT_APP
EVT_000216,U00270,C002,KBC Season 15,GameShow,45.0,60,75.0,Laptop,Premium,Hyderabad,Tier 2,2024-02-11 21:00:00,OTT_APP
EVT_000217,U00182,C002,KBC Season 15,GameShow,30.0,60,50.0,Tablet,Annual,Hyderabad,Tier 2,2024-02-13 23:00:00,OTT_APP
EVT_000218,U00116,C002,KBC Season 15,GameShow,60.0,60,100.0,Tablet,Premium,Chennai,Tier 1,2024-03-12 15:00:00,OTT_APP
EVT_000219,,C002,KBC Season 15,GameShow,45.0,60,75.0,Tablet,Premium,Bangalore,Tier 1,2024-02-10 21:00:00,OTT_APP
EVT_000220,U00420,C001,Anupamaa S1,Series,33.8,45,75.0,Tablet,Basic,Hyderabad,Tier 2,2024-02-18 18:00:00,OTT_APP
EVT_000221,U00336,C003,IPL 2024 Final,Sports,52.5,210,25.0,Tablet,Annual,Mumbai,Tier 1,2024-02-14 20:00:00,OTT_APP
EVT_000222,U00357,C002,KBC Season 15,GameShow,30.0,60,50.0,Tablet,Basic,Hyderabad,Tier 2,2024-02-04 23:00:00,OTT_APP
EVT_000223,U00026,C001,Anupamaa S1,Series,33.8,45,75.0,Smart TV,Basic,Hyderabad,Tier 2,2024-01-31 13:00:00,OTT_APP
EVT_000224,U00349,C001,Anupamaa S1,Series,11.2,45,25.0,Smart TV,Free,Chennai,Tier 1,2024-03-01 09:00:00,OTT_APP
EVT_000225,U00245,C005,Mirzapur S3,Thriller,55.0,55,100.0,Smart TV,Premium,Delhi,Tier 1,2024-02-22 21:00:00,OTT_APP
EVT_000226,U00274,C003,IPL 2024 Final,Sports,105.0,210,50.0,Mobile,Basic,Mumbai,Tier 1,2024-01-12 13:00:00,OTT_APP
EVT_000227,U00404,C004,Panchayat S3,Series,30.0,30,100.0,Laptop,Basic,Delhi,Tier 1,2024-01-05 18:00:00,OTT_APP
EVT_000228,U00476,C003,IPL 2024 Final,Sports,210.0,210,100.0,Tablet,Premium,Mumbai,Tier 1,2024-02-08 09:00:00,OTT_APP
EVT_000229,U00456,C004,Panchayat S3,Series,30.0,30,100.0,Smart TV,Annual,Hyderabad,Tier 2,2024-03-08 21:00:00,OTT_APP
EVT_000230,U00375,C003,IPL 2024 Final,Sports,52.5,210,25.0,Laptop,Premium,Mumbai,Tier 1,2024-02-12 11:00:00,OTT_APP
EVT_000231,U00090,C002,KBC Season 15,GameShow,15.0,60,25.0,Laptop,Annual,Chennai,Tier 1,2024-02-07 12:00:00,OTT_APP
EVT_000232,U00095,C005,Mirzapur S3,Thriller,27.5,55,50.0,Smart TV,Annual,Bangalore,Tier 1,2024-03-26 09:00:00,OTT_APP
EVT_000233,U00121,C003,IPL 2024 Final,Sports,210.0,210,100.0,Laptop,Premium,Mumbai,Tier 1,2024-02-03 18:00:00,OTT_APP
EVT_000234,U00335,C003,IPL 2024 Final,Sports,105.0,210,50.0,Tablet,Basic,Hyderabad,Tier 2,2024-01-02 14:00:00,OTT_APP
EVT_000235,U00208,C001,Anupamaa S1,Series,33.8,45,75.0,Tablet,Free,Bangalore,Tier 1,2024-02-09 11:00:00,OTT_APP
EVT_000236,,C003,IPL 2024 Final,Sports,105.0,210,50.0,Smart TV,Annual,Delhi,Tier 1,2024-01-29 10:00:00,OTT_APP
EVT_000237,U00411,C005,Mirzapur S3,Thriller,27.5,55,50.0,Smart TV,Basic,Hyderabad,Tier 2,2024-03-01 23:00:00,OTT_APP
EVT_000238,U00271,C005,Mirzapur S3,Thriller,55.0,55,100.0,Tablet,Free,Mumbai,Tier 1,2024-03-08 20:00:00,OTT_APP
EVT_000239,U00294,C005,Mirzapur S3,Thriller,13.8,55,25.0,Smart TV,Basic,Hyderabad,Tier 2,2024-03-05 12:00:00,OTT_APP
EVT_000240,U00368,C003,IPL 2024 Final,Sports,210.0,210,100.0,Laptop,Free,Bangalore,Tier 1,2024-01-15 12:00:00,OTT_APP
EVT_000241,U00263,C005,Mirzapur S3,Thriller,27.5,55,50.0,Laptop,Annual,Mumbai,Tier 1,2024-02-28 10:00:00,OTT_APP
EVT_000242,U00371,C005,Mirzapur S3,Thriller,13.8,55,25.0,Mobile,Annual,Bangalore,Tier 1,2024-03-27 15:00:00,OTT_APP
EVT_000243,U00024,C003,IPL 2024 Final,Sports,210.0,210,100.0,Laptop,Premium,Delhi,Tier 1,2024-03-15 08:00:00,OTT_APP
EVT_000244,,C001,Anupamaa S1,Series,33.8,45,75.0,Tablet,Annual,Mumbai,Tier 1,2024-01-09 21:00:00,OTT_APP
EVT_000245,U00230,C002,KBC Season 15,GameShow,60.0,60,100.0,Laptop,Annual,Bangalore,Tier 1,2024-02-17 18:00:00,OTT_APP
EVT_000246,U00061,C001,Anupamaa S1,Series,33.8,45,75.0,Smart TV,Annual,Hyderabad,Tier 2,2024-01-18 17:00:00,OTT_APP
EVT_000247,U00153,C005,Mirzapur S3,Thriller,13.8,55,25.0,Laptop,Annual,Delhi,Tier 1,2024-01-01 06:00:00,OTT_APP
EVT_000248,,C005,Mirzapur S3,Thriller,27.5,55,50.0,Smart TV,Premium,Delhi,Tier 1,2024-02-01 20:00:00,OTT_APP
EVT_000249,U00315,C002,KBC Season 15,GameShow,60.0,60,100.0,Mobile,Basic,Mumbai,Tier 1,2024-01-05 19:00:00,OTT_APP
EVT_000250,U00307,C002,KBC Season 15,GameShow,15.0,60,25.0,Mobile,Basic,Hyderabad,Tier 2,2024-01-05 20:00:00,OTT_APP
EVT_000251,U00387,C001,Anupamaa S1,Series,22.5,45,50.0,Mobile,Basic,Delhi,Tier 1,2024-03-10 12:00:00,OTT_APP
EVT_000252,U00296,C005,Mirzapur S3,Thriller,55.0,55,100.0,Tablet,Basic,Delhi,Tier 1,2024-03-14 16:00:00,OTT_APP
EVT_000253,U00154,C003,IPL 2024 Final,Sports,210.0,210,100.0,Tablet,Free,Hyderabad,Tier 2,2024-01-29 19:00:00,OTT_APP
EVT_000254,U00285,C005,Mirzapur S3,Thriller,55.0,55,100.0,Laptop,Free,Delhi,Tier 1,2024-03-21 19:00:00,OTT_APP
EVT_000255,U00357,C003,IPL 2024 Final,Sports,210.0,210,100.0,Laptop,Annual,Bangalore,Tier 1,2024-03-08 16:00:00,OTT_APP
EVT_000256,U00124,C002,KBC Season 15,GameShow,30.0,60,50.0,Smart TV,Premium,Delhi,Tier 1,2024-03-09 21:00:00,OTT_APP
EVT_000257,U00496,C002,KBC Season 15,GameShow,60.0,60,100.0,Laptop,Basic,Mumbai,Tier 1,2024-03-12 19:00:00,OTT_APP
EVT_000258,U00473,C004,Panchayat S3,Series,15.0,30,50.0,Laptop,Premium,Delhi,Tier 1,2024-02-12 08:00:00,OTT_APP
EVT_000259,U00194,C001,Anupamaa S1,Series,33.8,45,75.0,Mobile,Free,Delhi,Tier 1,2024-01-07 14:00:00,OTT_APP
EVT_000260,U00112,C002,KBC Season 15,GameShow,60.0,60,100.0,Laptop,Basic,Hyderabad,Tier 2,2024-03-26 23:00:00,OTT_APP
EVT_000261,U00493,C003,IPL 2024 Final,Sports,105.0,210,50.0,Mobile,Annual,Mumbai,Tier 1,2024-01-28 12:00:00,OTT_APP
EVT_000262,U00283,C002,KBC Season 15,GameShow,45.0,60,75.0,Tablet,Premium,Delhi,Tier 1,2024-02-20 13:00:00,OTT_APP
EVT_000263,U00185,C004,Panchayat S3,Series,15.0,30,50.0,Laptop,Annual,Chennai,Tier 1,2024-02-09 14:00:00,OTT_APP
EVT_000264,,C001,Anupamaa S1,Series,45.0,45,100.0,Tablet,Annual,Bangalore,Tier 1,2024-02-10 12:00:00,OTT_APP
EVT_000265,U00134,C001,Anupamaa S1,Series,33.8,45,75.0,Laptop,Premium,Delhi,Tier 1,2024-01-19 06:00:00,OTT_APP
EVT_000266,U00256,C002,KBC Season 15,GameShow,15.0,60,25.0,Tablet,Premium,Delhi,Tier 1,2024-02-18 13:00:00,OTT_APP
EVT_000267,U00376,C004,Panchayat S3,Series,30.0,30,100.0,Tablet,Basic,Bangalore,Tier 1,2024-02-28 11:00:00,OTT_APP
EVT_000268,U00329,C002,KBC Season 15,GameShow,45.0,60,75.0,Mobile,Free,Bangalore,Tier 1,2024-01-24 23:00:00,OTT_APP
EVT_000269,U00071,C001,Anupamaa S1,Series,45.0,45,100.0,Smart TV,Free,Mumbai,Tier 1,2024-01-01 19:00:00,OTT_APP
EVT_000270,U00031,C002,KBC Season 15,GameShow,15.0,60,25.0,Laptop,Annual,Hyderabad,Tier 2,2024-02-28 17:00:00,OTT_APP
EVT_000271,U00009,C001,Anupamaa S1,Series,11.2,45,25.0,Tablet,Premium,Hyderabad,Tier 2,2024-02-22 06:00:00,OTT_APP
EVT_000272,U00471,C001,Anupamaa S1,Series,33.8,45,75.0,Mobile,Basic,Bangalore,Tier 1,2024-01-23 09:00:00,OTT_APP
EVT_000273,U00137,C002,KBC Season 15,GameShow,15.0,60,25.0,Laptop,Free,Hyderabad,Tier 2,2024-02-02 17:00:00,OTT_APP
EVT_000274,U00357,C003,IPL 2024 Final,Sports,210.0,210,100.0,Smart TV,Premium,Bangalore,Tier 1,2024-03-13 13:00:00,OTT_APP
EVT_000275,U00195,C001,Anupamaa S1,Series,33.8,45,75.0,Laptop,Annual,Mumbai,Tier 1,2024-01-12 18:00:00,OTT_APP
EVT_000276,U00433,C001,Anupamaa S1,Series,33.8,45,75.0,Laptop,Premium,Delhi,Tier 1,2024-01-11 21:00:00,OTT_APP
EVT_000277,U00118,C005,Mirzapur S3,Thriller,55.0,55,100.0,Smart TV,Annual,Mumbai,Tier 1,2024-03-08 07:00:00,OTT_APP
EVT_000278,U00461,C003,IPL 2024 Final,Sports,52.5,210,25.0,Mobile,Basic,Mumbai,Tier 1,2024-03-28 14:00:00,OTT_APP
EVT_000279,,C003,IPL 2024 Final,Sports,52.5,210,25.0,Laptop,Free,Delhi,Tier 1,2024-03-16 10:00:00,OTT_APP
EVT_000280,U00347,C003,IPL 2024 Final,Sports,52.5,210,25.0,Tablet,Annual,Delhi,Tier 1,2024-03-13 18:00:00,OTT_APP
EVT_000281,U00028,C002,KBC Season 15,GameShow,60.0,60,100.0,Mobile,Annual,Mumbai,Tier 1,2024-03-05 17:00:00,OTT_APP
EVT_000282,U00497,C002,KBC Season 15,GameShow,60.0,60,100.0,Tablet,Free,Chennai,Tier 1,2024-03-18 18:00:00,OTT_APP
EVT_000283,U00183,C003,IPL 2024 Final,Sports,210.0,210,100.0,Laptop,Annual,Bangalore,Tier 1,2024-03-03 13:00:00,OTT_APP
EVT_000284,U00409,C002,KBC Season 15,GameShow,45.0,60,75.0,Smart TV,Free,Bangalore,Tier 1,2024-01-11 15:00:00,OTT_APP
EVT_000285,U00379,C001,Anupamaa S1,Series,22.5,45,50.0,Laptop,Premium,Bangalore,Tier 1,2024-03-22 10:00:00,OTT_APP
EVT_000286,U00185,C003,IPL 2024 Final,Sports,52.5,210,25.0,Tablet,Free,Mumbai,Tier 1,2024-02-09 20:00:00,OTT_APP
EVT_000287,U00285,C002,KBC Season 15,GameShow,15.0,60,25.0,Laptop,Free,Bangalore,Tier 1,2024-02-27 23:00:00,OTT_APP
EVT_000288,U00443,C001,Anupamaa S1,Series,11.2,45,25.0,Laptop,Free,Hyderabad,Tier 2,2024-01-12 16:00:00,OTT_APP
EVT_000289,U00293,C003,IPL 2024 Final,Sports,105.0,210,50.0,Smart TV,Annual,Mumbai,Tier 1,2024-03-12 13:00:00,OTT_APP
EVT_000290,U00075,C002,KBC Season 15,GameShow,15.0,60,25.0,Mobile,Basic,Chennai,Tier 1,2024-02-04 21:00:00,OTT_APP
EVT_000291,U00185,C004,Panchayat S3,Series,15.0,30,50.0,Tablet,Basic,Chennai,Tier 1,2024-03-02 08:00:00,OTT_APP
EVT_000292,U00070,C004,Panchayat S3,Series,22.5,30,75.0,Tablet,Free,Delhi,Tier 1,2024-02-28 09:00:00,OTT_APP
EVT_000293,U00226,C004,Panchayat S3,Series,15.0,30,50.0,Tablet,Annual,Hyderabad,Tier 2,2024-02-18 16:00:00,OTT_APP
EVT_000294,U00246,C005,Mirzapur S3,Thriller,13.8,55,25.0,Tablet,Basic,Chennai,Tier 1,2024-03-18 12:00:00,OTT_APP
EVT_000295,U00496,C004,Panchayat S3,Series,30.0,30,100.0,Smart TV,Premium,Chennai,Tier 1,2024-03-29 21:00:00,OTT_APP
EVT_000296,U00478,C004,Panchayat S3,Series,15.0,30,50.0,Smart TV,Basic,Bangalore,Tier 1,2024-02-16 09:00:00,OTT_APP
EVT_000297,U00225,C005,Mirzapur S3,Thriller,13.8,55,25.0,Tablet,Free,Bangalore,Tier 1,2024-03-31 12:00:00,OTT_APP
EVT_000298,U00124,C004,Panchayat S3,Series,22.5,30,75.0,Tablet,Basic,Delhi,Tier 1,2024-03-22 15:00:00,OTT_APP
EVT_000299,U00299,C004,Panchayat S3,Series,30.0,30,100.0,Laptop,Annual,Mumbai,Tier 1,2024-02-27 21:00:00,OTT_APP
EVT_000300,U00305,C005,Mirzapur S3,Thriller,13.8,55,25.0,Mobile,Free,Chennai,Tier 1,2024-03-30 23:00:00,OTT_APP
EVT_000301,U00289,C002,KBC Season 15,GameShow,45.0,60,75.0,Laptop,Premium,Chennai,Tier 1,2024-01-22 07:00:00,OTT_APP
EVT_000302,U00262,C004,Panchayat S3,Series,7.5,30,25.0,Smart TV,Annual,Mumbai,Tier 1,2024-02-03 13:00:00,OTT_APP
EVT_000303,U00078,C003,IPL 2024 Final,Sports,105.0,210,50.0,Tablet,Free,Hyderabad,Tier 2,2024-03-29 22:00:00,OTT_APP
EVT_000304,U00426,C004,Panchayat S3,Series,7.5,30,25.0,Smart TV,Premium,Bangalore,Tier 1,2024-01-11 09:00:00,OTT_APP
EVT_000305,U00179,C003,IPL 2024 Final,Sports,105.0,210,50.0,Laptop,Free,Delhi,Tier 1,2024-03-07 21:00:00,OTT_APP
EVT_000306,U00154,C004,Panchayat S3,Series,22.5,30,75.0,Mobile,Free,Bangalore,Tier 1,2024-02-10 08:00:00,OTT_APP
EVT_000307,,C001,Anupamaa S1,Series,45.0,45,100.0,Smart TV,Basic,Mumbai,Tier 1,2024-03-27 11:00:00,OTT_APP
EVT_000308,U00119,C005,Mirzapur S3,Thriller,13.8,55,25.0,Laptop,Basic,Hyderabad,Tier 2,2024-02-24 20:00:00,OTT_APP
EVT_000309,,C002,KBC Season 15,GameShow,45.0,60,75.0,Smart TV,Annual,Bangalore,Tier 1,2024-02-20 06:00:00,OTT_APP
EVT_000310,U00106,C005,Mirzapur S3,Thriller,27.5,55,50.0,Tablet,Free,Mumbai,Tier 1,2024-03-31 12:00:00,OTT_APP
EVT_000311,U00167,C005,Mirzapur S3,Thriller,13.8,55,25.0,Smart TV,Annual,Hyderabad,Tier 2,2024-01-24 17:00:00,OTT_APP
EVT_000312,U00306,C001,Anupamaa S1,Series,22.5,45,50.0,Laptop,Annual,Bangalore,Tier 1,2024-03-08 16:00:00,OTT_APP
EVT_000313,U00417,C005,Mirzapur S3,Thriller,13.8,55,25.0,Tablet,Free,Chennai,Tier 1,2024-02-28 11:00:00,OTT_APP
EVT_000314,U00094,C002,KBC Season 15,GameShow,30.0,60,50.0,Tablet,Basic,Delhi,Tier 1,2024-02-09 09:00:00,OTT_APP
EVT_000315,U00217,C005,Mirzapur S3,Thriller,27.5,55,50.0,Smart TV,Annual,Hyderabad,Tier 2,2024-01-18 18:00:00,OTT_APP
EVT_000316,U00251,C005,Mirzapur S3,Thriller,41.2,55,75.0,Tablet,Basic,Delhi,Tier 1,2024-03-12 11:00:00,OTT_APP
EVT_000317,U00444,C002,KBC Season 15,GameShow,30.0,60,50.0,Tablet,Free,Bangalore,Tier 1,2024-03-20 07:00:00,OTT_APP
EVT_000318,U00335,C004,Panchayat S3,Series,7.5,30,25.0,Laptop,Annual,Bangalore,Tier 1,2024-03-12 22:00:00,OTT_APP
EVT_000319,,C004,Panchayat S3,Series,15.0,30,50.0,Mobile,Basic,Bangalore,Tier 1,2024-03-03 11:00:00,OTT_APP
EVT_000320,U00087,C003,IPL 2024 Final,Sports,52.5,210,25.0,Laptop,Annual,Delhi,Tier 1,2024-03-09 15:00:00,OTT_APP
EVT_000321,U00397,C005,Mirzapur S3,Thriller,41.2,55,75.0,Tablet,Free,Hyderabad,Tier 2,2024-01-15 14:00:00,OTT_APP
EVT_000322,U00153,C004,Panchayat S3,Series,22.5,30,75.0,Mobile,Annual,Bangalore,Tier 1,2024-01-14 13:00:00,OTT_APP
EVT_000323,U00398,C003,IPL 2024 Final,Sports,105.0,210,50.0,Smart TV,Basic,Mumbai,Tier 1,2024-02-26 09:00:00,OTT_APP
EVT_000324,U00085,C005,Mirzapur S3,Thriller,41.2,55,75.0,Smart TV,Basic,Hyderabad,Tier 2,2024-03-21 19:00:00,OTT_APP
EVT_000325,U00144,C002,KBC Season 15,GameShow,60.0,60,100.0,Smart TV,Premium,Hyderabad,Tier 2,2024-02-14 23:00:00,OTT_APP
EVT_000326,U00070,C003,IPL 2024 Final,Sports,105.0,210,50.0,Laptop,Free,Chennai,Tier 1,2024-03-06 09:00:00,OTT_APP
EVT_000327,U00128,C003,IPL 2024 Final,Sports,210.0,210,100.0,Smart TV,Premium,Delhi,Tier 1,2024-03-30 10:00:00,OTT_APP
EVT_000328,U00296,C002,KBC Season 15,GameShow,60.0,60,100.0,Tablet,Annual,Bangalore,Tier 1,2024-03-03 10:00:00,OTT_APP
EVT_000329,U00384,C004,Panchayat S3,Series,15.0,30,50.0,Tablet,Premium,Mumbai,Tier 1,2024-02-21 22:00:00,OTT_APP
EVT_000330,U00445,C004,Panchayat S3,Series,30.0,30,100.0,Mobile,Annual,Chennai,Tier 1,2024-03-15 06:00:00,OTT_APP
EVT_000331,U00496,C003,IPL 2024 Final,Sports,210.0,210,100.0,Laptop,Basic,Hyderabad,Tier 2,2024-02-20 12:00:00,OTT_APP
EVT_000332,U00296,C004,Panchayat S3,Series,15.0,30,50.0,Smart TV,Annual,Chennai,Tier 1,2024-02-13 23:00:00,OTT_APP
EVT_000333,U00321,C003,IPL 2024 Final,Sports,210.0,210,100.0,Laptop,Free,Mumbai,Tier 1,2024-01-06 09:00:00,OTT_APP
EVT_000334,U00001,C001,Anupamaa S1,Series,45.0,45,100.0,Laptop,Basic,Delhi,Tier 1,2024-02-26 20:00:00,OTT_APP
EVT_000335,U00048,C002,KBC Season 15,GameShow,60.0,60,100.0,Tablet,Premium,Chennai,Tier 1,2024-01-21 14:00:00,OTT_APP
EVT_000336,U00321,C001,Anupamaa S1,Series,22.5,45,50.0,Tablet,Basic,Delhi,Tier 1,2024-01-07 18:00:00,OTT_APP
EVT_000337,U00245,C004,Panchayat S3,Series,22.5,30,75.0,Mobile,Basic,Mumbai,Tier 1,2024-01-01 12:00:00,OTT_APP
EVT_000338,,C005,Mirzapur S3,Thriller,27.5,55,50.0,Tablet,Free,Bangalore,Tier 1,2024-01-02 06:00:00,OTT_APP
EVT_000339,U00197,C004,Panchayat S3,Series,22.5,30,75.0,Mobile,Free,Bangalore,Tier 1,2024-01-10 13:00:00,OTT_APP
EVT_000340,U00397,C001,Anupamaa S1,Series,22.5,45,50.0,Smart TV,Basic,Chennai,Tier 1,2024-01-18 18:00:00,OTT_APP
EVT_000341,U00226,C001,Anupamaa S1,Series,33.8,45,75.0,Tablet,Basic,Mumbai,Tier 1,2024-03-19 11:00:00,OTT_APP
EVT_000342,U00441,C002,KBC Season 15,GameShow,60.0,60,100.0,Smart TV,Free,Hyderabad,Tier 2,2024-03-28 20:00:00,OTT_APP
EVT_000343,U00180,C001,Anupamaa S1,Series,11.2,45,25.0,Laptop,Premium,Mumbai,Tier 1,2024-03-16 18:00:00,OTT_APP
EVT_000344,,C002,KBC Season 15,GameShow,30.0,60,50.0,Tablet,Free,Mumbai,Tier 1,2024-02-01 23:00:00,OTT_APP
EVT_000345,U00383,C003,IPL 2024 Final,Sports,105.0,210,50.0,Laptop,Premium,Hyderabad,Tier 2,2024-03-06 12:00:00,OTT_APP
EVT_000346,U00058,C001,Anupamaa S1,Series,45.0,45,100.0,Smart TV,Annual,Delhi,Tier 1,2024-03-04 18:00:00,OTT_APP
EVT_000347,U00068,C005,Mirzapur S3,Thriller,13.8,55,25.0,Laptop,Annual,Mumbai,Tier 1,2024-02-16 16:00:00,OTT_APP
EVT_000348,U00009,C003,IPL 2024 Final,Sports,157.5,210,75.0,Mobile,Free,Delhi,Tier 1,2024-03-01 08:00:00,OTT_APP
EVT_000349,U00147,C003,IPL 2024 Final,Sports,105.0,210,50.0,Laptop,Annual,Mumbai,Tier 1,2024-02-20 22:00:00,OTT_APP
EVT_000350,U00143,C004,Panchayat S3,Series,7.5,30,25.0,Mobile,Premium,Hyderabad,Tier 2,2024-03-09 10:00:00,OTT_APP
EVT_000351,U00168,C001,Anupamaa S1,Series,33.8,45,75.0,Laptop,Free,Delhi,Tier 1,2024-01-20 23:00:00,OTT_APP
EVT_000352,U00045,C003,IPL 2024 Final,Sports,157.5,210,75.0,Laptop,Free,Delhi,Tier 1,2024-01-08 13:00:00,OTT_APP
EVT_000353,U00062,C004,Panchayat S3,Series,22.5,30,75.0,Mobile,Basic,Mumbai,Tier 1,2024-02-09 11:00:00,OTT_APP
EVT_000354,,C001,Anupamaa S1,Series,11.2,45,25.0,Tablet,Basic,Chennai,Tier 1,2024-03-07 22:00:00,OTT_APP
EVT_000355,U00172,C003,IPL 2024 Final,Sports,52.5,210,25.0,Laptop,Premium,Chennai,Tier 1,2024-01-16 06:00:00,OTT_APP
EVT_000356,U00255,C005,Mirzapur S3,Thriller,110.0,55,25.0,Laptop,Premium,Hyderabad,Tier 2,2024-03-21 08:00:00,OTT_APP
EVT_000357,U00081,C001,Anupamaa S1,Series,22.5,45,50.0,Tablet,Free,Hyderabad,Tier 2,2024-01-22 17:00:00,OTT_APP
EVT_000358,U00002,C005,Mirzapur S3,Thriller,41.2,55,75.0,Mobile,Free,Mumbai,Tier 1,2024-01-30 22:00:00,OTT_APP
EVT_000359,U00092,C002,KBC Season 15,GameShow,15.0,60,25.0,Mobile,Annual,Chennai,Tier 1,2024-02-19 10:00:00,OTT_APP
EVT_000360,U00423,C002,KBC Season 15,GameShow,30.0,60,50.0,Mobile,Premium,Bangalore,Tier 1,2024-02-10 14:00:00,OTT_APP
EVT_000361,U00412,C001,Anupamaa S1,Series,33.8,45,75.0,Mobile,Annual,Mumbai,Tier 1,2024-01-23 13:00:00,OTT_APP
EVT_000362,U00045,C001,Anupamaa S1,Series,45.0,45,100.0,Laptop,Free,Chennai,Tier 1,2024-02-09 16:00:00,OTT_APP
EVT_000363,U00238,C003,IPL 2024 Final,Sports,105.0,210,50.0,Tablet,Annual,Hyderabad,Tier 2,2024-02-08 13:00:00,OTT_APP
EVT_000364,U00004,C002,KBC Season 15,GameShow,45.0,60,75.0,Laptop,Free,Hyderabad,Tier 2,2024-02-01 10:00:00,OTT_APP
EVT_000365,U00389,C002,KBC Season 15,GameShow,45.0,60,75.0,Laptop,Premium,Mumbai,Tier 1,2024-02-12 06:00:00,OTT_APP
EVT_000366,U00493,C001,Anupamaa S1,Series,22.5,45,50.0,Mobile,Basic,Delhi,Tier 1,2024-02-23 21:00:00,OTT_APP
EVT_000367,,C003,IPL 2024 Final,Sports,52.5,210,25.0,Tablet,Annual,Delhi,Tier 1,2024-03-07 19:00:00,OTT_APP
EVT_000368,U00039,C001,Anupamaa S1,Series,33.8,45,75.0,Mobile,Annual,Hyderabad,Tier 2,2024-01-18 18:00:00,OTT_APP
EVT_000369,U00359,C002,KBC Season 15,GameShow,30.0,60,50.0,Tablet,Premium,Chennai,Tier 1,2024-02-10 18:00:00,OTT_APP
EVT_000370,U00400,C004,Panchayat S3,Series,15.0,30,50.0,Mobile,Basic,Mumbai,Tier 1,2024-01-26 10:00:00,OTT_APP
EVT_000371,U00062,C001,Anupamaa S1,Series,11.2,45,25.0,Tablet,Basic,Bangalore,Tier 1,2024-02-10 19:00:00,OTT_APP
EVT_000372,U00081,C004,Panchayat S3,Series,15.0,30,50.0,Tablet,Free,Chennai,Tier 1,2024-01-16 08:00:00,OTT_APP
EVT_000373,,C002,KBC Season 15,GameShow,60.0,60,100.0,Smart TV,Premium,Chennai,Tier 1,2024-01-19 08:00:00,OTT_APP
EVT_000374,U00016,C004,Panchayat S3,Series,22.5,30,75.0,Laptop,Annual,Chennai,Tier 1,2024-02-03 11:00:00,OTT_APP
EVT_000375,U00053,C005,Mirzapur S3,Thriller,110.0,55,75.0,Smart TV,Free,Delhi,Tier 1,2024-01-13 20:00:00,OTT_APP
EVT_000376,U00422,C001,Anupamaa S1,Series,11.2,45,25.0,Laptop,Premium,Delhi,Tier 1,2024-01-17 12:00:00,OTT_APP
EVT_000377,U00034,C001,Anupamaa S1,Series,33.8,45,75.0,Smart TV,Annual,Chennai,Tier 1,2024-01-10 06:00:00,OTT_APP
EVT_000378,U00483,C002,KBC Season 15,GameShow,15.0,60,25.0,Laptop,Free,Chennai,Tier 1,2024-01-16 07:00:00,OTT_APP
EVT_000379,U00016,C002,KBC Season 15,GameShow,60.0,60,100.0,Laptop,Annual,Bangalore,Tier 1,2024-02-20 21:00:00,OTT_APP
EVT_000380,U00229,C002,KBC Season 15,GameShow,30.0,60,50.0,Smart TV,Free,Delhi,Tier 1,2024-02-05 14:00:00,OTT_APP
EVT_000381,U00256,C005,Mirzapur S3,Thriller,41.2,55,75.0,Laptop,Annual,Delhi,Tier 1,2024-03-23 15:00:00,OTT_APP
EVT_000382,U00103,C001,Anupamaa S1,Series,11.2,45,25.0,Smart TV,Free,Bangalore,Tier 1,2024-01-18 19:00:00,OTT_APP
EVT_000383,U00401,C004,Panchayat S3,Series,30.0,30,100.0,Laptop,Premium,Chennai,Tier 1,2024-03-02 23:00:00,OTT_APP
EVT_000384,U00014,C005,Mirzapur S3,Thriller,41.2,55,75.0,Tablet,Basic,Bangalore,Tier 1,2024-02-04 11:00:00,OTT_APP
EVT_000385,U00272,C001,Anupamaa S1,Series,45.0,45,100.0,Tablet,Basic,Chennai,Tier 1,2024-01-08 21:00:00,OTT_APP
EVT_000386,U00418,C002,KBC Season 15,GameShow,15.0,60,25.0,Mobile,Basic,Delhi,Tier 1,2024-02-04 23:00:00,OTT_APP
EVT_000387,U00091,C005,Mirzapur S3,Thriller,55.0,55,100.0,Smart TV,Premium,Bangalore,Tier 1,2024-02-15 11:00:00,OTT_APP
EVT_000388,U00486,C003,IPL 2024 Final,Sports,210.0,210,100.0,Smart TV,Basic,Mumbai,Tier 1,2024-03-31 17:00:00,OTT_APP
EVT_000389,U00047,C004,Panchayat S3,Series,22.5,30,75.0,Mobile,Basic,Delhi,Tier 1,2024-03-03 07:00:00,OTT_APP
EVT_000390,U00170,C005,Mirzapur S3,Thriller,110.0,55,50.0,Smart TV,Basic,Hyderabad,Tier 2,2024-03-02 06:00:00,OTT_APP
EVT_000391,,C003,IPL 2024 Final,Sports,157.5,210,75.0,Smart TV,Free,Chennai,Tier 1,2024-01-08 06:00:00,OTT_APP
EVT_000392,U00301,C005,Mirzapur S3,Thriller,55.0,55,100.0,Mobile,Premium,Mumbai,Tier 1,2024-02-17 18:00:00,OTT_APP
EVT_000393,U00333,C003,IPL 2024 Final,Sports,105.0,210,50.0,Tablet,Basic,Delhi,Tier 1,2024-02-25 21:00:00,OTT_APP
EVT_000394,U00341,C005,Mirzapur S3,Thriller,41.2,55,75.0,Smart TV,Annual,Hyderabad,Tier 2,2024-02-15 13:00:00,OTT_APP
EVT_000395,U00374,C003,IPL 2024 Final,Sports,157.5,210,75.0,Mobile,Annual,Chennai,Tier 1,2024-01-17 11:00:00,OTT_APP
EVT_000396,U00328,C005,Mirzapur S3,Thriller,13.8,55,25.0,Mobile,Annual,Hyderabad,Tier 2,2024-02-10 13:00:00,OTT_APP
EVT_000397,U00164,C002,KBC Season 15,GameShow,30.0,60,50.0,Smart TV,Free,Mumbai,Tier 1,2024-01-31 17:00:00,OTT_APP
EVT_000398,U00355,C003,IPL 2024 Final,Sports,105.0,210,50.0,Mobile,Premium,Chennai,Tier 1,2024-01-27 13:00:00,OTT_APP
EVT_000399,U00225,C003,IPL 2024 Final,Sports,210.0,210,100.0,Laptop,Basic,Mumbai,Tier 1,2024-01-07 18:00:00,OTT_APP
EVT_000400,U00193,C004,Panchayat S3,Series,15.0,30,50.0,Mobile,Annual,Bangalore,Tier 1,2024-02-14 23:00:00,OTT_APP
EVT_000401,U00038,C005,Mirzapur S3,Thriller,41.2,55,75.0,Mobile,Premium,Delhi,Tier 1,2024-01-21 20:00:00,OTT_APP
EVT_000402,U00088,C001,Anupamaa S1,Series,22.5,45,50.0,Laptop,Basic,Mumbai,Tier 1,2024-01-10 16:00:00,OTT_APP
EVT_000403,U00361,C001,Anupamaa S1,Series,33.8,45,75.0,Mobile,Annual,Mumbai,Tier 1,2024-02-13 21:00:00,OTT_APP
EVT_000404,U00052,C002,KBC Season 15,GameShow,45.0,60,75.0,Tablet,Basic,Bangalore,Tier 1,2024-01-21 07:00:00,OTT_APP
EVT_000405,U00339,C002,KBC Season 15,GameShow,30.0,60,50.0,Tablet,Premium,Hyderabad,Tier 2,2024-03-10 14:00:00,OTT_APP
EVT_000406,U00431,C002,KBC Season 15,GameShow,15.0,60,25.0,Laptop,Basic,Bangalore,Tier 1,2024-03-14 23:00:00,OTT_APP
EVT_000407,,C001,Anupamaa S1,Series,22.5,45,50.0,Laptop,Basic,Bangalore,Tier 1,2024-01-12 15:00:00,OTT_APP
EVT_000408,U00042,C001,Anupamaa S1,Series,11.2,45,25.0,Laptop,Free,Delhi,Tier 1,2024-03-22 15:00:00,OTT_APP
EVT_000409,U00047,C003,IPL 2024 Final,Sports,210.0,210,100.0,Laptop,Basic,Bangalore,Tier 1,2024-03-03 14:00:00,OTT_APP
EVT_000410,U00023,C003,IPL 2024 Final,Sports,210.0,210,100.0,Tablet,Annual,Chennai,Tier 1,2024-01-24 20:00:00,OTT_APP
EVT_000411,U00078,C004,Panchayat S3,Series,15.0,30,50.0,Mobile,Free,Chennai,Tier 1,2024-03-13 07:00:00,OTT_APP
EVT_000412,U00284,C003,IPL 2024 Final,Sports,210.0,210,100.0,Mobile,Annual,Bangalore,Tier 1,2024-03-16 13:00:00,OTT_APP
EVT_000413,U00294,C005,Mirzapur S3,Thriller,27.5,55,50.0,Smart TV,Annual,Hyderabad,Tier 2,2024-03-28 21:00:00,OTT_APP
EVT_000414,U00410,C003,IPL 2024 Final,Sports,52.5,210,25.0,Smart TV,Free,Mumbai,Tier 1,2024-03-05 22:00:00,OTT_APP
EVT_000415,U00065,C004,Panchayat S3,Series,7.5,30,25.0,Mobile,Annual,Delhi,Tier 1,2024-01-28 12:00:00,OTT_APP
EVT_000416,U00428,C001,Anupamaa S1,Series,45.0,45,100.0,Tablet,Premium,Bangalore,Tier 1,2024-01-26 10:00:00,OTT_APP
EVT_000417,U00167,C001,Anupamaa S1,Series,11.2,45,25.0,Tablet,Annual,Hyderabad,Tier 2,2024-02-20 23:00:00,OTT_APP
EVT_000418,U00401,C001,Anupamaa S1,Series,45.0,45,100.0,Laptop,Free,Hyderabad,Tier 2,2024-03-16 22:00:00,OTT_APP
EVT_000419,U00474,C004,Panchayat S3,Series,7.5,30,25.0,Mobile,Free,Hyderabad,Tier 2,2024-03-16 09:00:00,OTT_APP
EVT_000420,U00197,C003,IPL 2024 Final,Sports,210.0,210,100.0,Laptop,Annual,Chennai,Tier 1,2024-02-22 14:00:00,OTT_APP
EVT_000421,U00020,C001,Anupamaa S1,Series,11.2,45,25.0,Laptop,Premium,Bangalore,Tier 1,2024-01-19 18:00:00,OTT_APP
EVT_000422,U00011,C002,KBC Season 15,GameShow,15.0,60,25.0,Tablet,Premium,Bangalore,Tier 1,2024-02-04 17:00:00,OTT_APP
EVT_000423,U00498,C003,IPL 2024 Final,Sports,105.0,210,50.0,Smart TV,Basic,Bangalore,Tier 1,2024-03-30 09:00:00,OTT_APP
EVT_000424,U00374,C003,IPL 2024 Final,Sports,210.0,210,100.0,Laptop,Free,Bangalore,Tier 1,2024-02-11 14:00:00,OTT_APP
EVT_000425,U00445,C002,KBC Season 15,GameShow,30.0,60,50.0,Tablet,Free,Bangalore,Tier 1,2024-03-03 22:00:00,OTT_APP
EVT_000426,U00207,C005,Mirzapur S3,Thriller,55.0,55,100.0,Smart TV,Free,Mumbai,Tier 1,2024-02-09 22:00:00,OTT_APP
EVT_000427,U00017,C002,KBC Season 15,GameShow,15.0,60,25.0,Laptop,Free,Delhi,Tier 1,2024-01-08 13:00:00,OTT_APP
EVT_000428,U00259,C003,IPL 2024 Final,Sports,157.5,210,75.0,Laptop,Free,Chennai,Tier 1,2024-02-17 20:00:00,OTT_APP
EVT_000429,U00091,C001,Anupamaa S1,Series,22.5,45,50.0,Laptop,Premium,Bangalore,Tier 1,2024-03-17 20:00:00,OTT_APP
EVT_000430,U00146,C003,IPL 2024 Final,Sports,52.5,210,25.0,Mobile,Annual,Chennai,Tier 1,2024-03-29 08:00:00,OTT_APP
EVT_000431,U00332,C001,Anupamaa S1,Series,11.2,45,25.0,Smart TV,Basic,Hyderabad,Tier 2,2024-01-28 13:00:00,OTT_APP
EVT_000432,U00243,C003,IPL 2024 Final,Sports,157.5,210,75.0,Smart TV,Basic,Hyderabad,Tier 2,2024-01-03 06:00:00,OTT_APP
EVT_000433,U00365,C005,Mirzapur S3,Thriller,55.0,55,100.0,Tablet,Annual,Delhi,Tier 1,2024-02-02 15:00:00,OTT_APP
EVT_000434,U00239,C004,Panchayat S3,Series,30.0,30,100.0,Tablet,Annual,Bangalore,Tier 1,2024-02-02 12:00:00,OTT_APP
EVT_000435,U00288,C005,Mirzapur S3,Thriller,13.8,55,25.0,Tablet,Premium,Hyderabad,Tier 2,2024-03-25 17:00:00,OTT_APP
EVT_000436,U00442,C001,Anupamaa S1,Series,22.5,45,50.0,Tablet,Premium,Chennai,Tier 1,2024-02-05 16:00:00,OTT_APP
EVT_000437,U00413,C003,IPL 2024 Final,Sports,52.5,210,25.0,Laptop,Premium,Hyderabad,Tier 2,2024-01-31 07:00:00,OTT_APP
EVT_000438,U00465,C002,KBC Season 15,GameShow,45.0,60,75.0,Laptop,Annual,Bangalore,Tier 1,2024-02-07 14:00:00,OTT_APP
EVT_000439,U00176,C004,Panchayat S3,Series,22.5,30,75.0,Smart TV,Annual,Hyderabad,Tier 2,2024-03-31 12:00:00,OTT_APP
EVT_000440,U00093,C003,IPL 2024 Final,Sports,157.5,210,75.0,Tablet,Free,Delhi,Tier 1,2024-03-25 23:00:00,OTT_APP
EVT_000441,U00485,C004,Panchayat S3,Series,7.5,30,25.0,Tablet,Free,Chennai,Tier 1,2024-03-12 11:00:00,OTT_APP
EVT_000442,U00191,C002,KBC Season 15,GameShow,30.0,60,50.0,Tablet,Premium,Chennai,Tier 1,2024-02-23 16:00:00,OTT_APP
EVT_000443,U00242,C004,Panchayat S3,Series,30.0,30,100.0,Smart TV,Free,Bangalore,Tier 1,2024-01-07 08:00:00,OTT_APP
EVT_000444,U00071,C004,Panchayat S3,Series,22.5,30,75.0,Smart TV,Premium,Bangalore,Tier 1,2024-01-07 10:00:00,OTT_APP
EVT_000445,U00442,C004,Panchayat S3,Series,30.0,30,100.0,Smart TV,Free,Bangalore,Tier 1,2024-01-19 16:00:00,OTT_APP
EVT_000446,U00003,C004,Panchayat S3,Series,15.0,30,50.0,Laptop,Premium,Delhi,Tier 1,2024-02-10 07:00:00,OTT_APP
EVT_000447,U00251,C002,KBC Season 15,GameShow,60.0,60,100.0,Mobile,Basic,Delhi,Tier 1,2024-03-14 11:00:00,OTT_APP
EVT_000448,U00495,C005,Mirzapur S3,Thriller,27.5,55,50.0,Laptop,Annual,Bangalore,Tier 1,2024-02-21 19:00:00,OTT_APP
EVT_000449,U00457,C001,Anupamaa S1,Series,11.2,45,25.0,Tablet,Basic,Delhi,Tier 1,2024-02-17 06:00:00,OTT_APP
EVT_000450,,C001,Anupamaa S1,Series,33.8,45,75.0,Smart TV,Free,Delhi,Tier 1,2024-01-29 17:00:00,OTT_APP
EVT_000451,U00422,C004,Panchayat S3,Series,22.5,30,75.0,Mobile,Premium,Chennai,Tier 1,2024-01-22 08:00:00,OTT_APP
EVT_000452,U00173,C003,IPL 2024 Final,Sports,105.0,210,50.0,Laptop,Basic,Hyderabad,Tier 2,2024-03-17 22:00:00,OTT_APP
EVT_000453,U00085,C003,IPL 2024 Final,Sports,210.0,210,100.0,Laptop,Free,Bangalore,Tier 1,2024-02-15 12:00:00,OTT_APP
EVT_000454,U00302,C002,KBC Season 15,GameShow,30.0,60,50.0,Smart TV,Free,Delhi,Tier 1,2024-01-28 06:00:00,OTT_APP
EVT_000455,U00395,C003,IPL 2024 Final,Sports,157.5,210,75.0,Mobile,Free,Mumbai,Tier 1,2024-02-18 14:00:00,OTT_APP
EVT_000456,U00214,C001,Anupamaa S1,Series,33.8,45,75.0,Laptop,Annual,Mumbai,Tier 1,2024-01-07 09:00:00,OTT_APP
EVT_000457,U00106,C001,Anupamaa S1,Series,33.8,45,75.0,Mobile,Premium,Bangalore,Tier 1,2024-03-30 10:00:00,OTT_APP
EVT_000458,U00215,C004,Panchayat S3,Series,22.5,30,75.0,Mobile,Free,Hyderabad,Tier 2,2024-02-04 10:00:00,OTT_APP
EVT_000459,,C003,IPL 2024 Final,Sports,52.5,210,25.0,Smart TV,Premium,Mumbai,Tier 1,2024-03-04 12:00:00,OTT_APP
EVT_000460,U00152,C005,Mirzapur S3,Thriller,55.0,55,100.0,Smart TV,Free,Chennai,Tier 1,2024-03-31 19:00:00,OTT_APP
EVT_000461,U00170,C005,Mirzapur S3,Thriller,27.5,55,50.0,Smart TV,Free,Delhi,Tier 1,2024-03-29 21:00:00,OTT_APP
EVT_000462,U00077,C001,Anupamaa S1,Series,33.8,45,75.0,Mobile,Free,Mumbai,Tier 1,2024-03-14 21:00:00,OTT_APP
EVT_000463,U00136,C001,Anupamaa S1,Series,45.0,45,100.0,Laptop,Free,Delhi,Tier 1,2024-02-28 15:00:00,OTT_APP
EVT_000464,,C001,Anupamaa S1,Series,45.0,45,100.0,Tablet,Annual,Mumbai,Tier 1,2024-02-07 17:00:00,OTT_APP
EVT_000465,U00340,C001,Anupamaa S1,Series,11.2,45,25.0,Smart TV,Premium,Mumbai,Tier 1,2024-01-02 10:00:00,OTT_APP
EVT_000466,U00191,C003,IPL 2024 Final,Sports,210.0,210,100.0,Tablet,Basic,Hyderabad,Tier 2,2024-02-04 08:00:00,OTT_APP
EVT_000467,U00354,C001,Anupamaa S1,Series,22.5,45,50.0,Laptop,Annual,Bangalore,Tier 1,2024-02-04 18:00:00,OTT_APP
EVT_000468,U00214,C002,KBC Season 15,GameShow,15.0,60,25.0,Laptop,Annual,Mumbai,Tier 1,2024-01-21 09:00:00,OTT_APP
EVT_000469,U00442,C002,KBC Season 15,GameShow,45.0,60,75.0,Smart TV,Annual,Chennai,Tier 1,2024-03-19 06:00:00,OTT_APP
EVT_000470,U00033,C004,Panchayat S3,Series,7.5,30,25.0,Tablet,Premium,Bangalore,Tier 1,2024-02-26 07:00:00,OTT_APP
EVT_000471,U00490,C001,Anupamaa S1,Series,33.8,45,75.0,Tablet,Free,Hyderabad,Tier 2,2024-03-14 13:00:00,OTT_APP
EVT_000472,,C004,Panchayat S3,Series,22.5,30,75.0,Laptop,Basic,Delhi,Tier 1,2024-03-02 17:00:00,OTT_APP
EVT_000473,U00330,C005,Mirzapur S3,Thriller,55.0,55,100.0,Smart TV,Annual,Hyderabad,Tier 2,2024-01-07 06:00:00,OTT_APP
EVT_000474,U00124,C004,Panchayat S3,Series,30.0,30,100.0,Tablet,Premium,Mumbai,Tier 1,2024-03-03 16:00:00,OTT_APP
EVT_000475,U00207,C001,Anupamaa S1,Series,33.8,45,75.0,Smart TV,Free,Hyderabad,Tier 2,2024-03-23 18:00:00,OTT_APP
EVT_000476,U00439,C004,Panchayat S3,Series,15.0,30,50.0,Laptop,Annual,Hyderabad,Tier 2,2024-02-27 08:00:00,OTT_APP
EVT_000477,U00053,C003,IPL 2024 Final,Sports,52.5,210,25.0,Laptop,Annual,Bangalore,Tier 1,2024-03-24 06:00:00,OTT_APP
EVT_000478,U00456,C001,Anupamaa S1,Series,33.8,45,75.0,Smart TV,Annual,Mumbai,Tier 1,2024-01-12 15:00:00,OTT_APP
EVT_000479,U00170,C003,IPL 2024 Final,Sports,105.0,210,50.0,Laptop,Premium,Mumbai,Tier 1,2024-01-29 20:00:00,OTT_APP
EVT_000480,U00182,C004,Panchayat S3,Series,7.5,30,25.0,Tablet,Premium,Delhi,Tier 1,2024-01-01 16:00:00,OTT_APP
EVT_000481,U00421,C001,Anupamaa S1,Series,11.2,45,25.0,Laptop,Free,Delhi,Tier 1,2024-03-04 10:00:00,OTT_APP
EVT_000482,U00111,C003,IPL 2024 Final,Sports,157.5,210,75.0,Laptop,Basic,Delhi,Tier 1,2024-01-16 18:00:00,OTT_APP
EVT_000483,U00396,C003,IPL 2024 Final,Sports,52.5,210,25.0,Laptop,Annual,Bangalore,Tier 1,2024-01-06 09:00:00,OTT_APP
EVT_000484,,C005,Mirzapur S3,Thriller,55.0,55,100.0,Mobile,Annual,Delhi,Tier 1,2024-03-04 06:00:00,OTT_APP
EVT_000485,,C005,Mirzapur S3,Thriller,27.5,55,50.0,Smart TV,Free,Hyderabad,Tier 2,2024-01-23 11:00:00,OTT_APP
EVT_000486,U00452,C004,Panchayat S3,Series,22.5,30,75.0,Laptop,Annual,Hyderabad,Tier 2,2024-02-11 22:00:00,OTT_APP
EVT_000487,U00494,C005,Mirzapur S3,Thriller,55.0,55,100.0,Tablet,Premium,Delhi,Tier 1,2024-02-05 18:00:00,OTT_APP
EVT_000488,U00154,C004,Panchayat S3,Series,30.0,30,100.0,Tablet,Basic,Delhi,Tier 1,2024-02-22 22:00:00,OTT_APP
EVT_000489,U00472,C002,KBC Season 15,GameShow,30.0,60,50.0,Smart TV,Basic,Chennai,Tier 1,2024-03-28 17:00:00,OTT_APP
EVT_000490,U00390,C005,Mirzapur S3,Thriller,41.2,55,75.0,Tablet,Annual,Chennai,Tier 1,2024-03-31 09:00:00,OTT_APP
EVT_000491,U00147,C005,Mirzapur S3,Thriller,41.2,55,75.0,Laptop,Free,Bangalore,Tier 1,2024-03-27 23:00:00,OTT_APP
EVT_000492,U00344,C005,Mirzapur S3,Thriller,13.8,55,25.0,Mobile,Basic,Bangalore,Tier 1,2024-01-19 07:00:00,OTT_APP
EVT_000493,U00075,C003,IPL 2024 Final,Sports,210.0,210,100.0,Mobile,Premium,Delhi,Tier 1,2024-02-06 14:00:00,OTT_APP
EVT_000494,U00053,C002,KBC Season 15,GameShow,60.0,60,100.0,Smart TV,Annual,Mumbai,Tier 1,2024-02-15 20:00:00,OTT_APP
EVT_000495,U00475,C002,KBC Season 15,GameShow,45.0,60,75.0,Laptop,Annual,Chennai,Tier 1,2024-03-29 07:00:00,OTT_APP
EVT_000496,U00007,C004,Panchayat S3,Series,30.0,30,100.0,Tablet,Basic,Chennai,Tier 1,2024-03-11 07:00:00,OTT_APP
EVT_000497,U00387,C005,Mirzapur S3,Thriller,55.0,55,100.0,Smart TV,Basic,Bangalore,Tier 1,2024-01-29 17:00:00,OTT_APP
EVT_000498,U00377,C003,IPL 2024 Final,Sports,105.0,210,50.0,Mobile,Annual,Mumbai,Tier 1,2024-01-24 11:00:00,OTT_APP
EVT_000499,U00083,C001,Anupamaa S1,Series,22.5,45,50.0,Tablet,Free,Hyderabad,Tier 2,2024-02-03 10:00:00,OTT_APP
EVT_000500,U00476,C003,IPL 2024 Final,Sports,105.0,210,50.0,Tablet,Free,Delhi,Tier 1,2024-01-06 10:00:00,OTT_APP
EVT_000501,U00184,C005,Mirzapur S3,Thriller,55.0,55,100.0,Mobile,Premium,Chennai,Tier 1,2024-03-03 23:00:00,OTT_APP
EVT_000502,U00403,C005,Mirzapur S3,Thriller,27.5,55,50.0,Smart TV,Annual,Delhi,Tier 1,2024-03-07 08:00:00,OTT_APP
EVT_000503,U00453,C005,Mirzapur S3,Thriller,41.2,55,75.0,Smart TV,Premium,Mumbai,Tier 1,2024-02-14 13:00:00,OTT_APP
EVT_000504,U00244,C003,IPL 2024 Final,Sports,105.0,210,50.0,Mobile,Free,Delhi,Tier 1,2024-03-20 22:00:00,OTT_APP
EVT_000505,U00491,C003,IPL 2024 Final,Sports,105.0,210,50.0,Mobile,Premium,Hyderabad,Tier 2,2024-03-20 13:00:00,OTT_APP
EVT_000506,U00277,C004,Panchayat S3,Series,30.0,30,100.0,Tablet,Free,Mumbai,Tier 1,2024-02-19 14:00:00,OTT_APP
EVT_000507,U00229,C005,Mirzapur S3,Thriller,55.0,55,100.0,Laptop,Free,Chennai,Tier 1,2024-03-06 22:00:00,OTT_APP
EVT_000508,U00043,C003,IPL 2024 Final,Sports,210.0,210,100.0,Mobile,Basic,Delhi,Tier 1,2024-02-11 22:00:00,OTT_APP
EVT_000509,U00443,C005,Mirzapur S3,Thriller,41.2,55,75.0,Laptop,Free,Mumbai,Tier 1,2024-01-27 12:00:00,OTT_APP
EVT_000510,U00383,C002,KBC Season 15,GameShow,45.0,60,75.0,Smart TV,Free,Bangalore,Tier 1,2024-03-23 08:00:00,OTT_APP
EVT_000511,U00028,C004,Panchayat S3,Series,22.5,30,75.0,Smart TV,Premium,Mumbai,Tier 1,2024-01-12 08:00:00,OTT_APP
EVT_000512,U00199,C005,Mirzapur S3,Thriller,13.8,55,25.0,Laptop,Annual,Delhi,Tier 1,2024-02-03 19:00:00,OTT_APP
EVT_000513,U00274,C004,Panchayat S3,Series,15.0,30,50.0,Mobile,Free,Bangalore,Tier 1,2024-03-27 09:00:00,OTT_APP
EVT_000514,U00055,C005,Mirzapur S3,Thriller,13.8,55,25.0,Tablet,Premium,Mumbai,Tier 1,2024-02-15 22:00:00,OTT_APP
EVT_000515,U00421,C005,Mirzapur S3,Thriller,13.8,55,25.0,Mobile,Annual,Bangalore,Tier 1,2024-02-18 18:00:00,OTT_APP
EVT_000516,U00152,C002,KBC Season 15,GameShow,45.0,60,75.0,Smart TV,Premium,Delhi,Tier 1,2024-02-20 23:00:00,OTT_APP
EVT_000517,U00073,C003,IPL 2024 Final,Sports,210.0,210,100.0,Mobile,Free,Mumbai,Tier 1,2024-03-11 23:00:00,OTT_APP
EVT_000518,U00485,C001,Anupamaa S1,Series,33.8,45,75.0,Mobile,Premium,Bangalore,Tier 1,2024-03-09 23:00:00,OTT_APP
EVT_000519,U00464,C002,KBC Season 15,GameShow,45.0,60,75.0,Smart TV,Basic,Chennai,Tier 1,2024-01-28 19:00:00,OTT_APP
EVT_000520,U00093,C002,KBC Season 15,GameShow,30.0,60,50.0,Mobile,Annual,Chennai,Tier 1,2024-01-25 09:00:00,OTT_APP
EVT_000521,U00102,C005,Mirzapur S3,Thriller,13.8,55,25.0,Laptop,Premium,Mumbai,Tier 1,2024-02-02 09:00:00,OTT_APP
EVT_000522,U00318,C003,IPL 2024 Final,Sports,52.5,210,25.0,Mobile,Basic,Delhi,Tier 1,2024-01-13 15:00:00,OTT_APP
EVT_000523,,C003,IPL 2024 Final,Sports,105.0,210,50.0,Smart TV,Premium,Chennai,Tier 1,2024-03-19 15:00:00,OTT_APP
EVT_000524,U00127,C003,IPL 2024 Final,Sports,210.0,210,100.0,Smart TV,Annual,Delhi,Tier 1,2024-01-01 16:00:00,OTT_APP
EVT_000525,U00450,C003,IPL 2024 Final,Sports,210.0,210,100.0,Laptop,Annual,Delhi,Tier 1,2024-03-27 16:00:00,OTT_APP
EVT_000526,U00056,C004,Panchayat S3,Series,15.0,30,50.0,Smart TV,Free,Chennai,Tier 1,2024-03-03 23:00:00,OTT_APP
EVT_000527,U00135,C003,IPL 2024 Final,Sports,210.0,210,100.0,Mobile,Free,Delhi,Tier 1,2024-03-09 12:00:00,OTT_APP
EVT_000528,U00394,C001,Anupamaa S1,Series,45.0,45,100.0,Smart TV,Free,Mumbai,Tier 1,2024-03-15 18:00:00,OTT_APP
EVT_000529,U00188,C005,Mirzapur S3,Thriller,27.5,55,50.0,Laptop,Basic,Hyderabad,Tier 2,2024-03-01 10:00:00,OTT_APP
EVT_000530,U00257,C005,Mirzapur S3,Thriller,41.2,55,75.0,Mobile,Annual,Chennai,Tier 1,2024-01-18 20:00:00,OTT_APP
EVT_000531,U00388,C003,IPL 2024 Final,Sports,157.5,210,75.0,Smart TV,Annual,Delhi,Tier 1,2024-03-19 11:00:00,OTT_APP
EVT_000532,U00377,C002,KBC Season 15,GameShow,15.0,60,25.0,Laptop,Premium,Hyderabad,Tier 2,2024-03-25 10:00:00,OTT_APP
EVT_000533,U00136,C001,Anupamaa S1,Series,22.5,45,50.0,Tablet,Basic,Bangalore,Tier 1,2024-01-30 08:00:00,OTT_APP
EVT_000534,U00241,C001,Anupamaa S1,Series,33.8,45,75.0,Laptop,Free,Hyderabad,Tier 2,2024-02-16 18:00:00,OTT_APP
EVT_000535,U00325,C001,Anupamaa S1,Series,45.0,45,100.0,Tablet,Premium,Chennai,Tier 1,2024-01-14 22:00:00,OTT_APP
EVT_000536,U00188,C005,Mirzapur S3,Thriller,41.2,55,75.0,Mobile,Premium,Delhi,Tier 1,2024-02-18 18:00:00,OTT_APP
EVT_000537,U00181,C004,Panchayat S3,Series,30.0,30,100.0,Tablet,Annual,Delhi,Tier 1,2024-03-07 18:00:00,OTT_APP
EVT_000538,U00226,C004,Panchayat S3,Series,30.0,30,100.0,Smart TV,Basic,Mumbai,Tier 1,2024-03-05 10:00:00,OTT_APP
EVT_000539,U00096,C001,Anupamaa S1,Series,33.8,45,75.0,Smart TV,Premium,Chennai,Tier 1,2024-01-28 10:00:00,OTT_APP
EVT_000540,U00213,C005,Mirzapur S3,Thriller,41.2,55,75.0,Tablet,Free,Mumbai,Tier 1,2024-03-25 13:00:00,OTT_APP
EVT_000541,U00332,C004,Panchayat S3,Series,22.5,30,75.0,Laptop,Free,Bangalore,Tier 1,2024-01-27 11:00:00,OTT_APP
EVT_000542,,C002,KBC Season 15,GameShow,15.0,60,25.0,Mobile,Basic,Hyderabad,Tier 2,2024-03-16 11:00:00,OTT_APP
EVT_000543,U00307,C001,Anupamaa S1,Series,11.2,45,25.0,Mobile,Premium,Delhi,Tier 1,2024-03-07 18:00:00,OTT_APP
EVT_000544,,C001,Anupamaa S1,Series,22.5,45,50.0,Smart TV,Annual,Hyderabad,Tier 2,2024-03-01 21:00:00,OTT_APP
EVT_000545,U00136,C005,Mirzapur S3,Thriller,13.8,55,25.0,Smart TV,Premium,Hyderabad,Tier 2,2024-01-24 22:00:00,OTT_APP
EVT_000546,U00198,C004,Panchayat S3,Series,22.5,30,75.0,Smart TV,Free,Mumbai,Tier 1,2024-01-30 18:00:00,OTT_APP
EVT_000547,U00424,C001,Anupamaa S1,Series,22.5,45,50.0,Smart TV,Free,Hyderabad,Tier 2,2024-03-28 19:00:00,OTT_APP
EVT_000548,U00450,C002,KBC Season 15,GameShow,30.0,60,50.0,Mobile,Free,Hyderabad,Tier 2,2024-03-17 07:00:00,OTT_APP
EVT_000549,U00460,C004,Panchayat S3,Series,22.5,30,75.0,Laptop,Annual,Hyderabad,Tier 2,2024-03-10 06:00:00,OTT_APP
EVT_000550,U00481,C003,IPL 2024 Final,Sports,210.0,210,100.0,Laptop,Annual,Hyderabad,Tier 2,2024-02-24 13:00:00,OTT_APP
EVT_000551,U00069,C003,IPL 2024 Final,Sports,157.5,210,75.0,Tablet,Annual,Hyderabad,Tier 2,2024-01-13 19:00:00,OTT_APP
EVT_000552,U00210,C002,KBC Season 15,GameShow,60.0,60,100.0,Tablet,Basic,Mumbai,Tier 1,2024-02-06 23:00:00,OTT_APP
EVT_000553,U00061,C001,Anupamaa S1,Series,33.8,45,75.0,Mobile,Annual,Mumbai,Tier 1,2024-03-14 22:00:00,OTT_APP
EVT_000554,U00055,C002,KBC Season 15,GameShow,45.0,60,75.0,Smart TV,Annual,Chennai,Tier 1,2024-02-22 17:00:00,OTT_APP
EVT_000555,U00314,C005,Mirzapur S3,Thriller,27.5,55,50.0,Tablet,Annual,Hyderabad,Tier 2,2024-02-24 17:00:00,OTT_APP
EVT_000556,U00190,C002,KBC Season 15,GameShow,30.0,60,50.0,Laptop,Premium,Hyderabad,Tier 2,2024-03-02 11:00:00,OTT_APP
EVT_000557,U00383,C003,IPL 2024 Final,Sports,157.5,210,75.0,Smart TV,Annual,Bangalore,Tier 1,2024-01-18 09:00:00,OTT_APP
EVT_000558,U00411,C002,KBC Season 15,GameShow,15.0,60,25.0,Mobile,Basic,Hyderabad,Tier 2,2024-02-21 16:00:00,OTT_APP
EVT_000559,U00242,C004,Panchayat S3,Series,30.0,30,100.0,Laptop,Free,Mumbai,Tier 1,2024-01-12 10:00:00,OTT_APP
EVT_000560,U00371,C001,Anupamaa S1,Series,22.5,45,50.0,Laptop,Annual,Chennai,Tier 1,2024-01-11 07:00:00,OTT_APP
EVT_000561,U00485,C005,Mirzapur S3,Thriller,41.2,55,75.0,Smart TV,Annual,Chennai,Tier 1,2024-03-17 07:00:00,OTT_APP
EVT_000562,U00018,C004,Panchayat S3,Series,7.5,30,25.0,Smart TV,Basic,Hyderabad,Tier 2,2024-02-06 12:00:00,OTT_APP
EVT_000563,U00142,C001,Anupamaa S1,Series,22.5,45,50.0,Laptop,Premium,Mumbai,Tier 1,2024-01-21 08:00:00,OTT_APP
EVT_000564,U00378,C004,Panchayat S3,Series,15.0,30,50.0,Mobile,Free,Delhi,Tier 1,2024-03-07 06:00:00,OTT_APP
EVT_000565,U00178,C005,Mirzapur S3,Thriller,27.5,55,50.0,Tablet,Basic,Hyderabad,Tier 2,2024-03-15 17:00:00,OTT_APP
EVT_000566,U00134,C005,Mirzapur S3,Thriller,55.0,55,100.0,Smart TV,Annual,Bangalore,Tier 1,2024-02-21 06:00:00,OTT_APP
EVT_000567,U00175,C005,Mirzapur S3,Thriller,13.8,55,25.0,Mobile,Premium,Mumbai,Tier 1,2024-03-05 15:00:00,OTT_APP
EVT_000568,U00495,C005,Mirzapur S3,Thriller,55.0,55,100.0,Laptop,Annual,Hyderabad,Tier 2,2024-02-02 20:00:00,OTT_APP
EVT_000569,U00460,C002,KBC Season 15,GameShow,60.0,60,100.0,Mobile,Annual,Bangalore,Tier 1,2024-03-28 20:00:00,OTT_APP
EVT_000570,U00347,C001,Anupamaa S1,Series,22.5,45,50.0,Smart TV,Premium,Bangalore,Tier 1,2024-03-22 13:00:00,OTT_APP
EVT_000571,U00359,C004,Panchayat S3,Series,30.0,30,100.0,Tablet,Basic,Hyderabad,Tier 2,2024-03-09 06:00:00,OTT_APP
EVT_000572,U00477,C003,IPL 2024 Final,Sports,52.5,210,25.0,Smart TV,Annual,Chennai,Tier 1,2024-01-10 23:00:00,OTT_APP
EVT_000573,U00485,C003,IPL 2024 Final,Sports,105.0,210,50.0,Smart TV,Annual,Hyderabad,Tier 2,2024-02-04 11:00:00,OTT_APP
EVT_000574,U00118,C002,KBC Season 15,GameShow,30.0,60,50.0,Smart TV,Basic,Delhi,Tier 1,2024-02-03 12:00:00,OTT_APP
EVT_000575,U00347,C005,Mirzapur S3,Thriller,27.5,55,50.0,Laptop,Free,Mumbai,Tier 1,2024-01-16 08:00:00,OTT_APP
EVT_000576,U00253,C005,Mirzapur S3,Thriller,55.0,55,100.0,Tablet,Annual,Bangalore,Tier 1,2024-02-17 16:00:00,OTT_APP
EVT_000577,U00114,C002,KBC Season 15,GameShow,60.0,60,100.0,Smart TV,Free,Hyderabad,Tier 2,2024-02-05 18:00:00,OTT_APP
EVT_000578,U00258,C005,Mirzapur S3,Thriller,55.0,55,100.0,Tablet,Annual,Bangalore,Tier 1,2024-03-10 07:00:00,OTT_APP
EVT_000579,U00236,C002,KBC Season 15,GameShow,30.0,60,50.0,Tablet,Free,Mumbai,Tier 1,2024-03-30 22:00:00,OTT_APP
EVT_000580,,C001,Anupamaa S1,Series,33.8,45,75.0,Tablet,Premium,Bangalore,Tier 1,2024-03-15 09:00:00,OTT_APP
EVT_000581,U00491,C002,KBC Season 15,GameShow,45.0,60,75.0,Tablet,Premium,Delhi,Tier 1,2024-02-04 21:00:00,OTT_APP
EVT_000582,U00187,C002,KBC Season 15,GameShow,120.0,60,50.0,Laptop,Premium,Delhi,Tier 1,2024-02-23 17:00:00,OTT_APP
EVT_000583,U00417,C004,Panchayat S3,Series,7.5,30,25.0,Mobile,Premium,Delhi,Tier 1,2024-03-14 13:00:00,OTT_APP
EVT_000584,U00410,C002,KBC Season 15,GameShow,45.0,60,75.0,Smart TV,Annual,Bangalore,Tier 1,2024-01-26 10:00:00,OTT_APP
EVT_000585,U00274,C001,Anupamaa S1,Series,11.2,45,25.0,Tablet,Annual,Bangalore,Tier 1,2024-01-18 22:00:00,OTT_APP
EVT_000586,U00051,C003,IPL 2024 Final,Sports,105.0,210,50.0,Smart TV,Free,Hyderabad,Tier 2,2024-01-07 18:00:00,OTT_APP
EVT_000587,U00231,C002,KBC Season 15,GameShow,60.0,60,100.0,Tablet,Premium,Bangalore,Tier 1,2024-03-21 09:00:00,OTT_APP
EVT_000588,U00011,C003,IPL 2024 Final,Sports,105.0,210,50.0,Laptop,Free,Hyderabad,Tier 2,2024-02-02 17:00:00,OTT_APP
EVT_000589,U00090,C003,IPL 2024 Final,Sports,210.0,210,100.0,Tablet,Premium,Hyderabad,Tier 2,2024-01-26 23:00:00,OTT_APP
EVT_000590,U00196,C003,IPL 2024 Final,Sports,157.5,210,75.0,Tablet,Annual,Bangalore,Tier 1,2024-02-27 08:00:00,OTT_APP
EVT_000591,U00435,C002,KBC Season 15,GameShow,60.0,60,100.0,Mobile,Free,Chennai,Tier 1,2024-02-23 18:00:00,OTT_APP
EVT_000592,U00364,C002,KBC Season 15,GameShow,30.0,60,50.0,Tablet,Annual,Chennai,Tier 1,2024-02-10 15:00:00,OTT_APP
EVT_000593,U00495,C003,IPL 2024 Final,Sports,210.0,210,100.0,Laptop,Annual,Chennai,Tier 1,2024-03-16 22:00:00,OTT_APP
EVT_000594,U00339,C002,KBC Season 15,GameShow,15.0,60,25.0,Tablet,Free,Mumbai,Tier 1,2024-01-17 13:00:00,OTT_APP
EVT_000595,U00480,C002,KBC Season 15,GameShow,15.0,60,25.0,Laptop,Free,Mumbai,Tier 1,2024-01-13 08:00:00,OTT_APP
EVT_000596,U00135,C001,Anupamaa S1,Series,45.0,45,100.0,Smart TV,Free,Hyderabad,Tier 2,2024-01-11 09:00:00,OTT_APP
EVT_000597,U00321,C004,Panchayat S3,Series,15.0,30,50.0,Smart TV,Basic,Delhi,Tier 1,2024-02-06 20:00:00,OTT_APP
EVT_000598,U00441,C005,Mirzapur S3,Thriller,55.0,55,100.0,Tablet,Annual,Mumbai,Tier 1,2024-01-05 17:00:00,OTT_APP
EVT_000599,U00228,C004,Panchayat S3,Series,30.0,30,100.0,Smart TV,Basic,Hyderabad,Tier 2,2024-02-04 23:00:00,OTT_APP
EVT_000600,U00328,C005,Mirzapur S3,Thriller,41.2,55,75.0,Tablet,Premium,Hyderabad,Tier 2,2024-02-25 22:00:00,OTT_APP
EVT_000601,U00188,C004,Panchayat S3,Series,22.5,30,75.0,Laptop,Premium,Mumbai,Tier 1,2024-02-26 15:00:00,OTT_APP
EVT_000602,U00177,C002,KBC Season 15,GameShow,30.0,60,50.0,Tablet,Annual,Mumbai,Tier 1,2024-03-07 10:00:00,OTT_APP
EVT_000603,U00005,C005,Mirzapur S3,Thriller,13.8,55,25.0,Laptop,Premium,Bangalore,Tier 1,2024-03-02 15:00:00,OTT_APP
EVT_000604,U00097,C005,Mirzapur S3,Thriller,27.5,55,50.0,Laptop,Annual,Mumbai,Tier 1,2024-03-11 17:00:00,OTT_APP
EVT_000605,U00135,C004,Panchayat S3,Series,15.0,30,50.0,Mobile,Annual,Bangalore,Tier 1,2024-02-18 13:00:00,OTT_APP
EVT_000606,,C002,KBC Season 15,GameShow,45.0,60,75.0,Tablet,Annual,Hyderabad,Tier 2,2024-03-29 14:00:00,OTT_APP
EVT_000607,U00057,C002,KBC Season 15,GameShow,60.0,60,100.0,Laptop,Annual,Delhi,Tier 1,2024-01-18 15:00:00,OTT_APP
EVT_000608,U00010,C003,IPL 2024 Final,Sports,157.5,210,75.0,Smart TV,Free,Bangalore,Tier 1,2024-01-25 16:00:00,OTT_APP
EVT_000609,U00065,C005,Mirzapur S3,Thriller,13.8,55,25.0,Laptop,Free,Mumbai,Tier 1,2024-02-06 14:00:00,OTT_APP
EVT_000610,U00176,C002,KBC Season 15,GameShow,15.0,60,25.0,Laptop,Premium,Mumbai,Tier 1,2024-03-04 12:00:00,OTT_APP
EVT_000611,U00170,C004,Panchayat S3,Series,30.0,30,100.0,Mobile,Basic,Bangalore,Tier 1,2024-03-30 07:00:00,OTT_APP
EVT_000612,U00241,C001,Anupamaa S1,Series,22.5,45,50.0,Smart TV,Basic,Bangalore,Tier 1,2024-01-10 23:00:00,OTT_APP
EVT_000613,U00198,C003,IPL 2024 Final,Sports,210.0,210,100.0,Laptop,Basic,Mumbai,Tier 1,2024-01-16 13:00:00,OTT_APP
EVT_000614,U00243,C001,Anupamaa S1,Series,11.2,45,25.0,Laptop,Premium,Mumbai,Tier 1,2024-03-07 12:00:00,OTT_APP
EVT_000615,U00063,C003,IPL 2024 Final,Sports,52.5,210,25.0,Tablet,Annual,Mumbai,Tier 1,2024-03-11 22:00:00,OTT_APP
EVT_000616,U00499,C003,IPL 2024 Final,Sports,52.5,210,25.0,Mobile,Basic,Mumbai,Tier 1,2024-03-26 12:00:00,OTT_APP
EVT_000617,U00203,C004,Panchayat S3,Series,15.0,30,50.0,Smart TV,Free,Delhi,Tier 1,2024-02-05 09:00:00,OTT_APP
EVT_000618,U00191,C001,Anupamaa S1,Series,33.8,45,75.0,Mobile,Basic,Bangalore,Tier 1,2024-03-29 10:00:00,OTT_APP
EVT_000619,U00031,C002,KBC Season 15,GameShow,30.0,60,50.0,Tablet,Basic,Hyderabad,Tier 2,2024-02-13 07:00:00,OTT_APP
EVT_000620,U00163,C005,Mirzapur S3,Thriller,55.0,55,100.0,Tablet,Annual,Delhi,Tier 1,2024-03-03 13:00:00,OTT_APP
EVT_000621,U00129,C002,KBC Season 15,GameShow,15.0,60,25.0,Mobile,Annual,Bangalore,Tier 1,2024-02-15 10:00:00,OTT_APP
EVT_000622,U00098,C004,Panchayat S3,Series,22.5,30,75.0,Smart TV,Premium,Hyderabad,Tier 2,2024-03-30 21:00:00,OTT_APP
EVT_000623,U00083,C003,IPL 2024 Final,Sports,157.5,210,75.0,Mobile,Basic,Chennai,Tier 1,2024-03-17 23:00:00,OTT_APP
EVT_000624,U00233,C004,Panchayat S3,Series,15.0,30,50.0,Mobile,Annual,Chennai,Tier 1,2024-03-10 17:00:00,OTT_APP
EVT_000625,U00165,C002,KBC Season 15,GameShow,60.0,60,100.0,Mobile,Annual,Hyderabad,Tier 2,2024-02-16 13:00:00,OTT_APP
EVT_000626,U00314,C002,KBC Season 15,GameShow,45.0,60,75.0,Tablet,Premium,Bangalore,Tier 1,2024-03-11 10:00:00,OTT_APP
EVT_000627,U00338,C004,Panchayat S3,Series,22.5,30,75.0,Mobile,Free,Mumbai,Tier 1,2024-01-13 22:00:00,OTT_APP
EVT_000628,,C002,KBC Season 15,GameShow,15.0,60,25.0,Smart TV,Free,Mumbai,Tier 1,2024-01-26 09:00:00,OTT_APP
EVT_000629,U00270,C001,Anupamaa S1,Series,33.8,45,75.0,Tablet,Free,Bangalore,Tier 1,2024-03-25 21:00:00,OTT_APP
EVT_000630,U00336,C003,IPL 2024 Final,Sports,105.0,210,50.0,Laptop,Free,Mumbai,Tier 1,2024-01-02 12:00:00,OTT_APP
EVT_000631,U00381,C004,Panchayat S3,Series,30.0,30,100.0,Laptop,Premium,Mumbai,Tier 1,2024-02-16 23:00:00,OTT_APP
EVT_000632,U00376,C001,Anupamaa S1,Series,45.0,45,100.0,Mobile,Premium,Chennai,Tier 1,2024-03-08 07:00:00,OTT_APP
EVT_000633,U00372,C001,Anupamaa S1,Series,45.0,45,100.0,Smart TV,Annual,Hyderabad,Tier 2,2024-01-13 09:00:00,OTT_APP
EVT_000634,U00286,C002,KBC Season 15,GameShow,15.0,60,25.0,Laptop,Free,Delhi,Tier 1,2024-03-13 11:00:00,OTT_APP
EVT_000635,U00453,C005,Mirzapur S3,Thriller,27.5,55,50.0,Mobile,Basic,Bangalore,Tier 1,2024-03-30 19:00:00,OTT_APP
EVT_000636,U00274,C002,KBC Season 15,GameShow,45.0,60,75.0,Laptop,Premium,Hyderabad,Tier 2,2024-02-13 11:00:00,OTT_APP
EVT_000637,U00392,C003,IPL 2024 Final,Sports,157.5,210,75.0,Laptop,Premium,Chennai,Tier 1,2024-02-17 19:00:00,OTT_APP
EVT_000638,,C005,Mirzapur S3,Thriller,27.5,55,50.0,Tablet,Premium,Hyderabad,Tier 2,2024-01-28 18:00:00,OTT_APP
EVT_000639,U00146,C004,Panchayat S3,Series,15.0,30,50.0,Mobile,Basic,Bangalore,Tier 1,2024-01-01 07:00:00,OTT_APP
EVT_000640,U00012,C003,IPL 2024 Final,Sports,52.5,210,25.0,Tablet,Basic,Delhi,Tier 1,2024-01-28 16:00:00,OTT_APP
EVT_000641,U00136,C001,Anupamaa S1,Series,11.2,45,25.0,Tablet,Basic,Chennai,Tier 1,2024-01-20 10:00:00,OTT_APP
EVT_000642,U00292,C002,KBC Season 15,GameShow,30.0,60,50.0,Smart TV,Free,Chennai,Tier 1,2024-01-12 18:00:00,OTT_APP
EVT_000643,U00305,C003,IPL 2024 Final,Sports,210.0,210,100.0,Tablet,Free,Delhi,Tier 1,2024-03-03 09:00:00,OTT_APP
EVT_000644,U00451,C005,Mirzapur S3,Thriller,27.5,55,50.0,Laptop,Annual,Mumbai,Tier 1,2024-02-12 17:00:00,OTT_APP
EVT_000645,U00325,C001,Anupamaa S1,Series,45.0,45,100.0,Laptop,Free,Delhi,Tier 1,2024-03-24 06:00:00,OTT_APP
EVT_000646,U00168,C003,IPL 2024 Final,Sports,157.5,210,75.0,Smart TV,Basic,Chennai,Tier 1,2024-03-10 10:00:00,OTT_APP
EVT_000647,U00047,C001,Anupamaa S1,Series,33.8,45,75.0,Smart TV,Annual,Bangalore,Tier 1,2024-02-27 22:00:00,OTT_APP
EVT_000648,U00043,C003,IPL 2024 Final,Sports,210.0,210,100.0,Laptop,Free,Delhi,Tier 1,2024-01-17 16:00:00,OTT_APP
EVT_000649,U00223,C005,Mirzapur S3,Thriller,27.5,55,50.0,Smart TV,Basic,Mumbai,Tier 1,2024-02-21 22:00:00,OTT_APP
EVT_000650,U00288,C004,Panchayat S3,Series,22.5,30,75.0,Smart TV,Basic,Bangalore,Tier 1,2024-02-20 12:00:00,OTT_APP
EVT_000651,U00058,C001,Anupamaa S1,Series,22.5,45,50.0,Laptop,Annual,Bangalore,Tier 1,2024-02-11 08:00:00,OTT_APP
EVT_000652,U00395,C003,IPL 2024 Final,Sports,105.0,210,50.0,Tablet,Basic,Chennai,Tier 1,2024-02-14 06:00:00,OTT_APP
EVT_000653,U00226,C003,IPL 2024 Final,Sports,157.5,210,75.0,Mobile,Basic,Bangalore,Tier 1,2024-03-20 10:00:00,OTT_APP
EVT_000654,U00379,C002,KBC Season 15,GameShow,45.0,60,75.0,Mobile,Basic,Delhi,Tier 1,2024-01-11 09:00:00,OTT_APP
EVT_000655,U00356,C005,Mirzapur S3,Thriller,55.0,55,100.0,Mobile,Premium,Chennai,Tier 1,2024-01-02 16:00:00,OTT_APP
EVT_000656,U00109,C004,Panchayat S3,Series,15.0,30,50.0,Smart TV,Premium,Chennai,Tier 1,2024-01-27 23:00:00,OTT_APP
EVT_000657,U00193,C005,Mirzapur S3,Thriller,27.5,55,50.0,Mobile,Premium,Delhi,Tier 1,2024-03-29 06:00:00,OTT_APP
EVT_000658,U00028,C002,KBC Season 15,GameShow,15.0,60,25.0,Laptop,Free,Delhi,Tier 1,2024-03-30 14:00:00,OTT_APP
EVT_000659,U00443,C001,Anupamaa S1,Series,22.5,45,50.0,Mobile,Free,Chennai,Tier 1,2024-03-25 17:00:00,OTT_APP
EVT_000660,U00261,C003,IPL 2024 Final,Sports,210.0,210,100.0,Mobile,Premium,Bangalore,Tier 1,2024-01-30 18:00:00,OTT_APP
EVT_000661,U00102,C004,Panchayat S3,Series,30.0,30,100.0,Laptop,Free,Hyderabad,Tier 2,2024-01-12 11:00:00,OTT_APP
EVT_000662,U00251,C001,Anupamaa S1,Series,22.5,45,50.0,Laptop,Basic,Hyderabad,Tier 2,2024-02-09 16:00:00,OTT_APP
EVT_000663,U00121,C001,Anupamaa S1,Series,22.5,45,50.0,Tablet,Free,Chennai,Tier 1,2024-02-15 15:00:00,OTT_APP
EVT_000664,U00116,C003,IPL 2024 Final,Sports,210.0,210,100.0,Smart TV,Premium,Mumbai,Tier 1,2024-03-12 14:00:00,OTT_APP
EVT_000665,U00492,C004,Panchayat S3,Series,22.5,30,75.0,Smart TV,Annual,Mumbai,Tier 1,2024-02-18 22:00:00,OTT_APP
EVT_000666,U00230,C002,KBC Season 15,GameShow,45.0,60,75.0,Smart TV,Basic,Bangalore,Tier 1,2024-02-09 16:00:00,OTT_APP
EVT_000667,U00353,C002,KBC Season 15,GameShow,45.0,60,75.0,Smart TV,Annual,Delhi,Tier 1,2024-01-18 15:00:00,OTT_APP
EVT_000668,U00035,C002,KBC Season 15,GameShow,45.0,60,75.0,Mobile,Basic,Hyderabad,Tier 2,2024-01-21 16:00:00,OTT_APP
EVT_000669,U00451,C003,IPL 2024 Final,Sports,210.0,210,100.0,Laptop,Annual,Delhi,Tier 1,2024-01-04 16:00:00,OTT_APP
EVT_000670,U00055,C003,IPL 2024 Final,Sports,105.0,210,50.0,Smart TV,Basic,Chennai,Tier 1,2024-01-20 12:00:00,OTT_APP
EVT_000671,U00311,C001,Anupamaa S1,Series,45.0,45,100.0,Smart TV,Basic,Hyderabad,Tier 2,2024-03-19 14:00:00,OTT_APP
EVT_000672,U00069,C002,KBC Season 15,GameShow,45.0,60,75.0,Laptop,Premium,Chennai,Tier 1,2024-01-11 21:00:00,OTT_APP
EVT_000673,U00084,C002,KBC Season 15,GameShow,60.0,60,100.0,Smart TV,Basic,Bangalore,Tier 1,2024-03-01 10:00:00,OTT_APP
EVT_000674,U00114,C001,Anupamaa S1,Series,22.5,45,50.0,Smart TV,Basic,Mumbai,Tier 1,2024-02-04 19:00:00,OTT_APP
EVT_000675,U00353,C001,Anupamaa S1,Series,11.2,45,25.0,Tablet,Annual,Bangalore,Tier 1,2024-03-19 21:00:00,OTT_APP
EVT_000676,U00369,C002,KBC Season 15,GameShow,30.0,60,50.0,Tablet,Annual,Mumbai,Tier 1,2024-03-18 18:00:00,OTT_APP
EVT_000677,U00269,C005,Mirzapur S3,Thriller,55.0,55,100.0,Mobile,Free,Hyderabad,Tier 2,2024-03-17 23:00:00,OTT_APP
EVT_000678,U00276,C004,Panchayat S3,Series,15.0,30,50.0,Laptop,Free,Mumbai,Tier 1,2024-02-01 22:00:00,OTT_APP
EVT_000679,U00226,C005,Mirzapur S3,Thriller,27.5,55,50.0,Laptop,Premium,Mumbai,Tier 1,2024-01-25 15:00:00,OTT_APP
EVT_000680,U00354,C003,IPL 2024 Final,Sports,105.0,210,50.0,Smart TV,Annual,Bangalore,Tier 1,2024-02-07 07:00:00,OTT_APP
EVT_000681,U00399,C004,Panchayat S3,Series,7.5,30,25.0,Smart TV,Annual,Hyderabad,Tier 2,2024-01-15 11:00:00,OTT_APP
EVT_000682,U00303,C004,Panchayat S3,Series,15.0,30,50.0,Smart TV,Annual,Mumbai,Tier 1,2024-01-23 20:00:00,OTT_APP
EVT_000683,U00059,C001,Anupamaa S1,Series,22.5,45,50.0,Laptop,Premium,Delhi,Tier 1,2024-01-16 08:00:00,OTT_APP
EVT_000684,U00194,C001,Anupamaa S1,Series,33.8,45,75.0,Laptop,Free,Bangalore,Tier 1,2024-03-06 11:00:00,OTT_APP
EVT_000685,U00084,C002,KBC Season 15,GameShow,60.0,60,100.0,Smart TV,Basic,Hyderabad,Tier 2,2024-03-25 10:00:00,OTT_APP
EVT_000686,U00321,C001,Anupamaa S1,Series,90.0,45,50.0,Smart TV,Free,Chennai,Tier 1,2024-02-27 15:00:00,OTT_APP
EVT_000687,U00007,C002,KBC Season 15,GameShow,60.0,60,100.0,Laptop,Annual,Mumbai,Tier 1,2024-03-20 14:00:00,OTT_APP
EVT_000688,U00122,C004,Panchayat S3,Series,22.5,30,75.0,Smart TV,Annual,Mumbai,Tier 1,2024-03-18 21:00:00,OTT_APP
EVT_000689,U00126,C004,Panchayat S3,Series,15.0,30,50.0,Tablet,Basic,Mumbai,Tier 1,2024-03-17 06:00:00,OTT_APP
EVT_000690,U00019,C001,Anupamaa S1,Series,11.2,45,25.0,Smart TV,Free,Mumbai,Tier 1,2024-03-24 17:00:00,OTT_APP
EVT_000691,,C005,Mirzapur S3,Thriller,55.0,55,100.0,Mobile,Annual,Chennai,Tier 1,2024-02-12 08:00:00,OTT_APP
EVT_000692,U00091,C002,KBC Season 15,GameShow,15.0,60,25.0,Laptop,Premium,Chennai,Tier 1,2024-03-19 23:00:00,OTT_APP
EVT_000693,U00460,C001,Anupamaa S1,Series,11.2,45,25.0,Laptop,Free,Chennai,Tier 1,2024-02-11 17:00:00,OTT_APP
EVT_000694,U00069,C004,Panchayat S3,Series,30.0,30,100.0,Mobile,Premium,Mumbai,Tier 1,2024-02-07 21:00:00,OTT_APP
EVT_000695,U00314,C003,IPL 2024 Final,Sports,157.5,210,75.0,Mobile,Free,Hyderabad,Tier 2,2024-01-27 12:00:00,OTT_APP
EVT_000696,U00371,C005,Mirzapur S3,Thriller,41.2,55,75.0,Tablet,Annual,Hyderabad,Tier 2,2024-01-12 21:00:00,OTT_APP
EVT_000697,U00475,C005,Mirzapur S3,Thriller,55.0,55,100.0,Smart TV,Annual,Chennai,Tier 1,2024-03-08 17:00:00,OTT_APP
EVT_000698,U00453,C005,Mirzapur S3,Thriller,41.2,55,75.0,Smart TV,Premium,Bangalore,Tier 1,2024-03-04 11:00:00,OTT_APP
EVT_000699,U00378,C002,KBC Season 15,GameShow,15.0,60,25.0,Smart TV,Annual,Mumbai,Tier 1,2024-02-29 09:00:00,OTT_APP
EVT_000700,U00006,C004,Panchayat S3,Series,7.5,30,25.0,Smart TV,Premium,Chennai,Tier 1,2024-03-12 12:00:00,OTT_APP
EVT_000701,U00282,C003,IPL 2024 Final,Sports,210.0,210,100.0,Tablet,Free,Chennai,Tier 1,2024-02-08 22:00:00,OTT_APP
EVT_000702,U00427,C001,Anupamaa S1,Series,33.8,45,75.0,Smart TV,Basic,Chennai,Tier 1,2024-02-20 06:00:00,OTT_APP
EVT_000703,U00331,C003,IPL 2024 Final,Sports,210.0,210,100.0,Smart TV,Annual,Bangalore,Tier 1,2024-03-01 07:00:00,OTT_APP
EVT_000704,U00402,C002,KBC Season 15,GameShow,45.0,60,75.0,Laptop,Free,Hyderabad,Tier 2,2024-02-12 20:00:00,OTT_APP
EVT_000705,U00010,C005,Mirzapur S3,Thriller,27.5,55,50.0,Smart TV,Premium,Chennai,Tier 1,2024-03-12 23:00:00,OTT_APP
EVT_000706,U00174,C003,IPL 2024 Final,Sports,52.5,210,25.0,Laptop,Basic,Delhi,Tier 1,2024-02-05 06:00:00,OTT_APP
EVT_000707,U00443,C005,Mirzapur S3,Thriller,41.2,55,75.0,Tablet,Premium,Delhi,Tier 1,2024-03-17 09:00:00,OTT_APP
EVT_000708,U00191,C001,Anupamaa S1,Series,22.5,45,50.0,Laptop,Premium,Mumbai,Tier 1,2024-03-04 13:00:00,OTT_APP
EVT_000709,U00402,C002,KBC Season 15,GameShow,45.0,60,75.0,Mobile,Basic,Delhi,Tier 1,2024-01-15 17:00:00,OTT_APP
EVT_000710,,C001,Anupamaa S1,Series,22.5,45,50.0,Smart TV,Premium,Mumbai,Tier 1,2024-03-02 22:00:00,OTT_APP
EVT_000711,,C004,Panchayat S3,Series,22.5,30,75.0,Mobile,Basic,Hyderabad,Tier 2,2024-02-09 16:00:00,OTT_APP
EVT_000712,U00060,C002,KBC Season 15,GameShow,45.0,60,75.0,Mobile,Premium,Bangalore,Tier 1,2024-02-19 22:00:00,OTT_APP
EVT_000713,U00240,C001,Anupamaa S1,Series,33.8,45,75.0,Mobile,Free,Hyderabad,Tier 2,2024-01-12 16:00:00,OTT_APP
EVT_000714,U00328,C005,Mirzapur S3,Thriller,55.0,55,100.0,Smart TV,Premium,Chennai,Tier 1,2024-01-03 15:00:00,OTT_APP
EVT_000715,U00396,C002,KBC Season 15,GameShow,15.0,60,25.0,Laptop,Free,Chennai,Tier 1,2024-03-09 16:00:00,OTT_APP
EVT_000716,U00491,C003,IPL 2024 Final,Sports,52.5,210,25.0,Mobile,Basic,Chennai,Tier 1,2024-01-15 06:00:00,OTT_APP
EVT_000717,U00483,C005,Mirzapur S3,Thriller,27.5,55,50.0,Tablet,Basic,Chennai,Tier 1,2024-02-04 10:00:00,OTT_APP
EVT_000718,U00228,C002,KBC Season 15,GameShow,15.0,60,25.0,Mobile,Basic,Hyderabad,Tier 2,2024-02-13 23:00:00,OTT_APP
EVT_000719,U00028,C001,Anupamaa S1,Series,22.5,45,50.0,Mobile,Annual,Mumbai,Tier 1,2024-01-14 18:00:00,OTT_APP
EVT_000720,U00316,C004,Panchayat S3,Series,7.5,30,25.0,Tablet,Premium,Hyderabad,Tier 2,2024-03-16 20:00:00,OTT_APP
EVT_000721,U00291,C003,IPL 2024 Final,Sports,210.0,210,100.0,Smart TV,Free,Hyderabad,Tier 2,2024-01-11 20:00:00,OTT_APP
EVT_000722,U00241,C004,Panchayat S3,Series,7.5,30,25.0,Smart TV,Basic,Chennai,Tier 1,2024-03-28 20:00:00,OTT_APP
EVT_000723,U00201,C002,KBC Season 15,GameShow,60.0,60,100.0,Smart TV,Premium,Hyderabad,Tier 2,2024-02-03 17:00:00,OTT_APP
EVT_000724,U00058,C003,IPL 2024 Final,Sports,105.0,210,50.0,Tablet,Annual,Mumbai,Tier 1,2024-01-09 21:00:00,OTT_APP
EVT_000725,U00261,C004,Panchayat S3,Series,30.0,30,100.0,Mobile,Annual,Chennai,Tier 1,2024-02-14 10:00:00,OTT_APP
EVT_000726,U00237,C001,Anupamaa S1,Series,22.5,45,50.0,Laptop,Annual,Mumbai,Tier 1,2024-02-08 23:00:00,OTT_APP
EVT_000727,U00197,C002,KBC Season 15,GameShow,45.0,60,75.0,Mobile,Premium,Hyderabad,Tier 2,2024-01-21 21:00:00,OTT_APP
EVT_000728,U00291,C002,KBC Season 15,GameShow,60.0,60,100.0,Tablet,Basic,Hyderabad,Tier 2,2024-02-25 19:00:00,OTT_APP
EVT_000729,U00059,C002,KBC Season 15,GameShow,45.0,60,75.0,Laptop,Premium,Mumbai,Tier 1,2024-03-14 21:00:00,OTT_APP
EVT_000730,U00490,C005,Mirzapur S3,Thriller,13.8,55,25.0,Laptop,Free,Bangalore,Tier 1,2024-01-23 15:00:00,OTT_APP
EVT_000731,U00254,C005,Mirzapur S3,Thriller,13.8,55,25.0,Mobile,Free,Hyderabad,Tier 2,2024-02-18 16:00:00,OTT_APP
EVT_000732,U00388,C002,KBC Season 15,GameShow,60.0,60,100.0,Smart TV,Basic,Hyderabad,Tier 2,2024-03-22 06:00:00,OTT_APP
EVT_000733,U00101,C004,Panchayat S3,Series,22.5,30,75.0,Smart TV,Premium,Bangalore,Tier 1,2024-03-19 20:00:00,OTT_APP
EVT_000734,U00046,C003,IPL 2024 Final,Sports,157.5,210,75.0,Mobile,Annual,Chennai,Tier 1,2024-02-25 17:00:00,OTT_APP
EVT_000735,U00496,C002,KBC Season 15,GameShow,60.0,60,100.0,Mobile,Free,Mumbai,Tier 1,2024-02-17 23:00:00,OTT_APP
EVT_000736,U00444,C005,Mirzapur S3,Thriller,55.0,55,100.0,Mobile,Basic,Chennai,Tier 1,2024-01-15 15:00:00,OTT_APP
EVT_000737,U00365,C004,Panchayat S3,Series,22.5,30,75.0,Laptop,Annual,Bangalore,Tier 1,2024-03-21 16:00:00,OTT_APP
EVT_000738,,C004,Panchayat S3,Series,15.0,30,50.0,Smart TV,Basic,Delhi,Tier 1,2024-03-25 11:00:00,OTT_APP
EVT_000739,U00148,C005,Mirzapur S3,Thriller,27.5,55,50.0,Smart TV,Basic,Chennai,Tier 1,2024-02-23 10:00:00,OTT_APP
EVT_000740,U00337,C001,Anupamaa S1,Series,11.2,45,25.0,Laptop,Basic,Mumbai,Tier 1,2024-01-19 21:00:00,OTT_APP
EVT_000741,U00320,C001,Anupamaa S1,Series,11.2,45,25.0,Smart TV,Annual,Bangalore,Tier 1,2024-02-28 19:00:00,OTT_APP
EVT_000742,U00116,C005,Mirzapur S3,Thriller,27.5,55,50.0,Smart TV,Annual,Bangalore,Tier 1,2024-02-19 17:00:00,OTT_APP
EVT_000743,U00138,C005,Mirzapur S3,Thriller,13.8,55,25.0,Laptop,Premium,Bangalore,Tier 1,2024-01-31 22:00:00,OTT_APP
EVT_000744,U00058,C001,Anupamaa S1,Series,45.0,45,100.0,Laptop,Free,Hyderabad,Tier 2,2024-03-02 17:00:00,OTT_APP
EVT_000745,U00265,C002,KBC Season 15,GameShow,45.0,60,75.0,Mobile,Free,Hyderabad,Tier 2,2024-02-05 20:00:00,OTT_APP
EVT_000746,U00409,C002,KBC Season 15,GameShow,30.0,60,50.0,Tablet,Free,Mumbai,Tier 1,2024-03-28 23:00:00,OTT_APP
EVT_000747,,C003,IPL 2024 Final,Sports,157.5,210,75.0,Laptop,Premium,Mumbai,Tier 1,2024-03-01 20:00:00,OTT_APP
EVT_000748,U00019,C004,Panchayat S3,Series,15.0,30,50.0,Tablet,Premium,Chennai,Tier 1,2024-02-07 11:00:00,OTT_APP
EVT_000749,U00337,C001,Anupamaa S1,Series,33.8,45,75.0,Tablet,Free,Hyderabad,Tier 2,2024-01-22 07:00:00,OTT_APP
EVT_000750,U00436,C003,IPL 2024 Final,Sports,105.0,210,50.0,Tablet,Premium,Delhi,Tier 1,2024-03-05 08:00:00,OTT_APP
EVT_000751,U00380,C002,KBC Season 15,GameShow,45.0,60,75.0,Mobile,Basic,Chennai,Tier 1,2024-02-02 06:00:00,OTT_APP
EVT_000752,U00134,C005,Mirzapur S3,Thriller,41.2,55,75.0,Smart TV,Annual,Bangalore,Tier 1,2024-02-17 11:00:00,OTT_APP
EVT_000753,U00496,C002,KBC Season 15,GameShow,60.0,60,100.0,Smart TV,Basic,Mumbai,Tier 1,2024-02-13 08:00:00,OTT_APP
EVT_000754,U00339,C004,Panchayat S3,Series,30.0,30,100.0,Laptop,Basic,Bangalore,Tier 1,2024-02-19 13:00:00,OTT_APP
EVT_000755,U00387,C002,KBC Season 15,GameShow,45.0,60,75.0,Mobile,Free,Chennai,Tier 1,2024-01-07 14:00:00,OTT_APP
EVT_000756,U00383,C002,KBC Season 15,GameShow,30.0,60,50.0,Smart TV,Annual,Bangalore,Tier 1,2024-02-08 21:00:00,OTT_APP
EVT_000757,U00007,C004,Panchayat S3,Series,15.0,30,50.0,Tablet,Annual,Delhi,Tier 1,2024-03-08 19:00:00,OTT_APP
EVT_000758,U00050,C004,Panchayat S3,Series,22.5,30,75.0,Tablet,Annual,Hyderabad,Tier 2,2024-03-28 07:00:00,OTT_APP
EVT_000759,U00137,C005,Mirzapur S3,Thriller,55.0,55,100.0,Mobile,Premium,Chennai,Tier 1,2024-02-12 14:00:00,OTT_APP
EVT_000760,U00267,C005,Mirzapur S3,Thriller,27.5,55,50.0,Tablet,Basic,Delhi,Tier 1,2024-03-27 12:00:00,OTT_APP
EVT_000761,U00211,C003,IPL 2024 Final,Sports,157.5,210,75.0,Mobile,Free,Mumbai,Tier 1,2024-01-09 06:00:00,OTT_APP
EVT_000762,U00018,C004,Panchayat S3,Series,15.0,30,50.0,Mobile,Free,Chennai,Tier 1,2024-02-02 12:00:00,OTT_APP
EVT_000763,U00363,C001,Anupamaa S1,Series,45.0,45,100.0,Mobile,Free,Delhi,Tier 1,2024-03-17 09:00:00,OTT_APP
EVT_000764,U00357,C005,Mirzapur S3,Thriller,13.8,55,25.0,Smart TV,Premium,Hyderabad,Tier 2,2024-01-24 09:00:00,OTT_APP
EVT_000765,U00473,C003,IPL 2024 Final,Sports,105.0,210,50.0,Tablet,Annual,Mumbai,Tier 1,2024-03-22 20:00:00,OTT_APP
EVT_000766,U00196,C003,IPL 2024 Final,Sports,105.0,210,50.0,Laptop,Premium,Mumbai,Tier 1,2024-02-05 07:00:00,OTT_APP
EVT_000767,U00036,C001,Anupamaa S1,Series,22.5,45,50.0,Laptop,Basic,Chennai,Tier 1,2024-01-23 20:00:00,OTT_APP
EVT_000768,U00277,C005,Mirzapur S3,Thriller,27.5,55,50.0,Laptop,Basic,Bangalore,Tier 1,2024-01-14 10:00:00,OTT_APP
EVT_000769,U00018,C005,Mirzapur S3,Thriller,41.2,55,75.0,Mobile,Free,Bangalore,Tier 1,2024-02-03 09:00:00,OTT_APP
EVT_000770,U00077,C005,Mirzapur S3,Thriller,41.2,55,75.0,Mobile,Free,Bangalore,Tier 1,2024-01-03 21:00:00,OTT_APP
EVT_000771,U00264,C004,Panchayat S3,Series,15.0,30,50.0,Laptop,Annual,Chennai,Tier 1,2024-02-20 06:00:00,OTT_APP
EVT_000772,U00002,C004,Panchayat S3,Series,15.0,30,50.0,Laptop,Annual,Mumbai,Tier 1,2024-03-10 13:00:00,OTT_APP
EVT_000773,U00206,C001,Anupamaa S1,Series,33.8,45,75.0,Mobile,Free,Chennai,Tier 1,2024-02-12 15:00:00,OTT_APP
EVT_000774,U00390,C003,IPL 2024 Final,Sports,157.5,210,75.0,Tablet,Basic,Chennai,Tier 1,2024-01-11 20:00:00,OTT_APP
EVT_000775,U00154,C002,KBC Season 15,GameShow,45.0,60,75.0,Laptop,Free,Bangalore,Tier 1,2024-03-25 12:00:00,OTT_APP
EVT_000776,,C003,IPL 2024 Final,Sports,105.0,210,50.0,Smart TV,Free,Bangalore,Tier 1,2024-01-25 10:00:00,OTT_APP
EVT_000777,U00330,C005,Mirzapur S3,Thriller,27.5,55,50.0,Tablet,Annual,Bangalore,Tier 1,2024-01-09 23:00:00,OTT_APP
EVT_000778,U00174,C005,Mirzapur S3,Thriller,55.0,55,100.0,Mobile,Premium,Bangalore,Tier 1,2024-01-03 07:00:00,OTT_APP
EVT_000779,U00235,C001,Anupamaa S1,Series,22.5,45,50.0,Smart TV,Basic,Delhi,Tier 1,2024-03-24 22:00:00,OTT_APP
EVT_000780,U00242,C001,Anupamaa S1,Series,11.2,45,25.0,Mobile,Basic,Delhi,Tier 1,2024-03-03 06:00:00,OTT_APP
EVT_000781,U00234,C002,KBC Season 15,GameShow,15.0,60,25.0,Smart TV,Free,Mumbai,Tier 1,2024-02-09 09:00:00,OTT_APP
EVT_000782,U00033,C001,Anupamaa S1,Series,11.2,45,25.0,Smart TV,Annual,Hyderabad,Tier 2,2024-03-19 13:00:00,OTT_APP
EVT_000783,U00500,C003,IPL 2024 Final,Sports,210.0,210,100.0,Smart TV,Premium,Bangalore,Tier 1,2024-02-11 09:00:00,OTT_APP
EVT_000784,U00033,C002,KBC Season 15,GameShow,60.0,60,100.0,Mobile,Premium,Hyderabad,Tier 2,2024-01-23 16:00:00,OTT_APP
EVT_000785,U00284,C002,KBC Season 15,GameShow,60.0,60,100.0,Smart TV,Annual,Delhi,Tier 1,2024-03-30 17:00:00,OTT_APP
EVT_000786,U00406,C002,KBC Season 15,GameShow,60.0,60,100.0,Laptop,Basic,Mumbai,Tier 1,2024-01-18 09:00:00,OTT_APP
EVT_000787,U00092,C001,Anupamaa S1,Series,45.0,45,100.0,Mobile,Premium,Mumbai,Tier 1,2024-01-01 06:00:00,OTT_APP
EVT_000788,U00106,C004,Panchayat S3,Series,22.5,30,75.0,Smart TV,Premium,Bangalore,Tier 1,2024-03-29 10:00:00,OTT_APP
EVT_000789,U00306,C005,Mirzapur S3,Thriller,27.5,55,50.0,Smart TV,Annual,Delhi,Tier 1,2024-01-23 07:00:00,OTT_APP
EVT_000790,U00003,C005,Mirzapur S3,Thriller,55.0,55,100.0,Smart TV,Basic,Chennai,Tier 1,2024-02-14 19:00:00,OTT_APP
EVT_000791,U00442,C001,Anupamaa S1,Series,45.0,45,100.0,Smart TV,Annual,Mumbai,Tier 1,2024-03-20 17:00:00,OTT_APP
EVT_000792,,C002,KBC Season 15,GameShow,30.0,60,50.0,Laptop,Annual,Delhi,Tier 1,2024-01-15 10:00:00,OTT_APP
EVT_000793,U00146,C002,KBC Season 15,GameShow,15.0,60,25.0,Smart TV,Annual,Mumbai,Tier 1,2024-01-07 17:00:00,OTT_APP
EVT_000794,U00380,C003,IPL 2024 Final,Sports,105.0,210,50.0,Mobile,Basic,Bangalore,Tier 1,2024-01-06 09:00:00,OTT_APP
EVT_000795,U00037,C002,KBC Season 15,GameShow,60.0,60,100.0,Smart TV,Annual,Bangalore,Tier 1,2024-03-06 09:00:00,OTT_APP
EVT_000796,U00118,C005,Mirzapur S3,Thriller,41.2,55,75.0,Mobile,Premium,Bangalore,Tier 1,2024-01-26 16:00:00,OTT_APP
EVT_000797,U00457,C002,KBC Season 15,GameShow,15.0,60,25.0,Smart TV,Free,Bangalore,Tier 1,2024-01-26 18:00:00,OTT_APP
EVT_000798,U00111,C004,Panchayat S3,Series,22.5,30,75.0,Laptop,Basic,Mumbai,Tier 1,2024-02-25 10:00:00,OTT_APP
EVT_000799,U00500,C004,Panchayat S3,Series,15.0,30,50.0,Tablet,Basic,Bangalore,Tier 1,2024-01-25 17:00:00,OTT_APP
EVT_000800,U00070,C003,IPL 2024 Final,Sports,52.5,210,25.0,Mobile,Annual,Hyderabad,Tier 2,2024-01-08 14:00:00,OTT_APP
EVT_000801,U00310,C004,Panchayat S3,Series,15.0,30,50.0,Smart TV,Basic,Chennai,Tier 1,2024-01-29 15:00:00,OTT_APP
EVT_000802,U00439,C005,Mirzapur S3,Thriller,55.0,55,100.0,Laptop,Basic,Delhi,Tier 1,2024-01-12 19:00:00,OTT_APP
EVT_000803,U00374,C005,Mirzapur S3,Thriller,27.5,55,50.0,Laptop,Basic,Bangalore,Tier 1,2024-02-05 06:00:00,OTT_APP
EVT_000804,U00468,C002,KBC Season 15,GameShow,30.0,60,50.0,Mobile,Annual,Hyderabad,Tier 2,2024-01-29 10:00:00,OTT_APP
EVT_000805,U00218,C001,Anupamaa S1,Series,11.2,45,25.0,Laptop,Annual,Bangalore,Tier 1,2024-03-05 07:00:00,OTT_APP
EVT_000806,U00386,C001,Anupamaa S1,Series,22.5,45,50.0,Mobile,Annual,Delhi,Tier 1,2024-01-11 23:00:00,OTT_APP
EVT_000807,U00009,C002,KBC Season 15,GameShow,15.0,60,25.0,Laptop,Premium,Chennai,Tier 1,2024-01-31 08:00:00,OTT_APP
EVT_000808,U00500,C002,KBC Season 15,GameShow,45.0,60,75.0,Laptop,Annual,Hyderabad,Tier 2,2024-03-15 06:00:00,OTT_APP
EVT_000809,U00321,C002,KBC Season 15,GameShow,60.0,60,100.0,Laptop,Free,Bangalore,Tier 1,2024-01-24 17:00:00,OTT_APP
EVT_000810,U00152,C001,Anupamaa S1,Series,22.5,45,50.0,Laptop,Premium,Chennai,Tier 1,2024-03-08 07:00:00,OTT_APP
EVT_000811,U00318,C005,Mirzapur S3,Thriller,41.2,55,75.0,Tablet,Free,Delhi,Tier 1,2024-03-28 08:00:00,OTT_APP
EVT_000812,U00197,C005,Mirzapur S3,Thriller,55.0,55,100.0,Tablet,Annual,Chennai,Tier 1,2024-01-07 09:00:00,OTT_APP
EVT_000813,U00361,C005,Mirzapur S3,Thriller,13.8,55,25.0,Mobile,Basic,Chennai,Tier 1,2024-01-23 23:00:00,OTT_APP
EVT_000814,U00333,C002,KBC Season 15,GameShow,60.0,60,100.0,Laptop,Basic,Delhi,Tier 1,2024-03-10 09:00:00,OTT_APP
EVT_000815,U00142,C002,KBC Season 15,GameShow,30.0,60,50.0,Mobile,Free,Chennai,Tier 1,2024-03-05 19:00:00,OTT_APP
EVT_000816,U00425,C003,IPL 2024 Final,Sports,105.0,210,50.0,Mobile,Annual,Bangalore,Tier 1,2024-03-05 22:00:00,OTT_APP
EVT_000817,U00318,C005,Mirzapur S3,Thriller,41.2,55,75.0,Tablet,Free,Hyderabad,Tier 2,2024-02-07 20:00:00,OTT_APP
EVT_000818,U00201,C002,KBC Season 15,GameShow,60.0,60,100.0,Smart TV,Premium,Bangalore,Tier 1,2024-01-12 08:00:00,OTT_APP
EVT_000819,U00255,C001,Anupamaa S1,Series,11.2,45,25.0,Smart TV,Basic,Chennai,Tier 1,2024-01-15 10:00:00,OTT_APP
EVT_000820,U00497,C005,Mirzapur S3,Thriller,55.0,55,100.0,Smart TV,Annual,Mumbai,Tier 1,2024-02-07 19:00:00,OTT_APP
EVT_000821,U00033,C003,IPL 2024 Final,Sports,105.0,210,50.0,Mobile,Basic,Mumbai,Tier 1,2024-02-07 12:00:00,OTT_APP
EVT_000822,U00336,C005,Mirzapur S3,Thriller,41.2,55,75.0,Tablet,Annual,Bangalore,Tier 1,2024-03-15 16:00:00,OTT_APP
EVT_000823,U00235,C005,Mirzapur S3,Thriller,41.2,55,75.0,Tablet,Basic,Hyderabad,Tier 2,2024-03-11 20:00:00,OTT_APP
EVT_000824,U00191,C003,IPL 2024 Final,Sports,52.5,210,25.0,Tablet,Free,Chennai,Tier 1,2024-01-30 21:00:00,OTT_APP
EVT_000825,U00365,C002,KBC Season 15,GameShow,30.0,60,50.0,Tablet,Basic,Bangalore,Tier 1,2024-01-22 11:00:00,OTT_APP
EVT_000826,U00060,C002,KBC Season 15,GameShow,60.0,60,100.0,Mobile,Premium,Delhi,Tier 1,2024-01-21 13:00:00,OTT_APP
EVT_000827,U00106,C005,Mirzapur S3,Thriller,13.8,55,25.0,Mobile,Premium,Chennai,Tier 1,2024-02-17 11:00:00,OTT_APP
EVT_000828,U00274,C003,IPL 2024 Final,Sports,52.5,210,25.0,Tablet,Free,Bangalore,Tier 1,2024-03-10 11:00:00,OTT_APP
EVT_000829,U00476,C001,Anupamaa S1,Series,22.5,45,50.0,Tablet,Basic,Bangalore,Tier 1,2024-01-19 20:00:00,OTT_APP
EVT_000830,U00332,C001,Anupamaa S1,Series,45.0,45,100.0,Tablet,Annual,Hyderabad,Tier 2,2024-03-05 16:00:00,OTT_APP
EVT_000831,U00410,C003,IPL 2024 Final,Sports,210.0,210,100.0,Laptop,Premium,Hyderabad,Tier 2,2024-03-26 10:00:00,OTT_APP
EVT_000832,U00060,C001,Anupamaa S1,Series,33.8,45,75.0,Tablet,Free,Mumbai,Tier 1,2024-01-18 23:00:00,OTT_APP
EVT_000833,U00048,C004,Panchayat S3,Series,22.5,30,75.0,Tablet,Free,Delhi,Tier 1,2024-02-27 17:00:00,OTT_APP
EVT_000834,U00401,C005,Mirzapur S3,Thriller,41.2,55,75.0,Tablet,Basic,Hyderabad,Tier 2,2024-03-08 13:00:00,OTT_APP
EVT_000835,U00500,C001,Anupamaa S1,Series,11.2,45,25.0,Laptop,Basic,Bangalore,Tier 1,2024-03-27 08:00:00,OTT_APP
EVT_000836,U00466,C004,Panchayat S3,Series,15.0,30,50.0,Tablet,Annual,Hyderabad,Tier 2,2024-03-06 07:00:00,OTT_APP
EVT_000837,U00191,C002,KBC Season 15,GameShow,45.0,60,75.0,Mobile,Premium,Bangalore,Tier 1,2024-02-17 18:00:00,OTT_APP
EVT_000838,U00111,C003,IPL 2024 Final,Sports,105.0,210,50.0,Laptop,Annual,Bangalore,Tier 1,2024-03-12 08:00:00,OTT_APP
EVT_000839,U00428,C004,Panchayat S3,Series,15.0,30,50.0,Mobile,Basic,Bangalore,Tier 1,2024-02-23 10:00:00,OTT_APP
EVT_000840,U00478,C002,KBC Season 15,GameShow,30.0,60,50.0,Laptop,Free,Hyderabad,Tier 2,2024-02-12 08:00:00,OTT_APP
EVT_000841,U00285,C001,Anupamaa S1,Series,22.5,45,50.0,Laptop,Basic,Chennai,Tier 1,2024-02-23 11:00:00,OTT_APP
EVT_000842,U00252,C002,KBC Season 15,GameShow,15.0,60,25.0,Mobile,Premium,Bangalore,Tier 1,2024-02-07 23:00:00,OTT_APP
EVT_000843,U00014,C005,Mirzapur S3,Thriller,27.5,55,50.0,Mobile,Basic,Hyderabad,Tier 2,2024-02-29 13:00:00,OTT_APP
EVT_000844,U00214,C003,IPL 2024 Final,Sports,105.0,210,50.0,Smart TV,Annual,Bangalore,Tier 1,2024-01-16 15:00:00,OTT_APP
EVT_000845,U00307,C002,KBC Season 15,GameShow,15.0,60,25.0,Tablet,Annual,Chennai,Tier 1,2024-03-04 08:00:00,OTT_APP
EVT_000846,U00499,C005,Mirzapur S3,Thriller,27.5,55,50.0,Mobile,Premium,Chennai,Tier 1,2024-03-21 21:00:00,OTT_APP
EVT_000847,U00298,C005,Mirzapur S3,Thriller,41.2,55,75.0,Mobile,Basic,Mumbai,Tier 1,2024-02-03 11:00:00,OTT_APP
EVT_000848,U00028,C003,IPL 2024 Final,Sports,105.0,210,50.0,Tablet,Premium,Delhi,Tier 1,2024-02-15 11:00:00,OTT_APP
EVT_000849,U00150,C004,Panchayat S3,Series,22.5,30,75.0,Mobile,Basic,Chennai,Tier 1,2024-01-07 15:00:00,OTT_APP
EVT_000850,U00166,C002,KBC Season 15,GameShow,60.0,60,100.0,Tablet,Premium,Hyderabad,Tier 2,2024-01-22 23:00:00,OTT_APP
EVT_000851,U00297,C003,IPL 2024 Final,Sports,157.5,210,75.0,Tablet,Basic,Chennai,Tier 1,2024-01-13 23:00:00,OTT_APP
EVT_000852,U00211,C001,Anupamaa S1,Series,11.2,45,25.0,Tablet,Basic,Chennai,Tier 1,2024-02-17 21:00:00,OTT_APP
EVT_000853,,C001,Anupamaa S1,Series,22.5,45,50.0,Mobile,Annual,Hyderabad,Tier 2,2024-01-29 12:00:00,OTT_APP
EVT_000854,U00246,C004,Panchayat S3,Series,30.0,30,100.0,Tablet,Premium,Mumbai,Tier 1,2024-01-17 06:00:00,OTT_APP
EVT_000855,U00391,C003,IPL 2024 Final,Sports,52.5,210,25.0,Tablet,Basic,Bangalore,Tier 1,2024-03-17 22:00:00,OTT_APP
EVT_000856,U00439,C003,IPL 2024 Final,Sports,52.5,210,25.0,Smart TV,Basic,Mumbai,Tier 1,2024-01-29 10:00:00,OTT_APP
EVT_000857,U00354,C003,IPL 2024 Final,Sports,52.5,210,25.0,Mobile,Free,Delhi,Tier 1,2024-01-11 19:00:00,OTT_APP
EVT_000858,U00056,C001,Anupamaa S1,Series,45.0,45,100.0,Mobile,Free,Bangalore,Tier 1,2024-01-06 12:00:00,OTT_APP
EVT_000859,U00155,C004,Panchayat S3,Series,7.5,30,25.0,Mobile,Free,Chennai,Tier 1,2024-01-06 08:00:00,OTT_APP
EVT_000860,U00095,C001,Anupamaa S1,Series,45.0,45,100.0,Tablet,Free,Delhi,Tier 1,2024-03-16 12:00:00,OTT_APP
EVT_000861,U00181,C001,Anupamaa S1,Series,11.2,45,25.0,Smart TV,Basic,Chennai,Tier 1,2024-03-15 17:00:00,OTT_APP
EVT_000862,U00271,C005,Mirzapur S3,Thriller,41.2,55,75.0,Smart TV,Basic,Mumbai,Tier 1,2024-03-15 06:00:00,OTT_APP
EVT_000863,U00474,C003,IPL 2024 Final,Sports,52.5,210,25.0,Smart TV,Annual,Hyderabad,Tier 2,2024-01-01 09:00:00,OTT_APP
EVT_000864,U00093,C003,IPL 2024 Final,Sports,157.5,210,75.0,Tablet,Annual,Delhi,Tier 1,2024-02-26 09:00:00,OTT_APP
EVT_000865,U00390,C004,Panchayat S3,Series,15.0,30,50.0,Tablet,Free,Delhi,Tier 1,2024-02-22 09:00:00,OTT_APP
EVT_000866,U00361,C004,Panchayat S3,Series,7.5,30,25.0,Tablet,Free,Delhi,Tier 1,2024-03-04 17:00:00,OTT_APP
EVT_000867,U00234,C001,Anupamaa S1,Series,22.5,45,50.0,Tablet,Annual,Mumbai,Tier 1,2024-02-19 15:00:00,OTT_APP
EVT_000868,U00439,C002,KBC Season 15,GameShow,45.0,60,75.0,Mobile,Annual,Chennai,Tier 1,2024-02-24 12:00:00,OTT_APP
EVT_000869,U00203,C003,IPL 2024 Final,Sports,52.5,210,25.0,Laptop,Free,Bangalore,Tier 1,2024-03-27 09:00:00,OTT_APP
EVT_000870,U00380,C001,Anupamaa S1,Series,90.0,45,25.0,Smart TV,Free,Bangalore,Tier 1,2024-03-29 09:00:00,OTT_APP
EVT_000871,U00063,C003,IPL 2024 Final,Sports,210.0,210,100.0,Smart TV,Annual,Chennai,Tier 1,2024-01-26 18:00:00,OTT_APP
EVT_000872,U00388,C004,Panchayat S3,Series,15.0,30,50.0,Laptop,Premium,Hyderabad,Tier 2,2024-03-16 14:00:00,OTT_APP
EVT_000873,U00143,C004,Panchayat S3,Series,22.5,30,75.0,Smart TV,Annual,Bangalore,Tier 1,2024-03-03 22:00:00,OTT_APP
EVT_000874,U00322,C001,Anupamaa S1,Series,90.0,45,25.0,Smart TV,Free,Bangalore,Tier 1,2024-03-04 13:00:00,OTT_APP
EVT_000875,U00498,C001,Anupamaa S1,Series,33.8,45,75.0,Smart TV,Annual,Mumbai,Tier 1,2024-03-04 06:00:00,OTT_APP
EVT_000876,U00390,C005,Mirzapur S3,Thriller,41.2,55,75.0,Mobile,Annual,Delhi,Tier 1,2024-02-08 09:00:00,OTT_APP
EVT_000877,U00134,C004,Panchayat S3,Series,15.0,30,50.0,Tablet,Free,Bangalore,Tier 1,2024-03-03 22:00:00,OTT_APP
EVT_000878,U00162,C001,Anupamaa S1,Series,45.0,45,100.0,Laptop,Annual,Mumbai,Tier 1,2024-02-19 20:00:00,OTT_APP
EVT_000879,U00453,C004,Panchayat S3,Series,7.5,30,25.0,Smart TV,Annual,Delhi,Tier 1,2024-03-12 15:00:00,OTT_APP
EVT_000880,U00292,C004,Panchayat S3,Series,7.5,30,25.0,Laptop,Annual,Bangalore,Tier 1,2024-03-03 09:00:00,OTT_APP
EVT_000881,U00201,C004,Panchayat S3,Series,22.5,30,75.0,Tablet,Annual,Delhi,Tier 1,2024-03-05 07:00:00,OTT_APP
EVT_000882,U00393,C005,Mirzapur S3,Thriller,55.0,55,100.0,Tablet,Premium,Hyderabad,Tier 2,2024-03-27 17:00:00,OTT_APP
EVT_000883,U00179,C001,Anupamaa S1,Series,11.2,45,25.0,Mobile,Premium,Mumbai,Tier 1,2024-01-17 17:00:00,OTT_APP
EVT_000884,U00180,C004,Panchayat S3,Series,7.5,30,25.0,Mobile,Basic,Chennai,Tier 1,2024-02-15 19:00:00,OTT_APP
EVT_000885,U00467,C002,KBC Season 15,GameShow,30.0,60,50.0,Mobile,Premium,Chennai,Tier 1,2024-03-16 08:00:00,OTT_APP
EVT_000886,U00020,C001,Anupamaa S1,Series,22.5,45,50.0,Laptop,Annual,Mumbai,Tier 1,2024-03-09 16:00:00,OTT_APP
EVT_000887,,C005,Mirzapur S3,Thriller,41.2,55,75.0,Laptop,Free,Bangalore,Tier 1,2024-02-04 06:00:00,OTT_APP
EVT_000888,U00414,C003,IPL 2024 Final,Sports,105.0,210,50.0,Laptop,Free,Bangalore,Tier 1,2024-02-11 09:00:00,OTT_APP
EVT_000889,U00086,C002,KBC Season 15,GameShow,30.0,60,50.0,Tablet,Premium,Hyderabad,Tier 2,2024-03-26 16:00:00,OTT_APP
EVT_000890,U00148,C004,Panchayat S3,Series,15.0,30,50.0,Tablet,Free,Mumbai,Tier 1,2024-03-09 12:00:00,OTT_APP
EVT_000891,U00368,C003,IPL 2024 Final,Sports,210.0,210,100.0,Mobile,Premium,Bangalore,Tier 1,2024-01-29 08:00:00,OTT_APP
EVT_000892,U00108,C003,IPL 2024 Final,Sports,52.5,210,25.0,Tablet,Free,Hyderabad,Tier 2,2024-03-01 19:00:00,OTT_APP
EVT_000893,U00161,C003,IPL 2024 Final,Sports,157.5,210,75.0,Smart TV,Annual,Chennai,Tier 1,2024-02-25 23:00:00,OTT_APP
EVT_000894,U00093,C004,Panchayat S3,Series,15.0,30,50.0,Mobile,Basic,Hyderabad,Tier 2,2024-02-28 23:00:00,OTT_APP
EVT_000895,U00415,C005,Mirzapur S3,Thriller,27.5,55,50.0,Laptop,Free,Bangalore,Tier 1,2024-02-04 23:00:00,OTT_APP
EVT_000896,,C005,Mirzapur S3,Thriller,27.5,55,50.0,Tablet,Annual,Bangalore,Tier 1,2024-01-19 13:00:00,OTT_APP
EVT_000897,U00434,C004,Panchayat S3,Series,15.0,30,50.0,Laptop,Premium,Mumbai,Tier 1,2024-03-22 12:00:00,OTT_APP
EVT_000898,U00208,C003,IPL 2024 Final,Sports,157.5,210,75.0,Smart TV,Free,Chennai,Tier 1,2024-03-28 13:00:00,OTT_APP
EVT_000899,U00249,C002,KBC Season 15,GameShow,15.0,60,25.0,Laptop,Annual,Delhi,Tier 1,2024-02-09 20:00:00,OTT_APP
EVT_000900,U00133,C001,Anupamaa S1,Series,22.5,45,50.0,Tablet,Basic,Chennai,Tier 1,2024-01-18 06:00:00,OTT_APP
EVT_000901,U00441,C001,Anupamaa S1,Series,45.0,45,100.0,Mobile,Premium,Bangalore,Tier 1,2024-01-03 07:00:00,OTT_APP
EVT_000902,U00344,C005,Mirzapur S3,Thriller,27.5,55,50.0,Mobile,Annual,Mumbai,Tier 1,2024-02-22 17:00:00,OTT_APP
EVT_000903,U00268,C002,KBC Season 15,GameShow,30.0,60,50.0,Tablet,Annual,Hyderabad,Tier 2,2024-03-05 09:00:00,OTT_APP
EVT_000904,U00427,C001,Anupamaa S1,Series,22.5,45,50.0,Laptop,Basic,Mumbai,Tier 1,2024-02-10 16:00:00,OTT_APP
EVT_000905,,C004,Panchayat S3,Series,15.0,30,50.0,Tablet,Annual,Mumbai,Tier 1,2024-01-23 12:00:00,OTT_APP
EVT_000906,U00274,C004,Panchayat S3,Series,15.0,30,50.0,Tablet,Free,Hyderabad,Tier 2,2024-01-08 21:00:00,OTT_APP
EVT_000907,U00494,C003,IPL 2024 Final,Sports,157.5,210,75.0,Tablet,Basic,Bangalore,Tier 1,2024-03-28 13:00:00,OTT_APP
EVT_000908,U00331,C003,IPL 2024 Final,Sports,105.0,210,50.0,Mobile,Free,Chennai,Tier 1,2024-02-09 06:00:00,OTT_APP
EVT_000909,U00463,C002,KBC Season 15,GameShow,30.0,60,50.0,Mobile,Basic,Bangalore,Tier 1,2024-02-09 17:00:00,OTT_APP
EVT_000910,U00047,C004,Panchayat S3,Series,15.0,30,50.0,Smart TV,Premium,Bangalore,Tier 1,2024-02-02 15:00:00,OTT_APP
EVT_000911,U00451,C002,KBC Season 15,GameShow,60.0,60,100.0,Laptop,Free,Delhi,Tier 1,2024-02-26 16:00:00,OTT_APP
EVT_000912,U00475,C003,IPL 2024 Final,Sports,210.0,210,100.0,Tablet,Annual,Bangalore,Tier 1,2024-03-01 19:00:00,OTT_APP
EVT_000913,U00181,C001,Anupamaa S1,Series,45.0,45,100.0,Laptop,Premium,Chennai,Tier 1,2024-03-05 08:00:00,OTT_APP
EVT_000914,U00323,C004,Panchayat S3,Series,22.5,30,75.0,Laptop,Basic,Mumbai,Tier 1,2024-03-23 11:00:00,OTT_APP
EVT_000915,U00057,C001,Anupamaa S1,Series,22.5,45,50.0,Smart TV,Basic,Chennai,Tier 1,2024-02-10 08:00:00,OTT_APP
EVT_000916,U00406,C005,Mirzapur S3,Thriller,41.2,55,75.0,Tablet,Annual,Delhi,Tier 1,2024-03-17 19:00:00,OTT_APP
EVT_000917,U00352,C004,Panchayat S3,Series,30.0,30,100.0,Tablet,Premium,Delhi,Tier 1,2024-02-03 11:00:00,OTT_APP
EVT_000918,U00449,C002,KBC Season 15,GameShow,15.0,60,25.0,Laptop,Basic,Chennai,Tier 1,2024-01-24 18:00:00,OTT_APP
EVT_000919,U00465,C001,Anupamaa S1,Series,45.0,45,100.0,Mobile,Annual,Hyderabad,Tier 2,2024-03-23 13:00:00,OTT_APP
EVT_000920,U00317,C002,KBC Season 15,GameShow,30.0,60,50.0,Laptop,Premium,Delhi,Tier 1,2024-01-07 18:00:00,OTT_APP
EVT_000921,,C002,KBC Season 15,GameShow,15.0,60,25.0,Laptop,Annual,Chennai,Tier 1,2024-01-22 09:00:00,OTT_APP
EVT_000922,U00148,C004,Panchayat S3,Series,7.5,30,25.0,Laptop,Annual,Delhi,Tier 1,2024-01-25 14:00:00,OTT_APP
EVT_000923,U00422,C002,KBC Season 15,GameShow,30.0,60,50.0,Tablet,Basic,Delhi,Tier 1,2024-03-17 12:00:00,OTT_APP
EVT_000924,U00500,C004,Panchayat S3,Series,7.5,30,25.0,Tablet,Basic,Delhi,Tier 1,2024-01-04 15:00:00,OTT_APP
EVT_000925,U00044,C005,Mirzapur S3,Thriller,27.5,55,50.0,Mobile,Annual,Delhi,Tier 1,2024-02-17 20:00:00,OTT_APP
EVT_000926,U00366,C002,KBC Season 15,GameShow,60.0,60,100.0,Laptop,Annual,Bangalore,Tier 1,2024-03-28 12:00:00,OTT_APP
EVT_000927,U00027,C005,Mirzapur S3,Thriller,27.5,55,50.0,Tablet,Basic,Mumbai,Tier 1,2024-03-12 07:00:00,OTT_APP
EVT_000928,U00003,C004,Panchayat S3,Series,30.0,30,100.0,Tablet,Annual,Hyderabad,Tier 2,2024-03-26 07:00:00,OTT_APP
EVT_000929,U00022,C003,IPL 2024 Final,Sports,210.0,210,100.0,Smart TV,Premium,Chennai,Tier 1,2024-01-17 23:00:00,OTT_APP
EVT_000930,U00046,C002,KBC Season 15,GameShow,45.0,60,75.0,Tablet,Annual,Chennai,Tier 1,2024-02-29 10:00:00,OTT_APP
EVT_000931,U00256,C002,KBC Season 15,GameShow,30.0,60,50.0,Tablet,Premium,Chennai,Tier 1,2024-01-06 10:00:00,OTT_APP
EVT_000932,U00265,C004,Panchayat S3,Series,15.0,30,50.0,Tablet,Annual,Chennai,Tier 1,2024-03-19 14:00:00,OTT_APP
EVT_000933,U00437,C002,KBC Season 15,GameShow,30.0,60,50.0,Laptop,Free,Bangalore,Tier 1,2024-01-20 23:00:00,OTT_APP
EVT_000934,U00241,C002,KBC Season 15,GameShow,15.0,60,25.0,Tablet,Basic,Delhi,Tier 1,2024-01-24 07:00:00,OTT_APP
EVT_000935,U00183,C004,Panchayat S3,Series,15.0,30,50.0,Laptop,Annual,Bangalore,Tier 1,2024-01-06 20:00:00,OTT_APP
EVT_000936,U00048,C004,Panchayat S3,Series,7.5,30,25.0,Smart TV,Premium,Delhi,Tier 1,2024-01-16 17:00:00,OTT_APP
EVT_000937,U00299,C002,KBC Season 15,GameShow,60.0,60,100.0,Mobile,Basic,Hyderabad,Tier 2,2024-02-04 12:00:00,OTT_APP
EVT_000938,U00455,C004,Panchayat S3,Series,30.0,30,100.0,Tablet,Free,Delhi,Tier 1,2024-03-04 09:00:00,OTT_APP
EVT_000939,U00303,C003,IPL 2024 Final,Sports,157.5,210,75.0,Mobile,Premium,Mumbai,Tier 1,2024-02-20 17:00:00,OTT_APP
EVT_000940,U00233,C002,KBC Season 15,GameShow,15.0,60,25.0,Tablet,Free,Bangalore,Tier 1,2024-03-31 21:00:00,OTT_APP
EVT_000941,U00486,C003,IPL 2024 Final,Sports,210.0,210,100.0,Smart TV,Basic,Hyderabad,Tier 2,2024-02-27 16:00:00,OTT_APP
EVT_000942,U00381,C001,Anupamaa S1,Series,45.0,45,100.0,Mobile,Annual,Chennai,Tier 1,2024-02-11 07:00:00,OTT_APP
EVT_000943,U00046,C001,Anupamaa S1,Series,22.5,45,50.0,Mobile,Basic,Delhi,Tier 1,2024-01-31 18:00:00,OTT_APP
EVT_000944,U00062,C002,KBC Season 15,GameShow,30.0,60,50.0,Tablet,Annual,Bangalore,Tier 1,2024-02-06 10:00:00,OTT_APP
EVT_000945,U00184,C004,Panchayat S3,Series,22.5,30,75.0,Mobile,Premium,Chennai,Tier 1,2024-03-28 10:00:00,OTT_APP
EVT_000946,U00138,C005,Mirzapur S3,Thriller,13.8,55,25.0,Laptop,Free,Bangalore,Tier 1,2024-02-19 21:00:00,OTT_APP
EVT_000947,U00323,C004,Panchayat S3,Series,30.0,30,100.0,Laptop,Free,Hyderabad,Tier 2,2024-01-24 19:00:00,OTT_APP
EVT_000948,U00332,C001,Anupamaa S1,Series,33.8,45,75.0,Smart TV,Annual,Bangalore,Tier 1,2024-03-27 13:00:00,OTT_APP
EVT_000949,U00240,C005,Mirzapur S3,Thriller,41.2,55,75.0,Laptop,Free,Hyderabad,Tier 2,2024-01-11 15:00:00,OTT_APP
EVT_000950,U00431,C004,Panchayat S3,Series,15.0,30,50.0,Smart TV,Annual,Delhi,Tier 1,2024-03-28 15:00:00,OTT_APP
EVT_000951,U00263,C003,IPL 2024 Final,Sports,157.5,210,75.0,Mobile,Annual,Hyderabad,Tier 2,2024-01-10 07:00:00,OTT_APP
EVT_000952,U00131,C004,Panchayat S3,Series,7.5,30,25.0,Mobile,Free,Hyderabad,Tier 2,2024-02-02 17:00:00,OTT_APP
EVT_000953,U00432,C001,Anupamaa S1,Series,33.8,45,75.0,Laptop,Free,Bangalore,Tier 1,2024-01-23 11:00:00,OTT_APP
EVT_000954,U00388,C001,Anupamaa S1,Series,22.5,45,50.0,Laptop,Premium,Chennai,Tier 1,2024-02-10 20:00:00,OTT_APP
EVT_000955,U00041,C003,IPL 2024 Final,Sports,210.0,210,100.0,Tablet,Free,Delhi,Tier 1,2024-01-28 11:00:00,OTT_APP
EVT_000956,U00007,C004,Panchayat S3,Series,22.5,30,75.0,Smart TV,Annual,Mumbai,Tier 1,2024-02-20 09:00:00,OTT_APP
EVT_000957,U00317,C004,Panchayat S3,Series,22.5,30,75.0,Tablet,Annual,Hyderabad,Tier 2,2024-03-03 15:00:00,OTT_APP
EVT_000958,U00058,C003,IPL 2024 Final,Sports,52.5,210,25.0,Mobile,Basic,Delhi,Tier 1,2024-01-02 12:00:00,OTT_APP
EVT_000959,U00224,C001,Anupamaa S1,Series,22.5,45,50.0,Smart TV,Free,Delhi,Tier 1,2024-03-24 13:00:00,OTT_APP
EVT_000960,U00012,C003,IPL 2024 Final,Sports,210.0,210,100.0,Mobile,Basic,Delhi,Tier 1,2024-03-01 19:00:00,OTT_APP
EVT_000961,,C002,KBC Season 15,GameShow,45.0,60,75.0,Laptop,Basic,Bangalore,Tier 1,2024-03-03 21:00:00,OTT_APP
EVT_000962,,C002,KBC Season 15,GameShow,30.0,60,50.0,Mobile,Annual,Bangalore,Tier 1,2024-01-07 16:00:00,OTT_APP
EVT_000963,U00149,C004,Panchayat S3,Series,30.0,30,100.0,Mobile,Annual,Hyderabad,Tier 2,2024-03-17 23:00:00,OTT_APP
EVT_000964,U00119,C004,Panchayat S3,Series,15.0,30,50.0,Mobile,Free,Hyderabad,Tier 2,2024-03-19 21:00:00,OTT_APP
EVT_000965,U00458,C004,Panchayat S3,Series,22.5,30,75.0,Laptop,Annual,Hyderabad,Tier 2,2024-01-09 14:00:00,OTT_APP
EVT_000966,U00011,C001,Anupamaa S1,Series,22.5,45,50.0,Smart TV,Premium,Chennai,Tier 1,2024-02-27 19:00:00,OTT_APP
EVT_000967,U00113,C002,KBC Season 15,GameShow,30.0,60,50.0,Tablet,Annual,Bangalore,Tier 1,2024-01-30 22:00:00,OTT_APP
EVT_000968,U00408,C002,KBC Season 15,GameShow,60.0,60,100.0,Laptop,Basic,Bangalore,Tier 1,2024-02-23 17:00:00,OTT_APP
EVT_000969,U00067,C005,Mirzapur S3,Thriller,27.5,55,50.0,Smart TV,Basic,Mumbai,Tier 1,2024-03-26 21:00:00,OTT_APP
EVT_000970,U00156,C002,KBC Season 15,GameShow,45.0,60,75.0,Smart TV,Basic,Mumbai,Tier 1,2024-02-23 21:00:00,OTT_APP
EVT_000971,U00183,C005,Mirzapur S3,Thriller,13.8,55,25.0,Smart TV,Basic,Mumbai,Tier 1,2024-02-15 14:00:00,OTT_APP
EVT_000972,U00059,C005,Mirzapur S3,Thriller,13.8,55,25.0,Smart TV,Free,Mumbai,Tier 1,2024-02-13 19:00:00,OTT_APP
EVT_000973,U00394,C005,Mirzapur S3,Thriller,27.5,55,50.0,Mobile,Premium,Chennai,Tier 1,2024-02-13 17:00:00,OTT_APP
EVT_000974,U00362,C002,KBC Season 15,GameShow,60.0,60,100.0,Mobile,Annual,Hyderabad,Tier 2,2024-03-18 09:00:00,OTT_APP
EVT_000975,U00422,C004,Panchayat S3,Series,30.0,30,100.0,Mobile,Free,Mumbai,Tier 1,2024-01-14 09:00:00,OTT_APP
EVT_000976,U00373,C002,KBC Season 15,GameShow,45.0,60,75.0,Tablet,Annual,Delhi,Tier 1,2024-02-16 11:00:00,OTT_APP
EVT_000977,U00172,C005,Mirzapur S3,Thriller,27.5,55,50.0,Smart TV,Free,Mumbai,Tier 1,2024-01-20 17:00:00,OTT_APP
EVT_000978,U00428,C002,KBC Season 15,GameShow,30.0,60,50.0,Laptop,Premium,Bangalore,Tier 1,2024-01-01 13:00:00,OTT_APP
EVT_000979,U00367,C003,IPL 2024 Final,Sports,157.5,210,75.0,Laptop,Premium,Mumbai,Tier 1,2024-02-04 17:00:00,OTT_APP
EVT_000980,U00071,C002,KBC Season 15,GameShow,15.0,60,25.0,Laptop,Annual,Hyderabad,Tier 2,2024-02-23 13:00:00,OTT_APP
EVT_000981,U00484,C004,Panchayat S3,Series,30.0,30,100.0,Mobile,Annual,Hyderabad,Tier 2,2024-03-28 17:00:00,OTT_APP
EVT_000982,U00174,C002,KBC Season 15,GameShow,60.0,60,100.0,Tablet,Annual,Hyderabad,Tier 2,2024-01-09 08:00:00,OTT_APP
EVT_000983,U00463,C002,KBC Season 15,GameShow,30.0,60,50.0,Mobile,Premium,Bangalore,Tier 1,2024-01-05 10:00:00,OTT_APP
EVT_000984,U00466,C004,Panchayat S3,Series,15.0,30,50.0,Tablet,Free,Hyderabad,Tier 2,2024-02-08 16:00:00,OTT_APP
EVT_000985,U00229,C003,IPL 2024 Final,Sports,210.0,210,100.0,Smart TV,Annual,Hyderabad,Tier 2,2024-01-19 18:00:00,OTT_APP
EVT_000986,U00044,C003,IPL 2024 Final,Sports,210.0,210,100.0,Mobile,Premium,Bangalore,Tier 1,2024-01-26 15:00:00,OTT_APP
EVT_000987,U00146,C004,Panchayat S3,Series,22.5,30,75.0,Smart TV,Free,Delhi,Tier 1,2024-03-07 23:00:00,OTT_APP
EVT_000988,U00012,C005,Mirzapur S3,Thriller,41.2,55,75.0,Mobile,Premium,Hyderabad,Tier 2,2024-02-13 11:00:00,OTT_APP
EVT_000989,U00057,C002,KBC Season 15,GameShow,60.0,60,100.0,Mobile,Premium,Chennai,Tier 1,2024-02-24 22:00:00,OTT_APP
EVT_000990,U00388,C003,IPL 2024 Final,Sports,420.0,210,75.0,Mobile,Annual,Chennai,Tier 1,2024-01-16 07:00:00,OTT_APP
EVT_000991,U00121,C003,IPL 2024 Final,Sports,157.5,210,75.0,Smart TV,Premium,Mumbai,Tier 1,2024-02-28 16:00:00,OTT_APP
EVT_000992,U00366,C003,IPL 2024 Final,Sports,105.0,210,50.0,Laptop,Basic,Hyderabad,Tier 2,2024-03-27 10:00:00,OTT_APP
EVT_000993,U00233,C001,Anupamaa S1,Series,22.5,45,50.0,Mobile,Basic,Hyderabad,Tier 2,2024-01-25 17:00:00,OTT_APP
EVT_000994,U00218,C004,Panchayat S3,Series,30.0,30,100.0,Smart TV,Annual,Mumbai,Tier 1,2024-01-12 07:00:00,OTT_APP
EVT_000995,,C002,KBC Season 15,GameShow,30.0,60,50.0,Laptop,Premium,Chennai,Tier 1,2024-03-27 22:00:00,OTT_APP
EVT_000996,U00375,C005,Mirzapur S3,Thriller,27.5,55,50.0,Laptop,Basic,Bangalore,Tier 1,2024-02-26 21:00:00,OTT_APP
EVT_000997,U00496,C002,KBC Season 15,GameShow,45.0,60,75.0,Mobile,Basic,Bangalore,Tier 1,2024-02-28 10:00:00,OTT_APP
EVT_000998,U00472,C004,Panchayat S3,Series,15.0,30,50.0,Mobile,Annual,Delhi,Tier 1,2024-03-12 17:00:00,OTT_APP
EVT_000999,U00268,C001,Anupamaa S1,Series,11.2,45,25.0,Smart TV,Free,Hyderabad,Tier 2,2024-02-07 07:00:00,OTT_APP
EVT_001000,,C003,IPL 2024 Final,Sports,105.0,210,50.0,Mobile,Basic,Chennai,Tier 1,2024-02-08 15:00:00,OTT_APP
EVT_001001,U00456,C002,KBC Season 15,GameShow,60.0,60,100.0,Tablet,Basic,Bangalore,Tier 1,2024-01-07 15:00:00,OTT_APP
EVT_001002,U00281,C002,KBC Season 15,GameShow,60.0,60,100.0,Tablet,Free,Bangalore,Tier 1,2024-01-01 09:00:00,OTT_APP
EVT_001003,U00461,C001,Anupamaa S1,Series,22.5,45,50.0,Tablet,Annual,Hyderabad,Tier 2,2024-02-09 20:00:00,OTT_APP
EVT_001004,U00259,C004,Panchayat S3,Series,30.0,30,100.0,Laptop,Annual,Hyderabad,Tier 2,2024-01-17 10:00:00,OTT_APP
EVT_001005,U00199,C004,Panchayat S3,Series,7.5,30,25.0,Smart TV,Annual,Chennai,Tier 1,2024-01-12 19:00:00,OTT_APP
EVT_001006,U00444,C003,IPL 2024 Final,Sports,157.5,210,75.0,Smart TV,Free,Bangalore,Tier 1,2024-02-05 08:00:00,OTT_APP
EVT_001007,U00330,C005,Mirzapur S3,Thriller,41.2,55,75.0,Mobile,Basic,Chennai,Tier 1,2024-03-12 09:00:00,OTT_APP
EVT_001008,U00097,C005,Mirzapur S3,Thriller,41.2,55,75.0,Laptop,Free,Mumbai,Tier 1,2024-03-13 22:00:00,OTT_APP
EVT_001009,U00141,C001,Anupamaa S1,Series,33.8,45,75.0,Smart TV,Basic,Hyderabad,Tier 2,2024-01-24 06:00:00,OTT_APP
EVT_001010,U00206,C005,Mirzapur S3,Thriller,27.5,55,50.0,Mobile,Annual,Hyderabad,Tier 2,2024-03-18 16:00:00,OTT_APP
EVT_001011,U00441,C001,Anupamaa S1,Series,22.5,45,50.0,Tablet,Annual,Delhi,Tier 1,2024-02-23 06:00:00,OTT_APP
EVT_001012,U00147,C003,IPL 2024 Final,Sports,52.5,210,25.0,Smart TV,Basic,Mumbai,Tier 1,2024-03-10 11:00:00,OTT_APP
EVT_001013,U00348,C003,IPL 2024 Final,Sports,210.0,210,100.0,Smart TV,Free,Delhi,Tier 1,2024-02-09 19:00:00,OTT_APP
EVT_001014,U00153,C005,Mirzapur S3,Thriller,55.0,55,100.0,Laptop,Free,Delhi,Tier 1,2024-01-04 07:00:00,OTT_APP
EVT_001015,U00483,C003,IPL 2024 Final,Sports,52.5,210,25.0,Mobile,Free,Chennai,Tier 1,2024-02-03 18:00:00,OTT_APP
EVT_001016,U00253,C002,KBC Season 15,GameShow,30.0,60,50.0,Laptop,Free,Hyderabad,Tier 2,2024-03-16 13:00:00,OTT_APP
EVT_001017,U00034,C003,IPL 2024 Final,Sports,52.5,210,25.0,Laptop,Free,Bangalore,Tier 1,2024-03-11 19:00:00,OTT_APP
EVT_001018,U00494,C004,Panchayat S3,Series,22.5,30,75.0,Mobile,Basic,Mumbai,Tier 1,2024-02-04 23:00:00,OTT_APP
EVT_001019,U00229,C005,Mirzapur S3,Thriller,41.2,55,75.0,Mobile,Basic,Delhi,Tier 1,2024-02-08 19:00:00,OTT_APP
EVT_001020,U00488,C002,KBC Season 15,GameShow,30.0,60,50.0,Laptop,Annual,Delhi,Tier 1,2024-02-01 23:00:00,OTT_APP
EVT_001021,U00335,C001,Anupamaa S1,Series,11.2,45,25.0,Smart TV,Free,Bangalore,Tier 1,2024-03-20 15:00:00,OTT_APP
EVT_001022,U00430,C001,Anupamaa S1,Series,45.0,45,100.0,Laptop,Premium,Bangalore,Tier 1,2024-02-04 14:00:00,OTT_APP
EVT_001023,,C002,KBC Season 15,GameShow,45.0,60,75.0,Mobile,Premium,Hyderabad,Tier 2,2024-02-06 07:00:00,OTT_APP
EVT_001024,U00144,C001,Anupamaa S1,Series,22.5,45,50.0,Laptop,Basic,Mumbai,Tier 1,2024-01-18 23:00:00,OTT_APP
EVT_001025,U00326,C005,Mirzapur S3,Thriller,41.2,55,75.0,Tablet,Annual,Chennai,Tier 1,2024-03-28 16:00:00,OTT_APP
EVT_001026,U00236,C003,IPL 2024 Final,Sports,105.0,210,50.0,Tablet,Free,Chennai,Tier 1,2024-02-13 12:00:00,OTT_APP
EVT_001027,U00003,C002,KBC Season 15,GameShow,45.0,60,75.0,Mobile,Basic,Mumbai,Tier 1,2024-03-18 21:00:00,OTT_APP
EVT_001028,U00042,C004,Panchayat S3,Series,22.5,30,75.0,Mobile,Free,Bangalore,Tier 1,2024-02-20 23:00:00,OTT_APP
EVT_001029,U00199,C004,Panchayat S3,Series,22.5,30,75.0,Smart TV,Free,Chennai,Tier 1,2024-02-18 17:00:00,OTT_APP
EVT_001030,U00114,C001,Anupamaa S1,Series,22.5,45,50.0,Mobile,Premium,Delhi,Tier 1,2024-02-26 06:00:00,OTT_APP
EVT_001031,U00414,C003,IPL 2024 Final,Sports,52.5,210,25.0,Smart TV,Basic,Hyderabad,Tier 2,2024-03-21 15:00:00,OTT_APP
EVT_001032,U00464,C004,Panchayat S3,Series,30.0,30,100.0,Smart TV,Free,Mumbai,Tier 1,2024-02-05 21:00:00,OTT_APP
EVT_001033,U00292,C002,KBC Season 15,GameShow,60.0,60,100.0,Laptop,Basic,Bangalore,Tier 1,2024-01-15 14:00:00,OTT_APP
EVT_001034,U00034,C005,Mirzapur S3,Thriller,13.8,55,25.0,Smart TV,Free,Hyderabad,Tier 2,2024-03-27 11:00:00,OTT_APP
EVT_001035,U00374,C002,KBC Season 15,GameShow,30.0,60,50.0,Tablet,Basic,Hyderabad,Tier 2,2024-01-30 22:00:00,OTT_APP
EVT_001036,U00349,C001,Anupamaa S1,Series,45.0,45,100.0,Laptop,Free,Hyderabad,Tier 2,2024-03-19 14:00:00,OTT_APP
EVT_001037,U00433,C004,Panchayat S3,Series,22.5,30,75.0,Laptop,Premium,Mumbai,Tier 1,2024-02-11 19:00:00,OTT_APP
EVT_001038,U00265,C001,Anupamaa S1,Series,33.8,45,75.0,Mobile,Basic,Bangalore,Tier 1,2024-03-04 17:00:00,OTT_APP
EVT_001039,U00162,C001,Anupamaa S1,Series,22.5,45,50.0,Mobile,Annual,Bangalore,Tier 1,2024-03-09 20:00:00,OTT_APP
EVT_001040,U00354,C002,KBC Season 15,GameShow,30.0,60,50.0,Laptop,Free,Hyderabad,Tier 2,2024-01-04 13:00:00,OTT_APP
EVT_001041,U00321,C002,KBC Season 15,GameShow,15.0,60,25.0,Mobile,Free,Chennai,Tier 1,2024-02-09 08:00:00,OTT_APP
EVT_001042,U00431,C004,Panchayat S3,Series,15.0,30,50.0,Tablet,Basic,Mumbai,Tier 1,2024-03-16 16:00:00,OTT_APP
EVT_001043,U00267,C001,Anupamaa S1,Series,22.5,45,50.0,Smart TV,Free,Chennai,Tier 1,2024-01-07 16:00:00,OTT_APP
EVT_001044,U00297,C005,Mirzapur S3,Thriller,41.2,55,75.0,Mobile,Free,Mumbai,Tier 1,2024-03-21 20:00:00,OTT_APP
EVT_001045,U00401,C001,Anupamaa S1,Series,45.0,45,100.0,Smart TV,Free,Bangalore,Tier 1,2024-02-10 08:00:00,OTT_APP
EVT_001046,U00034,C004,Panchayat S3,Series,7.5,30,25.0,Mobile,Free,Hyderabad,Tier 2,2024-03-21 19:00:00,OTT_APP
EVT_001047,U00317,C005,Mirzapur S3,Thriller,13.8,55,25.0,Laptop,Basic,Bangalore,Tier 1,2024-02-21 09:00:00,OTT_APP
EVT_001048,U00197,C005,Mirzapur S3,Thriller,55.0,55,100.0,Laptop,Annual,Hyderabad,Tier 2,2024-01-02 20:00:00,OTT_APP
EVT_001049,U00233,C005,Mirzapur S3,Thriller,41.2,55,75.0,Tablet,Basic,Chennai,Tier 1,2024-03-24 06:00:00,OTT_APP
EVT_001050,U00464,C001,Anupamaa S1,Series,11.2,45,25.0,Smart TV,Premium,Hyderabad,Tier 2,2024-01-09 12:00:00,OTT_APP
EVT_001051,U00125,C003,IPL 2024 Final,Sports,105.0,210,50.0,Smart TV,Free,Hyderabad,Tier 2,2024-02-26 11:00:00,OTT_APP
EVT_001052,U00492,C001,Anupamaa S1,Series,11.2,45,25.0,Tablet,Premium,Hyderabad,Tier 2,2024-02-25 22:00:00,OTT_APP
EVT_001053,U00159,C005,Mirzapur S3,Thriller,55.0,55,100.0,Tablet,Premium,Delhi,Tier 1,2024-01-19 21:00:00,OTT_APP
EVT_001054,U00030,C003,IPL 2024 Final,Sports,210.0,210,100.0,Smart TV,Free,Hyderabad,Tier 2,2024-03-16 10:00:00,OTT_APP
EVT_001055,U00403,C004,Panchayat S3,Series,15.0,30,50.0,Mobile,Premium,Delhi,Tier 1,2024-03-22 12:00:00,OTT_APP
EVT_001056,U00437,C002,KBC Season 15,GameShow,45.0,60,75.0,Tablet,Premium,Bangalore,Tier 1,2024-03-17 16:00:00,OTT_APP
EVT_001057,U00254,C004,Panchayat S3,Series,15.0,30,50.0,Smart TV,Free,Mumbai,Tier 1,2024-02-28 07:00:00,OTT_APP
EVT_001058,U00123,C002,KBC Season 15,GameShow,45.0,60,75.0,Laptop,Premium,Bangalore,Tier 1,2024-03-20 12:00:00,OTT_APP
EVT_001059,U00006,C004,Panchayat S3,Series,15.0,30,50.0,Mobile,Premium,Delhi,Tier 1,2024-01-01 17:00:00,OTT_APP
EVT_001060,U00100,C001,Anupamaa S1,Series,33.8,45,75.0,Tablet,Free,Delhi,Tier 1,2024-02-07 20:00:00,OTT_APP
EVT_001061,U00454,C001,Anupamaa S1,Series,11.2,45,25.0,Tablet,Basic,Chennai,Tier 1,2024-01-23 13:00:00,OTT_APP
EVT_001062,U00012,C003,IPL 2024 Final,Sports,210.0,210,100.0,Smart TV,Premium,Delhi,Tier 1,2024-01-23 12:00:00,OTT_APP
EVT_001063,U00174,C001,Anupamaa S1,Series,11.2,45,25.0,Smart TV,Premium,Delhi,Tier 1,2024-02-18 09:00:00,OTT_APP
EVT_001064,U00482,C004,Panchayat S3,Series,15.0,30,50.0,Laptop,Free,Chennai,Tier 1,2024-03-25 11:00:00,OTT_APP
EVT_001065,U00273,C001,Anupamaa S1,Series,11.2,45,25.0,Laptop,Premium,Delhi,Tier 1,2024-01-25 12:00:00,OTT_APP
EVT_001066,,C003,IPL 2024 Final,Sports,157.5,210,75.0,Tablet,Basic,Delhi,Tier 1,2024-01-06 12:00:00,OTT_APP
EVT_001067,U00496,C003,IPL 2024 Final,Sports,105.0,210,50.0,Laptop,Basic,Chennai,Tier 1,2024-01-17 22:00:00,OTT_APP
EVT_001068,U00261,C001,Anupamaa S1,Series,45.0,45,100.0,Laptop,Premium,Hyderabad,Tier 2,2024-01-09 11:00:00,OTT_APP
EVT_001069,U00270,C004,Panchayat S3,Series,22.5,30,75.0,Laptop,Annual,Delhi,Tier 1,2024-02-11 17:00:00,OTT_APP
EVT_001070,,C004,Panchayat S3,Series,15.0,30,50.0,Smart TV,Basic,Bangalore,Tier 1,2024-03-22 07:00:00,OTT_APP
EVT_001071,U00218,C004,Panchayat S3,Series,30.0,30,100.0,Laptop,Basic,Bangalore,Tier 1,2024-01-28 15:00:00,OTT_APP
EVT_001072,U00152,C003,IPL 2024 Final,Sports,105.0,210,50.0,Laptop,Premium,Mumbai,Tier 1,2024-01-18 08:00:00,OTT_APP
EVT_001073,U00219,C002,KBC Season 15,GameShow,45.0,60,75.0,Laptop,Annual,Bangalore,Tier 1,2024-03-06 16:00:00,OTT_APP
EVT_001074,U00196,C004,Panchayat S3,Series,15.0,30,50.0,Mobile,Basic,Bangalore,Tier 1,2024-02-10 14:00:00,OTT_APP
EVT_001075,U00151,C004,Panchayat S3,Series,15.0,30,50.0,Mobile,Premium,Mumbai,Tier 1,2024-02-15 08:00:00,OTT_APP
EVT_001076,U00280,C002,KBC Season 15,GameShow,15.0,60,25.0,Smart TV,Premium,Mumbai,Tier 1,2024-02-16 07:00:00,OTT_APP
EVT_001077,U00098,C002,KBC Season 15,GameShow,45.0,60,75.0,Smart TV,Premium,Chennai,Tier 1,2024-02-08 14:00:00,OTT_APP
EVT_001078,U00485,C001,Anupamaa S1,Series,45.0,45,100.0,Laptop,Free,Chennai,Tier 1,2024-02-14 18:00:00,OTT_APP
EVT_001079,U00117,C004,Panchayat S3,Series,22.5,30,75.0,Smart TV,Annual,Delhi,Tier 1,2024-02-20 13:00:00,OTT_APP
EVT_001080,,C002,KBC Season 15,GameShow,45.0,60,75.0,Mobile,Premium,Hyderabad,Tier 2,2024-02-29 20:00:00,OTT_APP
EVT_001081,U00231,C002,KBC Season 15,GameShow,30.0,60,50.0,Mobile,Premium,Bangalore,Tier 1,2024-01-27 20:00:00,OTT_APP
EVT_001082,U00256,C002,KBC Season 15,GameShow,45.0,60,75.0,Tablet,Premium,Delhi,Tier 1,2024-02-09 06:00:00,OTT_APP
EVT_001083,U00154,C002,KBC Season 15,GameShow,30.0,60,50.0,Tablet,Free,Bangalore,Tier 1,2024-03-29 23:00:00,OTT_APP
EVT_001084,U00291,C005,Mirzapur S3,Thriller,55.0,55,100.0,Laptop,Annual,Delhi,Tier 1,2024-01-20 16:00:00,OTT_APP
EVT_001085,U00097,C002,KBC Season 15,GameShow,60.0,60,100.0,Laptop,Free,Mumbai,Tier 1,2024-03-09 18:00:00,OTT_APP
EVT_001086,U00048,C003,IPL 2024 Final,Sports,157.5,210,75.0,Smart TV,Free,Bangalore,Tier 1,2024-03-22 15:00:00,OTT_APP
EVT_001087,U00096,C005,Mirzapur S3,Thriller,13.8,55,25.0,Smart TV,Free,Hyderabad,Tier 2,2024-03-03 06:00:00,OTT_APP
EVT_001088,U00036,C004,Panchayat S3,Series,15.0,30,50.0,Laptop,Free,Delhi,Tier 1,2024-02-07 22:00:00,OTT_APP
EVT_001089,U00201,C003,IPL 2024 Final,Sports,157.5,210,75.0,Smart TV,Free,Delhi,Tier 1,2024-02-11 19:00:00,OTT_APP
EVT_001090,U00490,C002,KBC Season 15,GameShow,45.0,60,75.0,Smart TV,Basic,Bangalore,Tier 1,2024-01-09 18:00:00,OTT_APP
EVT_001091,,C002,KBC Season 15,GameShow,30.0,60,50.0,Smart TV,Annual,Bangalore,Tier 1,2024-01-21 15:00:00,OTT_APP
EVT_001092,U00423,C003,IPL 2024 Final,Sports,105.0,210,50.0,Laptop,Basic,Delhi,Tier 1,2024-02-27 08:00:00,OTT_APP
EVT_001093,U00237,C005,Mirzapur S3,Thriller,27.5,55,50.0,Mobile,Free,Hyderabad,Tier 2,2024-03-03 20:00:00,OTT_APP
EVT_001094,U00201,C003,IPL 2024 Final,Sports,157.5,210,75.0,Smart TV,Annual,Bangalore,Tier 1,2024-02-14 15:00:00,OTT_APP
EVT_001095,U00197,C002,KBC Season 15,GameShow,15.0,60,25.0,Smart TV,Free,Hyderabad,Tier 2,2024-02-25 20:00:00,OTT_APP
EVT_001096,U00141,C004,Panchayat S3,Series,22.5,30,75.0,Tablet,Free,Mumbai,Tier 1,2024-01-31 11:00:00,OTT_APP
EVT_001097,U00189,C002,KBC Season 15,GameShow,60.0,60,100.0,Mobile,Free,Bangalore,Tier 1,2024-03-11 09:00:00,OTT_APP
EVT_001098,U00085,C005,Mirzapur S3,Thriller,55.0,55,100.0,Tablet,Basic,Chennai,Tier 1,2024-02-22 20:00:00,OTT_APP
EVT_001099,U00196,C005,Mirzapur S3,Thriller,13.8,55,25.0,Tablet,Annual,Mumbai,Tier 1,2024-01-10 20:00:00,OTT_APP
EVT_001100,U00364,C002,KBC Season 15,GameShow,30.0,60,50.0,Smart TV,Premium,Mumbai,Tier 1,2024-02-02 09:00:00,OTT_APP
EVT_001101,U00337,C004,Panchayat S3,Series,15.0,30,50.0,Smart TV,Annual,Mumbai,Tier 1,2024-01-11 23:00:00,OTT_APP
EVT_001102,U00430,C002,KBC Season 15,GameShow,30.0,60,50.0,Mobile,Free,Chennai,Tier 1,2024-01-21 11:00:00,OTT_APP
EVT_001103,U00040,C002,KBC Season 15,GameShow,30.0,60,50.0,Mobile,Premium,Hyderabad,Tier 2,2024-02-20 11:00:00,OTT_APP
EVT_001104,U00458,C002,KBC Season 15,GameShow,30.0,60,50.0,Smart TV,Annual,Delhi,Tier 1,2024-01-28 07:00:00,OTT_APP
EVT_001105,U00200,C001,Anupamaa S1,Series,45.0,45,100.0,Tablet,Annual,Hyderabad,Tier 2,2024-03-23 09:00:00,OTT_APP
EVT_001106,U00476,C001,Anupamaa S1,Series,33.8,45,75.0,Smart TV,Premium,Mumbai,Tier 1,2024-02-18 12:00:00,OTT_APP
EVT_001107,U00008,C002,KBC Season 15,GameShow,15.0,60,25.0,Tablet,Basic,Mumbai,Tier 1,2024-02-23 06:00:00,OTT_APP
EVT_001108,U00371,C001,Anupamaa S1,Series,22.5,45,50.0,Smart TV,Free,Mumbai,Tier 1,2024-03-26 11:00:00,OTT_APP
EVT_001109,U00321,C004,Panchayat S3,Series,22.5,30,75.0,Smart TV,Basic,Chennai,Tier 1,2024-02-11 23:00:00,OTT_APP
EVT_001110,U00110,C005,Mirzapur S3,Thriller,27.5,55,50.0,Mobile,Premium,Bangalore,Tier 1,2024-01-16 13:00:00,OTT_APP
EVT_001111,U00007,C003,IPL 2024 Final,Sports,52.5,210,25.0,Laptop,Basic,Bangalore,Tier 1,2024-03-24 16:00:00,OTT_APP
EVT_001112,U00023,C004,Panchayat S3,Series,15.0,30,50.0,Mobile,Basic,Chennai,Tier 1,2024-03-24 17:00:00,OTT_APP
EVT_001113,U00365,C004,Panchayat S3,Series,15.0,30,50.0,Smart TV,Premium,Hyderabad,Tier 2,2024-03-04 09:00:00,OTT_APP
EVT_001114,U00171,C001,Anupamaa S1,Series,33.8,45,75.0,Smart TV,Premium,Bangalore,Tier 1,2024-03-27 10:00:00,OTT_APP
EVT_001115,U00196,C004,Panchayat S3,Series,7.5,30,25.0,Smart TV,Free,Mumbai,Tier 1,2024-03-18 20:00:00,OTT_APP
EVT_001116,U00378,C002,KBC Season 15,GameShow,15.0,60,25.0,Laptop,Basic,Mumbai,Tier 1,2024-02-09 13:00:00,OTT_APP
EVT_001117,U00152,C005,Mirzapur S3,Thriller,13.8,55,25.0,Smart TV,Basic,Delhi,Tier 1,2024-02-17 21:00:00,OTT_APP
EVT_001118,U00379,C004,Panchayat S3,Series,15.0,30,50.0,Tablet,Basic,Mumbai,Tier 1,2024-01-31 20:00:00,OTT_APP
EVT_001119,U00332,C003,IPL 2024 Final,Sports,105.0,210,50.0,Tablet,Free,Mumbai,Tier 1,2024-03-07 19:00:00,OTT_APP
EVT_001120,,C002,KBC Season 15,GameShow,60.0,60,100.0,Mobile,Basic,Chennai,Tier 1,2024-02-13 13:00:00,OTT_APP
EVT_001121,U00094,C002,KBC Season 15,GameShow,45.0,60,75.0,Laptop,Free,Bangalore,Tier 1,2024-03-07 16:00:00,OTT_APP
EVT_001122,U00325,C001,Anupamaa S1,Series,45.0,45,100.0,Smart TV,Basic,Mumbai,Tier 1,2024-01-25 07:00:00,OTT_APP
EVT_001123,U00121,C002,KBC Season 15,GameShow,15.0,60,25.0,Mobile,Annual,Hyderabad,Tier 2,2024-03-11 12:00:00,OTT_APP
EVT_001124,U00091,C004,Panchayat S3,Series,15.0,30,50.0,Smart TV,Premium,Delhi,Tier 1,2024-02-01 19:00:00,OTT_APP
EVT_001125,U00041,C003,IPL 2024 Final,Sports,157.5,210,75.0,Tablet,Annual,Delhi,Tier 1,2024-02-04 21:00:00,OTT_APP
EVT_001126,U00313,C004,Panchayat S3,Series,7.5,30,25.0,Laptop,Basic,Bangalore,Tier 1,2024-02-24 22:00:00,OTT_APP
EVT_001127,U00389,C004,Panchayat S3,Series,7.5,30,25.0,Tablet,Basic,Bangalore,Tier 1,2024-02-24 08:00:00,OTT_APP
EVT_001128,U00157,C005,Mirzapur S3,Thriller,41.2,55,75.0,Laptop,Premium,Chennai,Tier 1,2024-02-18 20:00:00,OTT_APP
EVT_001129,U00070,C004,Panchayat S3,Series,22.5,30,75.0,Laptop,Basic,Bangalore,Tier 1,2024-01-10 16:00:00,OTT_APP
EVT_001130,,C002,KBC Season 15,GameShow,60.0,60,100.0,Tablet,Annual,Mumbai,Tier 1,2024-01-02 22:00:00,OTT_APP
EVT_001131,U00251,C004,Panchayat S3,Series,30.0,30,100.0,Tablet,Free,Bangalore,Tier 1,2024-02-17 18:00:00,OTT_APP
EVT_001132,U00100,C004,Panchayat S3,Series,30.0,30,100.0,Laptop,Premium,Mumbai,Tier 1,2024-02-19 11:00:00,OTT_APP
EVT_001133,U00357,C003,IPL 2024 Final,Sports,157.5,210,75.0,Mobile,Annual,Bangalore,Tier 1,2024-03-22 17:00:00,OTT_APP
EVT_001134,U00472,C004,Panchayat S3,Series,22.5,30,75.0,Tablet,Free,Delhi,Tier 1,2024-03-02 07:00:00,OTT_APP
EVT_001135,U00131,C002,KBC Season 15,GameShow,30.0,60,50.0,Smart TV,Basic,Bangalore,Tier 1,2024-03-28 10:00:00,OTT_APP
EVT_001136,U00204,C001,Anupamaa S1,Series,11.2,45,25.0,Mobile,Basic,Mumbai,Tier 1,2024-03-23 18:00:00,OTT_APP
EVT_001137,U00257,C004,Panchayat S3,Series,7.5,30,25.0,Laptop,Premium,Bangalore,Tier 1,2024-02-02 15:00:00,OTT_APP
EVT_001138,U00417,C004,Panchayat S3,Series,30.0,30,100.0,Smart TV,Premium,Mumbai,Tier 1,2024-01-14 17:00:00,OTT_APP
EVT_001139,U00004,C002,KBC Season 15,GameShow,60.0,60,100.0,Smart TV,Annual,Bangalore,Tier 1,2024-03-30 15:00:00,OTT_APP
EVT_001140,U00336,C001,Anupamaa S1,Series,11.2,45,25.0,Tablet,Annual,Bangalore,Tier 1,2024-03-08 19:00:00,OTT_APP
EVT_001141,U00102,C002,KBC Season 15,GameShow,15.0,60,25.0,Laptop,Basic,Delhi,Tier 1,2024-03-31 10:00:00,OTT_APP
EVT_001142,U00096,C005,Mirzapur S3,Thriller,55.0,55,100.0,Smart TV,Free,Bangalore,Tier 1,2024-03-13 12:00:00,OTT_APP
EVT_001143,U00226,C002,KBC Season 15,GameShow,60.0,60,100.0,Mobile,Basic,Delhi,Tier 1,2024-02-03 19:00:00,OTT_APP
EVT_001144,U00033,C001,Anupamaa S1,Series,22.5,45,50.0,Tablet,Free,Bangalore,Tier 1,2024-01-16 14:00:00,OTT_APP
EVT_001145,U00005,C005,Mirzapur S3,Thriller,27.5,55,50.0,Mobile,Premium,Bangalore,Tier 1,2024-03-27 09:00:00,OTT_APP
EVT_001146,U00268,C001,Anupamaa S1,Series,33.8,45,75.0,Mobile,Annual,Mumbai,Tier 1,2024-01-13 12:00:00,OTT_APP
EVT_001147,U00388,C005,Mirzapur S3,Thriller,41.2,55,75.0,Tablet,Annual,Chennai,Tier 1,2024-03-03 21:00:00,OTT_APP
EVT_001148,U00482,C003,IPL 2024 Final,Sports,105.0,210,50.0,Tablet,Annual,Chennai,Tier 1,2024-02-10 13:00:00,OTT_APP
EVT_001149,U00002,C004,Panchayat S3,Series,22.5,30,75.0,Laptop,Annual,Chennai,Tier 1,2024-02-12 09:00:00,OTT_APP
EVT_001150,U00487,C002,KBC Season 15,GameShow,15.0,60,25.0,Smart TV,Premium,Mumbai,Tier 1,2024-03-08 14:00:00,OTT_APP
EVT_001151,U00339,C004,Panchayat S3,Series,22.5,30,75.0,Smart TV,Free,Bangalore,Tier 1,2024-03-06 19:00:00,OTT_APP
EVT_001152,U00348,C003,IPL 2024 Final,Sports,52.5,210,25.0,Laptop,Basic,Chennai,Tier 1,2024-01-06 16:00:00,OTT_APP
EVT_001153,U00220,C005,Mirzapur S3,Thriller,27.5,55,50.0,Laptop,Free,Hyderabad,Tier 2,2024-01-11 17:00:00,OTT_APP
EVT_001154,U00449,C004,Panchayat S3,Series,15.0,30,50.0,Mobile,Basic,Delhi,Tier 1,2024-01-19 22:00:00,OTT_APP
EVT_001155,U00448,C004,Panchayat S3,Series,30.0,30,100.0,Laptop,Basic,Chennai,Tier 1,2024-03-27 23:00:00,OTT_APP
EVT_001156,U00124,C004,Panchayat S3,Series,30.0,30,100.0,Smart TV,Basic,Bangalore,Tier 1,2024-03-25 23:00:00,OTT_APP
EVT_001157,,C002,KBC Season 15,GameShow,60.0,60,100.0,Mobile,Basic,Mumbai,Tier 1,2024-01-14 19:00:00,OTT_APP
EVT_001158,U00341,C003,IPL 2024 Final,Sports,210.0,210,100.0,Laptop,Free,Chennai,Tier 1,2024-01-29 14:00:00,OTT_APP
EVT_001159,U00447,C002,KBC Season 15,GameShow,60.0,60,100.0,Smart TV,Free,Bangalore,Tier 1,2024-01-12 16:00:00,OTT_APP
EVT_001160,U00495,C003,IPL 2024 Final,Sports,105.0,210,50.0,Laptop,Basic,Bangalore,Tier 1,2024-03-24 23:00:00,OTT_APP
EVT_001161,U00046,C002,KBC Season 15,GameShow,30.0,60,50.0,Tablet,Basic,Chennai,Tier 1,2024-01-12 09:00:00,OTT_APP
EVT_001162,U00296,C001,Anupamaa S1,Series,33.8,45,75.0,Mobile,Premium,Delhi,Tier 1,2024-02-10 18:00:00,OTT_APP
EVT_001163,U00164,C001,Anupamaa S1,Series,33.8,45,75.0,Tablet,Basic,Delhi,Tier 1,2024-02-19 19:00:00,OTT_APP
EVT_001164,U00203,C005,Mirzapur S3,Thriller,41.2,55,75.0,Mobile,Annual,Hyderabad,Tier 2,2024-01-29 09:00:00,OTT_APP
EVT_001165,U00349,C003,IPL 2024 Final,Sports,52.5,210,25.0,Laptop,Basic,Chennai,Tier 1,2024-01-29 21:00:00,OTT_APP
EVT_001166,U00159,C005,Mirzapur S3,Thriller,27.5,55,50.0,Mobile,Premium,Mumbai,Tier 1,2024-03-17 16:00:00,OTT_APP
EVT_001167,U00361,C005,Mirzapur S3,Thriller,27.5,55,50.0,Laptop,Free,Delhi,Tier 1,2024-03-04 15:00:00,OTT_APP
EVT_001168,U00473,C003,IPL 2024 Final,Sports,52.5,210,25.0,Smart TV,Annual,Delhi,Tier 1,2024-01-29 07:00:00,OTT_APP
EVT_001169,U00201,C004,Panchayat S3,Series,15.0,30,50.0,Tablet,Annual,Delhi,Tier 1,2024-01-03 23:00:00,OTT_APP
EVT_001170,U00271,C004,Panchayat S3,Series,30.0,30,100.0,Tablet,Premium,Bangalore,Tier 1,2024-02-20 08:00:00,OTT_APP
EVT_001171,U00068,C002,KBC Season 15,GameShow,45.0,60,75.0,Tablet,Free,Hyderabad,Tier 2,2024-02-20 09:00:00,OTT_APP
EVT_001172,U00227,C003,IPL 2024 Final,Sports,105.0,210,50.0,Laptop,Premium,Delhi,Tier 1,2024-03-14 10:00:00,OTT_APP
EVT_001173,U00186,C002,KBC Season 15,GameShow,30.0,60,50.0,Mobile,Basic,Delhi,Tier 1,2024-03-24 06:00:00,OTT_APP
EVT_001174,U00475,C004,Panchayat S3,Series,30.0,30,100.0,Mobile,Free,Bangalore,Tier 1,2024-03-27 11:00:00,OTT_APP
EVT_001175,U00264,C003,IPL 2024 Final,Sports,210.0,210,100.0,Tablet,Annual,Delhi,Tier 1,2024-01-07 09:00:00,OTT_APP
EVT_001176,U00061,C002,KBC Season 15,GameShow,45.0,60,75.0,Smart TV,Annual,Bangalore,Tier 1,2024-02-01 07:00:00,OTT_APP
EVT_001177,U00398,C004,Panchayat S3,Series,15.0,30,50.0,Mobile,Annual,Hyderabad,Tier 2,2024-01-23 18:00:00,OTT_APP
EVT_001178,U00062,C004,Panchayat S3,Series,15.0,30,50.0,Mobile,Free,Bangalore,Tier 1,2024-02-17 06:00:00,OTT_APP
EVT_001179,U00301,C001,Anupamaa S1,Series,22.5,45,50.0,Laptop,Premium,Hyderabad,Tier 2,2024-01-29 06:00:00,OTT_APP
EVT_001180,U00331,C001,Anupamaa S1,Series,45.0,45,100.0,Laptop,Premium,Delhi,Tier 1,2024-02-19 21:00:00,OTT_APP
EVT_001181,U00095,C005,Mirzapur S3,Thriller,13.8,55,25.0,Laptop,Free,Chennai,Tier 1,2024-01-09 23:00:00,OTT_APP
EVT_001182,U00033,C004,Panchayat S3,Series,22.5,30,75.0,Mobile,Basic,Hyderabad,Tier 2,2024-03-08 21:00:00,OTT_APP
EVT_001183,U00003,C001,Anupamaa S1,Series,11.2,45,25.0,Laptop,Premium,Hyderabad,Tier 2,2024-03-29 11:00:00,OTT_APP
EVT_001184,U00045,C001,Anupamaa S1,Series,11.2,45,25.0,Tablet,Free,Hyderabad,Tier 2,2024-01-27 11:00:00,OTT_APP
EVT_001185,U00495,C001,Anupamaa S1,Series,45.0,45,100.0,Smart TV,Annual,Hyderabad,Tier 2,2024-02-08 17:00:00,OTT_APP
EVT_001186,U00338,C001,Anupamaa S1,Series,22.5,45,50.0,Laptop,Basic,Mumbai,Tier 1,2024-03-07 15:00:00,OTT_APP
EVT_001187,U00311,C005,Mirzapur S3,Thriller,27.5,55,50.0,Smart TV,Free,Chennai,Tier 1,2024-03-07 17:00:00,OTT_APP
EVT_001188,U00439,C001,Anupamaa S1,Series,22.5,45,50.0,Smart TV,Basic,Delhi,Tier 1,2024-01-19 15:00:00,OTT_APP
EVT_001189,U00066,C005,Mirzapur S3,Thriller,41.2,55,75.0,Laptop,Free,Hyderabad,Tier 2,2024-02-15 14:00:00,OTT_APP
EVT_001190,U00205,C005,Mirzapur S3,Thriller,27.5,55,50.0,Laptop,Free,Bangalore,Tier 1,2024-03-24 11:00:00,OTT_APP
EVT_001191,U00037,C003,IPL 2024 Final,Sports,157.5,210,75.0,Tablet,Basic,Delhi,Tier 1,2024-03-09 12:00:00,OTT_APP
EVT_001192,U00215,C003,IPL 2024 Final,Sports,157.5,210,75.0,Smart TV,Premium,Hyderabad,Tier 2,2024-03-18 11:00:00,OTT_APP
EVT_001193,U00139,C004,Panchayat S3,Series,15.0,30,50.0,Mobile,Free,Hyderabad,Tier 2,2024-02-01 08:00:00,OTT_APP
EVT_001194,U00186,C005,Mirzapur S3,Thriller,27.5,55,50.0,Tablet,Premium,Chennai,Tier 1,2024-03-22 08:00:00,OTT_APP
EVT_001195,U00051,C002,KBC Season 15,GameShow,60.0,60,100.0,Laptop,Basic,Delhi,Tier 1,2024-02-05 06:00:00,OTT_APP
EVT_001196,,C004,Panchayat S3,Series,30.0,30,100.0,Tablet,Annual,Mumbai,Tier 1,2024-01-23 22:00:00,OTT_APP
EVT_001197,U00139,C001,Anupamaa S1,Series,33.8,45,75.0,Mobile,Free,Hyderabad,Tier 2,2024-02-06 23:00:00,OTT_APP
EVT_001198,U00413,C002,KBC Season 15,GameShow,30.0,60,50.0,Laptop,Annual,Bangalore,Tier 1,2024-01-24 17:00:00,OTT_APP
EVT_001199,U00366,C005,Mirzapur S3,Thriller,13.8,55,25.0,Smart TV,Basic,Mumbai,Tier 1,2024-03-28 22:00:00,OTT_APP
EVT_001200,U00363,C002,KBC Season 15,GameShow,30.0,60,50.0,Smart TV,Annual,Chennai,Tier 1,2024-01-07 17:00:00,OTT_APP
EVT_001201,U00147,C004,Panchayat S3,Series,7.5,30,25.0,Tablet,Annual,Chennai,Tier 1,2024-02-29 22:00:00,OTT_APP
EVT_001202,U00486,C005,Mirzapur S3,Thriller,55.0,55,100.0,Tablet,Annual,Delhi,Tier 1,2024-02-09 08:00:00,OTT_APP
EVT_001203,U00484,C003,IPL 2024 Final,Sports,210.0,210,100.0,Mobile,Basic,Mumbai,Tier 1,2024-01-10 13:00:00,OTT_APP
EVT_001204,U00414,C005,Mirzapur S3,Thriller,13.8,55,25.0,Mobile,Annual,Chennai,Tier 1,2024-03-11 21:00:00,OTT_APP
EVT_001205,U00264,C005,Mirzapur S3,Thriller,55.0,55,100.0,Mobile,Annual,Delhi,Tier 1,2024-03-02 21:00:00,OTT_APP
EVT_001206,U00384,C001,Anupamaa S1,Series,33.8,45,75.0,Tablet,Basic,Mumbai,Tier 1,2024-02-24 23:00:00,OTT_APP
EVT_001207,,C005,Mirzapur S3,Thriller,41.2,55,75.0,Smart TV,Basic,Mumbai,Tier 1,2024-03-18 20:00:00,OTT_APP
EVT_001208,U00488,C002,KBC Season 15,GameShow,15.0,60,25.0,Mobile,Annual,Delhi,Tier 1,2024-03-06 17:00:00,OTT_APP
EVT_001209,U00468,C004,Panchayat S3,Series,15.0,30,50.0,Smart TV,Free,Chennai,Tier 1,2024-01-15 16:00:00,OTT_APP
EVT_001210,U00002,C003,IPL 2024 Final,Sports,105.0,210,50.0,Laptop,Basic,Chennai,Tier 1,2024-02-03 12:00:00,OTT_APP
EVT_001211,U00457,C003,IPL 2024 Final,Sports,210.0,210,100.0,Laptop,Free,Hyderabad,Tier 2,2024-01-05 20:00:00,OTT_APP
EVT_001212,U00182,C003,IPL 2024 Final,Sports,52.5,210,25.0,Mobile,Free,Bangalore,Tier 1,2024-02-12 15:00:00,OTT_APP
EVT_001213,,C003,IPL 2024 Final,Sports,210.0,210,100.0,Mobile,Annual,Delhi,Tier 1,2024-02-21 17:00:00,OTT_APP
EVT_001214,U00211,C004,Panchayat S3,Series,7.5,30,25.0,Mobile,Annual,Hyderabad,Tier 2,2024-03-06 10:00:00,OTT_APP
EVT_001215,U00203,C001,Anupamaa S1,Series,11.2,45,25.0,Tablet,Premium,Chennai,Tier 1,2024-01-29 21:00:00,OTT_APP
EVT_001216,U00056,C003,IPL 2024 Final,Sports,105.0,210,50.0,Laptop,Annual,Delhi,Tier 1,2024-03-09 14:00:00,OTT_APP
EVT_001217,U00453,C002,KBC Season 15,GameShow,15.0,60,25.0,Smart TV,Free,Bangalore,Tier 1,2024-01-01 17:00:00,OTT_APP
EVT_001218,U00381,C002,KBC Season 15,GameShow,30.0,60,50.0,Tablet,Free,Delhi,Tier 1,2024-02-20 19:00:00,OTT_APP
EVT_001219,U00061,C002,KBC Season 15,GameShow,45.0,60,75.0,Laptop,Annual,Bangalore,Tier 1,2024-03-26 14:00:00,OTT_APP
EVT_001220,U00257,C005,Mirzapur S3,Thriller,27.5,55,50.0,Laptop,Basic,Delhi,Tier 1,2024-02-11 18:00:00,OTT_APP
EVT_001221,U00177,C001,Anupamaa S1,Series,45.0,45,100.0,Mobile,Basic,Mumbai,Tier 1,2024-01-17 10:00:00,OTT_APP
EVT_001222,U00223,C001,Anupamaa S1,Series,33.8,45,75.0,Laptop,Premium,Chennai,Tier 1,2024-02-24 06:00:00,OTT_APP
EVT_001223,U00374,C003,IPL 2024 Final,Sports,105.0,210,50.0,Smart TV,Basic,Bangalore,Tier 1,2024-02-01 10:00:00,OTT_APP
EVT_001224,U00342,C003,IPL 2024 Final,Sports,210.0,210,100.0,Laptop,Basic,Chennai,Tier 1,2024-03-30 13:00:00,OTT_APP
EVT_001225,U00313,C004,Panchayat S3,Series,22.5,30,75.0,Smart TV,Basic,Mumbai,Tier 1,2024-03-30 22:00:00,OTT_APP
EVT_001226,U00068,C005,Mirzapur S3,Thriller,41.2,55,75.0,Laptop,Free,Delhi,Tier 1,2024-01-30 09:00:00,OTT_APP
EVT_001227,U00316,C003,IPL 2024 Final,Sports,210.0,210,100.0,Smart TV,Free,Delhi,Tier 1,2024-02-24 06:00:00,OTT_APP
EVT_001228,U00114,C001,Anupamaa S1,Series,22.5,45,50.0,Tablet,Annual,Hyderabad,Tier 2,2024-02-09 13:00:00,OTT_APP
EVT_001229,U00156,C004,Panchayat S3,Series,7.5,30,25.0,Mobile,Premium,Bangalore,Tier 1,2024-03-23 07:00:00,OTT_APP
EVT_001230,U00164,C003,IPL 2024 Final,Sports,105.0,210,50.0,Mobile,Basic,Chennai,Tier 1,2024-02-23 13:00:00,OTT_APP
EVT_001231,U00242,C001,Anupamaa S1,Series,11.2,45,25.0,Tablet,Free,Chennai,Tier 1,2024-01-28 15:00:00,OTT_APP
EVT_001232,U00156,C004,Panchayat S3,Series,7.5,30,25.0,Mobile,Free,Bangalore,Tier 1,2024-02-16 16:00:00,OTT_APP
EVT_001233,U00380,C001,Anupamaa S1,Series,33.8,45,75.0,Tablet,Premium,Delhi,Tier 1,2024-02-12 17:00:00,OTT_APP
EVT_001234,U00045,C002,KBC Season 15,GameShow,45.0,60,75.0,Mobile,Basic,Delhi,Tier 1,2024-03-15 18:00:00,OTT_APP
EVT_001235,U00099,C005,Mirzapur S3,Thriller,13.8,55,25.0,Laptop,Free,Hyderabad,Tier 2,2024-03-24 12:00:00,OTT_APP
EVT_001236,U00372,C001,Anupamaa S1,Series,45.0,45,100.0,Laptop,Basic,Hyderabad,Tier 2,2024-02-13 15:00:00,OTT_APP
EVT_001237,U00215,C005,Mirzapur S3,Thriller,41.2,55,75.0,Tablet,Premium,Mumbai,Tier 1,2024-01-17 12:00:00,OTT_APP
EVT_001238,,C003,IPL 2024 Final,Sports,105.0,210,50.0,Laptop,Free,Mumbai,Tier 1,2024-02-25 08:00:00,OTT_APP
EVT_001239,U00490,C002,KBC Season 15,GameShow,45.0,60,75.0,Mobile,Basic,Delhi,Tier 1,2024-02-07 07:00:00,OTT_APP
EVT_001240,U00085,C004,Panchayat S3,Series,15.0,30,50.0,Laptop,Annual,Hyderabad,Tier 2,2024-03-06 08:00:00,OTT_APP
EVT_001241,U00106,C005,Mirzapur S3,Thriller,55.0,55,100.0,Smart TV,Free,Bangalore,Tier 1,2024-03-18 14:00:00,OTT_APP
EVT_001242,U00451,C002,KBC Season 15,GameShow,45.0,60,75.0,Laptop,Premium,Hyderabad,Tier 2,2024-03-30 06:00:00,OTT_APP
EVT_001243,,C003,IPL 2024 Final,Sports,210.0,210,100.0,Mobile,Basic,Chennai,Tier 1,2024-03-31 14:00:00,OTT_APP
EVT_001244,U00328,C002,KBC Season 15,GameShow,15.0,60,25.0,Smart TV,Premium,Delhi,Tier 1,2024-02-07 07:00:00,OTT_APP
EVT_001245,U00422,C002,KBC Season 15,GameShow,30.0,60,50.0,Smart TV,Free,Mumbai,Tier 1,2024-03-23 13:00:00,OTT_APP
EVT_001246,U00043,C001,Anupamaa S1,Series,33.8,45,75.0,Tablet,Basic,Hyderabad,Tier 2,2024-02-17 16:00:00,OTT_APP
EVT_001247,U00321,C004,Panchayat S3,Series,30.0,30,100.0,Mobile,Premium,Chennai,Tier 1,2024-02-11 07:00:00,OTT_APP
EVT_001248,U00498,C002,KBC Season 15,GameShow,45.0,60,75.0,Mobile,Free,Chennai,Tier 1,2024-01-23 14:00:00,OTT_APP
EVT_001249,U00106,C004,Panchayat S3,Series,30.0,30,100.0,Laptop,Basic,Chennai,Tier 1,2024-03-21 23:00:00,OTT_APP
EVT_001250,U00080,C003,IPL 2024 Final,Sports,105.0,210,50.0,Laptop,Basic,Hyderabad,Tier 2,2024-03-21 18:00:00,OTT_APP
EVT_001251,U00093,C004,Panchayat S3,Series,15.0,30,50.0,Laptop,Basic,Bangalore,Tier 1,2024-01-12 21:00:00,OTT_APP
EVT_001252,U00011,C002,KBC Season 15,GameShow,15.0,60,25.0,Tablet,Basic,Bangalore,Tier 1,2024-01-24 15:00:00,OTT_APP
EVT_001253,U00074,C002,KBC Season 15,GameShow,60.0,60,100.0,Mobile,Annual,Hyderabad,Tier 2,2024-01-25 08:00:00,OTT_APP
EVT_001254,,C002,KBC Season 15,GameShow,30.0,60,50.0,Mobile,Free,Bangalore,Tier 1,2024-01-13 22:00:00,OTT_APP
EVT_001255,U00068,C004,Panchayat S3,Series,15.0,30,50.0,Smart TV,Free,Mumbai,Tier 1,2024-01-02 07:00:00,OTT_APP
EVT_001256,U00491,C003,IPL 2024 Final,Sports,52.5,210,25.0,Mobile,Premium,Hyderabad,Tier 2,2024-01-02 06:00:00,OTT_APP
EVT_001257,U00418,C001,Anupamaa S1,Series,22.5,45,50.0,Smart TV,Premium,Bangalore,Tier 1,2024-03-13 20:00:00,OTT_APP
EVT_001258,U00355,C003,IPL 2024 Final,Sports,105.0,210,50.0,Tablet,Free,Delhi,Tier 1,2024-01-08 23:00:00,OTT_APP
EVT_001259,U00053,C001,Anupamaa S1,Series,45.0,45,100.0,Laptop,Basic,Mumbai,Tier 1,2024-03-10 15:00:00,OTT_APP
EVT_001260,U00198,C001,Anupamaa S1,Series,45.0,45,100.0,Smart TV,Premium,Mumbai,Tier 1,2024-01-30 19:00:00,OTT_APP
EVT_001261,U00252,C003,IPL 2024 Final,Sports,105.0,210,50.0,Smart TV,Free,Bangalore,Tier 1,2024-03-28 09:00:00,OTT_APP
EVT_001262,U00316,C002,KBC Season 15,GameShow,15.0,60,25.0,Tablet,Free,Chennai,Tier 1,2024-02-15 08:00:00,OTT_APP
EVT_001263,U00092,C003,IPL 2024 Final,Sports,210.0,210,100.0,Laptop,Premium,Mumbai,Tier 1,2024-01-06 10:00:00,OTT_APP
EVT_001264,U00320,C005,Mirzapur S3,Thriller,13.8,55,25.0,Tablet,Premium,Bangalore,Tier 1,2024-01-20 15:00:00,OTT_APP
EVT_001265,U00478,C001,Anupamaa S1,Series,22.5,45,50.0,Tablet,Free,Bangalore,Tier 1,2024-03-25 17:00:00,OTT_APP
EVT_001266,U00164,C001,Anupamaa S1,Series,45.0,45,100.0,Smart TV,Annual,Delhi,Tier 1,2024-03-24 10:00:00,OTT_APP
EVT_001267,U00296,C004,Panchayat S3,Series,22.5,30,75.0,Laptop,Premium,Bangalore,Tier 1,2024-01-09 09:00:00,OTT_APP
EVT_001268,U00181,C002,KBC Season 15,GameShow,15.0,60,25.0,Tablet,Annual,Delhi,Tier 1,2024-01-24 18:00:00,OTT_APP
EVT_001269,U00071,C004,Panchayat S3,Series,15.0,30,50.0,Smart TV,Annual,Bangalore,Tier 1,2024-03-18 16:00:00,OTT_APP
EVT_001270,U00273,C004,Panchayat S3,Series,22.5,30,75.0,Smart TV,Annual,Hyderabad,Tier 2,2024-03-09 21:00:00,OTT_APP
EVT_001271,U00360,C001,Anupamaa S1,Series,33.8,45,75.0,Mobile,Basic,Bangalore,Tier 1,2024-03-08 13:00:00,OTT_APP
EVT_001272,U00243,C003,IPL 2024 Final,Sports,52.5,210,25.0,Smart TV,Free,Mumbai,Tier 1,2024-02-16 23:00:00,OTT_APP
EVT_001273,U00236,C001,Anupamaa S1,Series,45.0,45,100.0,Smart TV,Annual,Chennai,Tier 1,2024-01-18 15:00:00,OTT_APP
EVT_001274,U00061,C002,KBC Season 15,GameShow,30.0,60,50.0,Smart TV,Annual,Delhi,Tier 1,2024-01-08 10:00:00,OTT_APP
EVT_001275,U00360,C001,Anupamaa S1,Series,33.8,45,75.0,Mobile,Free,Bangalore,Tier 1,2024-02-17 07:00:00,OTT_APP
EVT_001276,U00188,C004,Panchayat S3,Series,30.0,30,100.0,Smart TV,Free,Delhi,Tier 1,2024-01-04 10:00:00,OTT_APP
EVT_001277,U00392,C002,KBC Season 15,GameShow,15.0,60,25.0,Smart TV,Annual,Hyderabad,Tier 2,2024-02-23 10:00:00,OTT_APP
EVT_001278,U00370,C002,KBC Season 15,GameShow,45.0,60,75.0,Tablet,Annual,Chennai,Tier 1,2024-03-01 19:00:00,OTT_APP
EVT_001279,,C001,Anupamaa S1,Series,22.5,45,50.0,Smart TV,Basic,Delhi,Tier 1,2024-01-08 07:00:00,OTT_APP
EVT_001280,U00284,C001,Anupamaa S1,Series,22.5,45,50.0,Tablet,Premium,Bangalore,Tier 1,2024-03-28 20:00:00,OTT_APP
EVT_001281,U00268,C002,KBC Season 15,GameShow,30.0,60,50.0,Laptop,Basic,Delhi,Tier 1,2024-02-04 08:00:00,OTT_APP
EVT_001282,U00095,C002,KBC Season 15,GameShow,30.0,60,50.0,Mobile,Annual,Mumbai,Tier 1,2024-01-29 18:00:00,OTT_APP
EVT_001283,U00028,C004,Panchayat S3,Series,15.0,30,50.0,Tablet,Annual,Bangalore,Tier 1,2024-02-18 11:00:00,OTT_APP
EVT_001284,U00309,C002,KBC Season 15,GameShow,30.0,60,50.0,Tablet,Free,Mumbai,Tier 1,2024-01-10 17:00:00,OTT_APP
EVT_001285,U00109,C002,KBC Season 15,GameShow,30.0,60,50.0,Mobile,Premium,Hyderabad,Tier 2,2024-01-14 08:00:00,OTT_APP
EVT_001286,U00044,C002,KBC Season 15,GameShow,45.0,60,75.0,Mobile,Annual,Mumbai,Tier 1,2024-01-31 14:00:00,OTT_APP
EVT_001287,U00183,C001,Anupamaa S1,Series,11.2,45,25.0,Tablet,Annual,Mumbai,Tier 1,2024-02-09 06:00:00,OTT_APP
EVT_001288,U00360,C005,Mirzapur S3,Thriller,13.8,55,25.0,Mobile,Premium,Bangalore,Tier 1,2024-02-15 10:00:00,OTT_APP
EVT_001289,U00414,C004,Panchayat S3,Series,30.0,30,100.0,Smart TV,Free,Hyderabad,Tier 2,2024-01-13 22:00:00,OTT_APP
EVT_001290,U00149,C005,Mirzapur S3,Thriller,55.0,55,100.0,Smart TV,Basic,Bangalore,Tier 1,2024-03-16 07:00:00,OTT_APP
EVT_001291,U00414,C004,Panchayat S3,Series,7.5,30,25.0,Smart TV,Basic,Mumbai,Tier 1,2024-01-30 12:00:00,OTT_APP
EVT_001292,U00477,C005,Mirzapur S3,Thriller,41.2,55,75.0,Tablet,Annual,Hyderabad,Tier 2,2024-03-24 22:00:00,OTT_APP
EVT_001293,U00021,C002,KBC Season 15,GameShow,30.0,60,50.0,Laptop,Basic,Chennai,Tier 1,2024-03-20 19:00:00,OTT_APP
EVT_001294,U00291,C002,KBC Season 15,GameShow,60.0,60,100.0,Laptop,Free,Hyderabad,Tier 2,2024-01-10 10:00:00,OTT_APP
EVT_001295,U00256,C001,Anupamaa S1,Series,11.2,45,25.0,Mobile,Annual,Chennai,Tier 1,2024-03-11 08:00:00,OTT_APP
EVT_001296,,C003,IPL 2024 Final,Sports,52.5,210,25.0,Tablet,Premium,Chennai,Tier 1,2024-01-21 08:00:00,OTT_APP
EVT_001297,U00132,C001,Anupamaa S1,Series,11.2,45,25.0,Laptop,Basic,Bangalore,Tier 1,2024-02-03 21:00:00,OTT_APP
EVT_001298,U00440,C001,Anupamaa S1,Series,45.0,45,100.0,Tablet,Annual,Bangalore,Tier 1,2024-01-06 17:00:00,OTT_APP
EVT_001299,,C004,Panchayat S3,Series,30.0,30,100.0,Tablet,Premium,Delhi,Tier 1,2024-02-26 17:00:00,OTT_APP
EVT_001300,U00450,C001,Anupamaa S1,Series,33.8,45,75.0,Mobile,Free,Hyderabad,Tier 2,2024-02-27 14:00:00,OTT_APP
EVT_001301,U00437,C002,KBC Season 15,GameShow,45.0,60,75.0,Mobile,Premium,Hyderabad,Tier 2,2024-01-02 10:00:00,OTT_APP
EVT_001302,U00199,C004,Panchayat S3,Series,60.0,30,25.0,Laptop,Free,Bangalore,Tier 1,2024-01-10 13:00:00,OTT_APP
EVT_001303,U00044,C003,IPL 2024 Final,Sports,105.0,210,50.0,Smart TV,Free,Hyderabad,Tier 2,2024-02-29 09:00:00,OTT_APP
EVT_001304,U00034,C004,Panchayat S3,Series,30.0,30,100.0,Tablet,Premium,Delhi,Tier 1,2024-02-21 16:00:00,OTT_APP
EVT_001305,U00233,C005,Mirzapur S3,Thriller,27.5,55,50.0,Mobile,Basic,Bangalore,Tier 1,2024-01-15 14:00:00,OTT_APP
EVT_001306,U00308,C004,Panchayat S3,Series,7.5,30,25.0,Laptop,Free,Delhi,Tier 1,2024-02-10 07:00:00,OTT_APP
EVT_001307,U00109,C003,IPL 2024 Final,Sports,210.0,210,100.0,Mobile,Annual,Bangalore,Tier 1,2024-01-28 07:00:00,OTT_APP
EVT_001308,U00036,C003,IPL 2024 Final,Sports,105.0,210,50.0,Tablet,Annual,Delhi,Tier 1,2024-01-11 10:00:00,OTT_APP
EVT_001309,U00110,C001,Anupamaa S1,Series,22.5,45,50.0,Tablet,Basic,Bangalore,Tier 1,2024-02-23 22:00:00,OTT_APP
EVT_001310,U00085,C001,Anupamaa S1,Series,11.2,45,25.0,Smart TV,Premium,Bangalore,Tier 1,2024-02-13 15:00:00,OTT_APP
EVT_001311,U00495,C004,Panchayat S3,Series,15.0,30,50.0,Laptop,Premium,Hyderabad,Tier 2,2024-03-29 11:00:00,OTT_APP
EVT_001312,U00040,C005,Mirzapur S3,Thriller,27.5,55,50.0,Smart TV,Premium,Mumbai,Tier 1,2024-03-12 12:00:00,OTT_APP
EVT_001313,U00443,C003,IPL 2024 Final,Sports,52.5,210,25.0,Tablet,Free,Bangalore,Tier 1,2024-01-19 21:00:00,OTT_APP
EVT_001314,U00325,C004,Panchayat S3,Series,15.0,30,50.0,Laptop,Free,Mumbai,Tier 1,2024-02-27 10:00:00,OTT_APP
EVT_001315,U00397,C001,Anupamaa S1,Series,22.5,45,50.0,Smart TV,Annual,Delhi,Tier 1,2024-02-23 23:00:00,OTT_APP
EVT_001316,U00190,C002,KBC Season 15,GameShow,30.0,60,50.0,Tablet,Free,Delhi,Tier 1,2024-03-27 06:00:00,OTT_APP
EVT_001317,U00333,C003,IPL 2024 Final,Sports,210.0,210,100.0,Laptop,Annual,Hyderabad,Tier 2,2024-01-16 21:00:00,OTT_APP
EVT_001318,U00499,C004,Panchayat S3,Series,15.0,30,50.0,Tablet,Free,Hyderabad,Tier 2,2024-02-24 22:00:00,OTT_APP
EVT_001319,U00305,C002,KBC Season 15,GameShow,30.0,60,50.0,Smart TV,Annual,Chennai,Tier 1,2024-01-23 23:00:00,OTT_APP
EVT_001320,U00360,C004,Panchayat S3,Series,15.0,30,50.0,Mobile,Free,Bangalore,Tier 1,2024-03-22 15:00:00,OTT_APP
EVT_001321,U00054,C001,Anupamaa S1,Series,11.2,45,25.0,Laptop,Free,Mumbai,Tier 1,2024-03-19 19:00:00,OTT_APP
EVT_001322,U00437,C004,Panchayat S3,Series,22.5,30,75.0,Laptop,Basic,Mumbai,Tier 1,2024-03-26 15:00:00,OTT_APP
EVT_001323,U00101,C002,KBC Season 15,GameShow,60.0,60,100.0,Laptop,Free,Hyderabad,Tier 2,2024-02-18 09:00:00,OTT_APP
EVT_001324,U00004,C003,IPL 2024 Final,Sports,210.0,210,100.0,Tablet,Basic,Bangalore,Tier 1,2024-02-22 18:00:00,OTT_APP
EVT_001325,U00345,C005,Mirzapur S3,Thriller,27.5,55,50.0,Smart TV,Free,Chennai,Tier 1,2024-02-09 19:00:00,OTT_APP
EVT_001326,U00431,C004,Panchayat S3,Series,7.5,30,25.0,Tablet,Premium,Mumbai,Tier 1,2024-01-20 17:00:00,OTT_APP
EVT_001327,U00499,C002,KBC Season 15,GameShow,60.0,60,100.0,Laptop,Basic,Bangalore,Tier 1,2024-01-31 23:00:00,OTT_APP
EVT_001328,U00066,C005,Mirzapur S3,Thriller,41.2,55,75.0,Laptop,Basic,Mumbai,Tier 1,2024-03-14 19:00:00,OTT_APP
EVT_001329,U00119,C004,Panchayat S3,Series,30.0,30,100.0,Mobile,Basic,Hyderabad,Tier 2,2024-01-21 19:00:00,OTT_APP
EVT_001330,U00429,C005,Mirzapur S3,Thriller,13.8,55,25.0,Smart TV,Premium,Hyderabad,Tier 2,2024-02-20 14:00:00,OTT_APP
EVT_001331,U00322,C002,KBC Season 15,GameShow,15.0,60,25.0,Smart TV,Free,Mumbai,Tier 1,2024-02-25 06:00:00,OTT_APP
EVT_001332,U00013,C005,Mirzapur S3,Thriller,41.2,55,75.0,Smart TV,Annual,Mumbai,Tier 1,2024-03-14 18:00:00,OTT_APP
EVT_001333,U00275,C003,IPL 2024 Final,Sports,52.5,210,25.0,Smart TV,Annual,Delhi,Tier 1,2024-02-08 12:00:00,OTT_APP
EVT_001334,U00322,C003,IPL 2024 Final,Sports,157.5,210,75.0,Mobile,Free,Chennai,Tier 1,2024-01-11 10:00:00,OTT_APP
EVT_001335,U00073,C001,Anupamaa S1,Series,22.5,45,50.0,Tablet,Premium,Hyderabad,Tier 2,2024-01-16 09:00:00,OTT_APP
EVT_001336,U00201,C002,KBC Season 15,GameShow,15.0,60,25.0,Mobile,Annual,Bangalore,Tier 1,2024-02-16 12:00:00,OTT_APP
EVT_001337,U00108,C001,Anupamaa S1,Series,22.5,45,50.0,Laptop,Annual,Bangalore,Tier 1,2024-03-21 08:00:00,OTT_APP
EVT_001338,U00153,C003,IPL 2024 Final,Sports,157.5,210,75.0,Mobile,Basic,Bangalore,Tier 1,2024-01-21 11:00:00,OTT_APP
EVT_001339,U00178,C005,Mirzapur S3,Thriller,41.2,55,75.0,Laptop,Free,Mumbai,Tier 1,2024-01-16 16:00:00,OTT_APP
EVT_001340,U00311,C002,KBC Season 15,GameShow,45.0,60,75.0,Mobile,Free,Chennai,Tier 1,2024-01-16 12:00:00,OTT_APP
EVT_001341,U00059,C005,Mirzapur S3,Thriller,41.2,55,75.0,Smart TV,Free,Delhi,Tier 1,2024-01-28 17:00:00,OTT_APP
EVT_001342,U00138,C003,IPL 2024 Final,Sports,52.5,210,25.0,Tablet,Annual,Mumbai,Tier 1,2024-03-29 10:00:00,OTT_APP
EVT_001343,U00334,C002,KBC Season 15,GameShow,60.0,60,100.0,Tablet,Annual,Chennai,Tier 1,2024-03-31 23:00:00,OTT_APP
EVT_001344,U00089,C004,Panchayat S3,Series,15.0,30,50.0,Smart TV,Premium,Bangalore,Tier 1,2024-01-25 14:00:00,OTT_APP
EVT_001345,U00407,C004,Panchayat S3,Series,7.5,30,25.0,Smart TV,Annual,Hyderabad,Tier 2,2024-02-09 11:00:00,OTT_APP
EVT_001346,U00418,C004,Panchayat S3,Series,30.0,30,100.0,Tablet,Free,Bangalore,Tier 1,2024-03-17 14:00:00,OTT_APP
EVT_001347,U00192,C005,Mirzapur S3,Thriller,27.5,55,50.0,Mobile,Annual,Delhi,Tier 1,2024-03-13 17:00:00,OTT_APP
EVT_001348,U00151,C002,KBC Season 15,GameShow,60.0,60,100.0,Tablet,Annual,Hyderabad,Tier 2,2024-02-02 19:00:00,OTT_APP
EVT_001349,U00184,C001,Anupamaa S1,Series,11.2,45,25.0,Smart TV,Free,Chennai,Tier 1,2024-02-24 11:00:00,OTT_APP
EVT_001350,U00063,C002,KBC Season 15,GameShow,45.0,60,75.0,Mobile,Premium,Chennai,Tier 1,2024-01-19 16:00:00,OTT_APP
EVT_001351,U00461,C001,Anupamaa S1,Series,33.8,45,75.0,Smart TV,Free,Delhi,Tier 1,2024-02-29 16:00:00,OTT_APP
EVT_001352,U00053,C004,Panchayat S3,Series,15.0,30,50.0,Tablet,Free,Delhi,Tier 1,2024-03-08 12:00:00,OTT_APP
EVT_001353,U00163,C005,Mirzapur S3,Thriller,55.0,55,100.0,Tablet,Basic,Bangalore,Tier 1,2024-03-28 19:00:00,OTT_APP
EVT_001354,U00141,C002,KBC Season 15,GameShow,15.0,60,25.0,Laptop,Free,Bangalore,Tier 1,2024-03-04 07:00:00,OTT_APP
EVT_001355,U00122,C001,Anupamaa S1,Series,22.5,45,50.0,Mobile,Premium,Hyderabad,Tier 2,2024-02-11 18:00:00,OTT_APP
EVT_001356,U00146,C001,Anupamaa S1,Series,33.8,45,75.0,Smart TV,Annual,Hyderabad,Tier 2,2024-01-01 20:00:00,OTT_APP
EVT_001357,U00331,C001,Anupamaa S1,Series,45.0,45,100.0,Mobile,Free,Hyderabad,Tier 2,2024-01-06 16:00:00,OTT_APP
EVT_001358,U00163,C004,Panchayat S3,Series,7.5,30,25.0,Tablet,Annual,Bangalore,Tier 1,2024-02-08 14:00:00,OTT_APP
EVT_001359,U00202,C001,Anupamaa S1,Series,33.8,45,75.0,Tablet,Annual,Chennai,Tier 1,2024-03-04 07:00:00,OTT_APP
EVT_001360,U00015,C004,Panchayat S3,Series,30.0,30,100.0,Smart TV,Free,Mumbai,Tier 1,2024-02-17 09:00:00,OTT_APP
EVT_001361,U00116,C001,Anupamaa S1,Series,11.2,45,25.0,Smart TV,Free,Chennai,Tier 1,2024-03-29 19:00:00,OTT_APP
EVT_001362,U00479,C002,KBC Season 15,GameShow,45.0,60,75.0,Mobile,Premium,Chennai,Tier 1,2024-03-09 06:00:00,OTT_APP
EVT_001363,U00169,C001,Anupamaa S1,Series,11.2,45,25.0,Laptop,Premium,Chennai,Tier 1,2024-01-10 14:00:00,OTT_APP
EVT_001364,U00065,C002,KBC Season 15,GameShow,60.0,60,100.0,Tablet,Basic,Hyderabad,Tier 2,2024-02-28 09:00:00,OTT_APP
EVT_001365,U00343,C005,Mirzapur S3,Thriller,55.0,55,100.0,Mobile,Basic,Bangalore,Tier 1,2024-03-22 20:00:00,OTT_APP
EVT_001366,,C005,Mirzapur S3,Thriller,27.5,55,50.0,Laptop,Basic,Bangalore,Tier 1,2024-02-05 16:00:00,OTT_APP
EVT_001367,U00286,C001,Anupamaa S1,Series,22.5,45,50.0,Smart TV,Basic,Chennai,Tier 1,2024-01-11 17:00:00,OTT_APP
EVT_001368,U00007,C001,Anupamaa S1,Series,11.2,45,25.0,Smart TV,Annual,Bangalore,Tier 1,2024-01-08 12:00:00,OTT_APP
EVT_001369,U00417,C004,Panchayat S3,Series,7.5,30,25.0,Tablet,Premium,Mumbai,Tier 1,2024-02-13 12:00:00,OTT_APP
EVT_001370,U00113,C004,Panchayat S3,Series,22.5,30,75.0,Tablet,Annual,Hyderabad,Tier 2,2024-01-14 10:00:00,OTT_APP
EVT_001371,U00097,C004,Panchayat S3,Series,30.0,30,100.0,Mobile,Premium,Hyderabad,Tier 2,2024-01-26 18:00:00,OTT_APP
EVT_001372,U00076,C004,Panchayat S3,Series,7.5,30,25.0,Laptop,Free,Chennai,Tier 1,2024-03-14 09:00:00,OTT_APP
EVT_001373,U00015,C001,Anupamaa S1,Series,22.5,45,50.0,Laptop,Annual,Bangalore,Tier 1,2024-01-24 14:00:00,OTT_APP
EVT_001374,U00221,C003,IPL 2024 Final,Sports,105.0,210,50.0,Smart TV,Basic,Hyderabad,Tier 2,2024-01-11 17:00:00,OTT_APP
EVT_001375,U00226,C004,Panchayat S3,Series,22.5,30,75.0,Tablet,Premium,Hyderabad,Tier 2,2024-02-12 07:00:00,OTT_APP
EVT_001376,U00151,C001,Anupamaa S1,Series,11.2,45,25.0,Smart TV,Annual,Bangalore,Tier 1,2024-02-24 12:00:00,OTT_APP
EVT_001377,U00266,C002,KBC Season 15,GameShow,45.0,60,75.0,Laptop,Free,Hyderabad,Tier 2,2024-03-18 21:00:00,OTT_APP
EVT_001378,U00028,C001,Anupamaa S1,Series,33.8,45,75.0,Mobile,Premium,Mumbai,Tier 1,2024-01-29 09:00:00,OTT_APP
EVT_001379,U00452,C002,KBC Season 15,GameShow,15.0,60,25.0,Laptop,Annual,Mumbai,Tier 1,2024-02-05 13:00:00,OTT_APP
EVT_001380,U00088,C004,Panchayat S3,Series,7.5,30,25.0,Smart TV,Premium,Chennai,Tier 1,2024-03-04 12:00:00,OTT_APP
EVT_001381,U00095,C003,IPL 2024 Final,Sports,157.5,210,75.0,Laptop,Premium,Chennai,Tier 1,2024-01-01 09:00:00,OTT_APP
EVT_001382,U00171,C002,KBC Season 15,GameShow,15.0,60,25.0,Laptop,Basic,Mumbai,Tier 1,2024-01-22 11:00:00,OTT_APP
EVT_001383,U00091,C001,Anupamaa S1,Series,33.8,45,75.0,Tablet,Free,Bangalore,Tier 1,2024-02-12 06:00:00,OTT_APP
EVT_001384,U00497,C002,KBC Season 15,GameShow,45.0,60,75.0,Laptop,Free,Mumbai,Tier 1,2024-03-17 17:00:00,OTT_APP
EVT_001385,U00420,C004,Panchayat S3,Series,30.0,30,100.0,Mobile,Premium,Bangalore,Tier 1,2024-01-15 07:00:00,OTT_APP
EVT_001386,U00052,C002,KBC Season 15,GameShow,45.0,60,75.0,Tablet,Premium,Delhi,Tier 1,2024-01-19 09:00:00,OTT_APP
EVT_001387,U00340,C004,Panchayat S3,Series,15.0,30,50.0,Laptop,Premium,Chennai,Tier 1,2024-03-10 14:00:00,OTT_APP
EVT_001388,U00457,C003,IPL 2024 Final,Sports,105.0,210,50.0,Laptop,Free,Chennai,Tier 1,2024-02-08 16:00:00,OTT_APP
EVT_001389,U00439,C003,IPL 2024 Final,Sports,157.5,210,75.0,Smart TV,Basic,Mumbai,Tier 1,2024-01-19 19:00:00,OTT_APP
EVT_001390,,C003,IPL 2024 Final,Sports,105.0,210,50.0,Smart TV,Free,Delhi,Tier 1,2024-03-14 19:00:00,OTT_APP
EVT_001391,U00495,C002,KBC Season 15,GameShow,60.0,60,100.0,Tablet,Annual,Bangalore,Tier 1,2024-03-22 09:00:00,OTT_APP
EVT_001392,U00302,C005,Mirzapur S3,Thriller,13.8,55,25.0,Laptop,Premium,Chennai,Tier 1,2024-02-12 18:00:00,OTT_APP
EVT_001393,U00428,C003,IPL 2024 Final,Sports,52.5,210,25.0,Mobile,Annual,Hyderabad,Tier 2,2024-03-07 16:00:00,OTT_APP
EVT_001394,U00497,C004,Panchayat S3,Series,22.5,30,75.0,Mobile,Annual,Chennai,Tier 1,2024-02-06 09:00:00,OTT_APP
EVT_001395,U00320,C002,KBC Season 15,GameShow,30.0,60,50.0,Smart TV,Premium,Delhi,Tier 1,2024-03-07 15:00:00,OTT_APP
EVT_001396,U00021,C004,Panchayat S3,Series,15.0,30,50.0,Smart TV,Premium,Chennai,Tier 1,2024-01-02 20:00:00,OTT_APP
EVT_001397,U00221,C005,Mirzapur S3,Thriller,13.8,55,25.0,Tablet,Free,Bangalore,Tier 1,2024-02-09 06:00:00,OTT_APP
EVT_001398,U00341,C001,Anupamaa S1,Series,22.5,45,50.0,Smart TV,Free,Chennai,Tier 1,2024-02-06 22:00:00,OTT_APP
EVT_001399,U00149,C003,IPL 2024 Final,Sports,52.5,210,25.0,Smart TV,Free,Delhi,Tier 1,2024-02-25 08:00:00,OTT_APP
EVT_001400,U00217,C004,Panchayat S3,Series,30.0,30,100.0,Laptop,Free,Delhi,Tier 1,2024-03-27 18:00:00,OTT_APP
EVT_001401,U00289,C003,IPL 2024 Final,Sports,210.0,210,100.0,Laptop,Premium,Hyderabad,Tier 2,2024-02-09 11:00:00,OTT_APP
EVT_001402,U00214,C005,Mirzapur S3,Thriller,13.8,55,25.0,Smart TV,Premium,Delhi,Tier 1,2024-02-02 10:00:00,OTT_APP
EVT_001403,U00280,C003,IPL 2024 Final,Sports,52.5,210,25.0,Smart TV,Annual,Hyderabad,Tier 2,2024-03-21 20:00:00,OTT_APP
EVT_001404,U00258,C004,Panchayat S3,Series,7.5,30,25.0,Tablet,Annual,Hyderabad,Tier 2,2024-02-26 16:00:00,OTT_APP
EVT_001405,U00015,C003,IPL 2024 Final,Sports,105.0,210,50.0,Mobile,Annual,Bangalore,Tier 1,2024-02-22 20:00:00,OTT_APP
EVT_001406,U00298,C001,Anupamaa S1,Series,45.0,45,100.0,Tablet,Basic,Hyderabad,Tier 2,2024-02-08 13:00:00,OTT_APP
EVT_001407,U00387,C005,Mirzapur S3,Thriller,41.2,55,75.0,Laptop,Basic,Hyderabad,Tier 2,2024-02-07 07:00:00,OTT_APP
EVT_001408,U00430,C004,Panchayat S3,Series,60.0,30,75.0,Mobile,Free,Bangalore,Tier 1,2024-03-07 20:00:00,OTT_APP
EVT_001409,U00421,C001,Anupamaa S1,Series,22.5,45,50.0,Tablet,Annual,Mumbai,Tier 1,2024-02-12 09:00:00,OTT_APP
EVT_001410,U00379,C003,IPL 2024 Final,Sports,210.0,210,100.0,Mobile,Basic,Mumbai,Tier 1,2024-03-15 22:00:00,OTT_APP
EVT_001411,U00459,C005,Mirzapur S3,Thriller,13.8,55,25.0,Smart TV,Premium,Bangalore,Tier 1,2024-01-18 13:00:00,OTT_APP
EVT_001412,U00059,C003,IPL 2024 Final,Sports,157.5,210,75.0,Mobile,Free,Mumbai,Tier 1,2024-03-03 12:00:00,OTT_APP
EVT_001413,U00127,C002,KBC Season 15,GameShow,45.0,60,75.0,Smart TV,Free,Mumbai,Tier 1,2024-03-07 09:00:00,OTT_APP
EVT_001414,U00029,C004,Panchayat S3,Series,7.5,30,25.0,Mobile,Premium,Hyderabad,Tier 2,2024-02-26 18:00:00,OTT_APP
EVT_001415,U00134,C004,Panchayat S3,Series,15.0,30,50.0,Laptop,Free,Delhi,Tier 1,2024-01-31 23:00:00,OTT_APP
EVT_001416,U00420,C004,Panchayat S3,Series,7.5,30,25.0,Smart TV,Basic,Mumbai,Tier 1,2024-01-24 10:00:00,OTT_APP
EVT_001417,U00246,C005,Mirzapur S3,Thriller,41.2,55,75.0,Tablet,Premium,Hyderabad,Tier 2,2024-01-26 21:00:00,OTT_APP
EVT_001418,U00201,C001,Anupamaa S1,Series,45.0,45,100.0,Laptop,Free,Bangalore,Tier 1,2024-02-17 14:00:00,OTT_APP
EVT_001419,U00146,C004,Panchayat S3,Series,15.0,30,50.0,Laptop,Free,Bangalore,Tier 1,2024-01-19 06:00:00,OTT_APP
EVT_001420,U00331,C005,Mirzapur S3,Thriller,27.5,55,50.0,Laptop,Free,Hyderabad,Tier 2,2024-02-08 07:00:00,OTT_APP
EVT_001421,U00005,C003,IPL 2024 Final,Sports,210.0,210,100.0,Smart TV,Premium,Bangalore,Tier 1,2024-02-28 14:00:00,OTT_APP
EVT_001422,U00463,C005,Mirzapur S3,Thriller,55.0,55,100.0,Laptop,Free,Hyderabad,Tier 2,2024-01-27 17:00:00,OTT_APP
EVT_001423,U00236,C002,KBC Season 15,GameShow,45.0,60,75.0,Smart TV,Premium,Chennai,Tier 1,2024-03-24 16:00:00,OTT_APP
EVT_001424,U00193,C003,IPL 2024 Final,Sports,210.0,210,100.0,Laptop,Basic,Mumbai,Tier 1,2024-03-23 21:00:00,OTT_APP
EVT_001425,U00133,C005,Mirzapur S3,Thriller,41.2,55,75.0,Smart TV,Premium,Hyderabad,Tier 2,2024-03-25 22:00:00,OTT_APP
EVT_001426,U00035,C005,Mirzapur S3,Thriller,55.0,55,100.0,Mobile,Free,Chennai,Tier 1,2024-03-15 18:00:00,OTT_APP
EVT_001427,,C002,KBC Season 15,GameShow,30.0,60,50.0,Smart TV,Basic,Mumbai,Tier 1,2024-03-04 21:00:00,OTT_APP
EVT_001428,U00473,C001,Anupamaa S1,Series,45.0,45,100.0,Mobile,Free,Delhi,Tier 1,2024-02-19 19:00:00,OTT_APP
EVT_001429,U00391,C005,Mirzapur S3,Thriller,27.5,55,50.0,Tablet,Free,Mumbai,Tier 1,2024-01-10 20:00:00,OTT_APP
EVT_001430,U00327,C002,KBC Season 15,GameShow,30.0,60,50.0,Smart TV,Basic,Bangalore,Tier 1,2024-02-18 10:00:00,OTT_APP
EVT_001431,,C003,IPL 2024 Final,Sports,105.0,210,50.0,Smart TV,Annual,Chennai,Tier 1,2024-01-29 12:00:00,OTT_APP
EVT_001432,U00323,C005,Mirzapur S3,Thriller,55.0,55,100.0,Mobile,Basic,Delhi,Tier 1,2024-01-12 06:00:00,OTT_APP
EVT_001433,U00291,C001,Anupamaa S1,Series,45.0,45,100.0,Mobile,Premium,Mumbai,Tier 1,2024-02-16 19:00:00,OTT_APP
EVT_001434,U00427,C002,KBC Season 15,GameShow,45.0,60,75.0,Smart TV,Annual,Hyderabad,Tier 2,2024-03-04 12:00:00,OTT_APP
EVT_001435,U00411,C005,Mirzapur S3,Thriller,27.5,55,50.0,Mobile,Annual,Hyderabad,Tier 2,2024-03-12 10:00:00,OTT_APP
EVT_001436,U00066,C004,Panchayat S3,Series,22.5,30,75.0,Tablet,Free,Mumbai,Tier 1,2024-03-13 08:00:00,OTT_APP
EVT_001437,U00170,C001,Anupamaa S1,Series,22.5,45,50.0,Mobile,Basic,Mumbai,Tier 1,2024-03-17 23:00:00,OTT_APP
EVT_001438,U00035,C003,IPL 2024 Final,Sports,210.0,210,100.0,Smart TV,Premium,Chennai,Tier 1,2024-02-19 17:00:00,OTT_APP
EVT_001439,U00160,C001,Anupamaa S1,Series,33.8,45,75.0,Laptop,Free,Delhi,Tier 1,2024-03-07 22:00:00,OTT_APP
EVT_001440,U00480,C005,Mirzapur S3,Thriller,41.2,55,75.0,Tablet,Free,Mumbai,Tier 1,2024-03-15 21:00:00,OTT_APP
EVT_001441,U00455,C001,Anupamaa S1,Series,22.5,45,50.0,Mobile,Basic,Chennai,Tier 1,2024-01-26 16:00:00,OTT_APP
EVT_001442,U00121,C002,KBC Season 15,GameShow,45.0,60,75.0,Laptop,Free,Chennai,Tier 1,2024-03-25 07:00:00,OTT_APP
EVT_001443,U00487,C005,Mirzapur S3,Thriller,55.0,55,100.0,Laptop,Free,Mumbai,Tier 1,2024-02-14 08:00:00,OTT_APP
EVT_001444,U00054,C005,Mirzapur S3,Thriller,27.5,55,50.0,Mobile,Annual,Delhi,Tier 1,2024-02-04 07:00:00,OTT_APP
EVT_001445,U00156,C005,Mirzapur S3,Thriller,27.5,55,50.0,Smart TV,Free,Chennai,Tier 1,2024-02-25 21:00:00,OTT_APP
EVT_001446,U00350,C001,Anupamaa S1,Series,11.2,45,25.0,Mobile,Annual,Delhi,Tier 1,2024-03-09 18:00:00,OTT_APP
EVT_001447,,C001,Anupamaa S1,Series,22.5,45,50.0,Laptop,Basic,Bangalore,Tier 1,2024-03-30 10:00:00,OTT_APP
EVT_001448,U00100,C001,Anupamaa S1,Series,22.5,45,50.0,Tablet,Annual,Hyderabad,Tier 2,2024-02-17 17:00:00,OTT_APP
EVT_001449,U00117,C001,Anupamaa S1,Series,22.5,45,50.0,Laptop,Free,Mumbai,Tier 1,2024-03-16 06:00:00,OTT_APP
EVT_001450,U00030,C001,Anupamaa S1,Series,45.0,45,100.0,Smart TV,Annual,Delhi,Tier 1,2024-01-08 08:00:00,OTT_APP
EVT_001451,U00150,C002,KBC Season 15,GameShow,30.0,60,50.0,Smart TV,Annual,Chennai,Tier 1,2024-02-14 13:00:00,OTT_APP
EVT_001452,U00481,C004,Panchayat S3,Series,22.5,30,75.0,Smart TV,Annual,Mumbai,Tier 1,2024-01-10 14:00:00,OTT_APP
EVT_001453,U00483,C003,IPL 2024 Final,Sports,210.0,210,100.0,Tablet,Premium,Delhi,Tier 1,2024-02-26 15:00:00,OTT_APP
EVT_001454,U00258,C002,KBC Season 15,GameShow,45.0,60,75.0,Mobile,Free,Chennai,Tier 1,2024-02-10 23:00:00,OTT_APP
EVT_001455,U00041,C003,IPL 2024 Final,Sports,210.0,210,100.0,Smart TV,Basic,Hyderabad,Tier 2,2024-03-03 14:00:00,OTT_APP
EVT_001456,U00191,C005,Mirzapur S3,Thriller,27.5,55,50.0,Smart TV,Free,Hyderabad,Tier 2,2024-01-27 09:00:00,OTT_APP
EVT_001457,U00256,C002,KBC Season 15,GameShow,45.0,60,75.0,Mobile,Premium,Bangalore,Tier 1,2024-01-15 06:00:00,OTT_APP
EVT_001458,U00143,C003,IPL 2024 Final,Sports,157.5,210,75.0,Laptop,Annual,Chennai,Tier 1,2024-01-11 07:00:00,OTT_APP
EVT_001459,U00115,C001,Anupamaa S1,Series,45.0,45,100.0,Smart TV,Annual,Bangalore,Tier 1,2024-02-26 07:00:00,OTT_APP
EVT_001460,U00017,C002,KBC Season 15,GameShow,45.0,60,75.0,Tablet,Free,Hyderabad,Tier 2,2024-01-07 15:00:00,OTT_APP
EVT_001461,U00388,C005,Mirzapur S3,Thriller,55.0,55,100.0,Mobile,Premium,Chennai,Tier 1,2024-02-03 12:00:00,OTT_APP
EVT_001462,U00284,C005,Mirzapur S3,Thriller,27.5,55,50.0,Laptop,Premium,Bangalore,Tier 1,2024-01-08 09:00:00,OTT_APP
EVT_001463,U00134,C005,Mirzapur S3,Thriller,27.5,55,50.0,Smart TV,Annual,Hyderabad,Tier 2,2024-03-13 22:00:00,OTT_APP
EVT_001464,U00144,C004,Panchayat S3,Series,22.5,30,75.0,Tablet,Free,Delhi,Tier 1,2024-01-17 06:00:00,OTT_APP
EVT_001465,U00020,C002,KBC Season 15,GameShow,60.0,60,100.0,Tablet,Premium,Chennai,Tier 1,2024-02-13 18:00:00,OTT_APP
EVT_001466,U00158,C003,IPL 2024 Final,Sports,157.5,210,75.0,Tablet,Premium,Hyderabad,Tier 2,2024-01-02 09:00:00,OTT_APP
EVT_001467,U00239,C002,KBC Season 15,GameShow,30.0,60,50.0,Mobile,Premium,Mumbai,Tier 1,2024-02-26 06:00:00,OTT_APP
EVT_001468,U00030,C004,Panchayat S3,Series,22.5,30,75.0,Mobile,Premium,Hyderabad,Tier 2,2024-01-28 19:00:00,OTT_APP
EVT_001469,U00133,C005,Mirzapur S3,Thriller,41.2,55,75.0,Tablet,Premium,Mumbai,Tier 1,2024-02-26 11:00:00,OTT_APP
EVT_001470,U00120,C004,Panchayat S3,Series,7.5,30,25.0,Mobile,Free,Delhi,Tier 1,2024-01-19 07:00:00,OTT_APP
EVT_001471,U00022,C002,KBC Season 15,GameShow,45.0,60,75.0,Smart TV,Free,Bangalore,Tier 1,2024-03-15 16:00:00,OTT_APP
EVT_001472,,C003,IPL 2024 Final,Sports,210.0,210,100.0,Mobile,Basic,Mumbai,Tier 1,2024-03-27 17:00:00,OTT_APP
EVT_001473,U00262,C003,IPL 2024 Final,Sports,52.5,210,25.0,Mobile,Basic,Hyderabad,Tier 2,2024-02-26 09:00:00,OTT_APP
EVT_001474,U00037,C002,KBC Season 15,GameShow,30.0,60,50.0,Laptop,Premium,Chennai,Tier 1,2024-03-28 19:00:00,OTT_APP
EVT_001475,U00500,C002,KBC Season 15,GameShow,15.0,60,25.0,Laptop,Premium,Hyderabad,Tier 2,2024-02-16 16:00:00,OTT_APP
EVT_001476,U00083,C004,Panchayat S3,Series,30.0,30,100.0,Tablet,Free,Chennai,Tier 1,2024-03-20 06:00:00,OTT_APP
EVT_001477,,C003,IPL 2024 Final,Sports,420.0,210,100.0,Smart TV,Premium,Hyderabad,Tier 2,2024-01-04 09:00:00,OTT_APP
EVT_001478,U00482,C005,Mirzapur S3,Thriller,41.2,55,75.0,Smart TV,Annual,Hyderabad,Tier 2,2024-03-15 17:00:00,OTT_APP
EVT_001479,U00490,C005,Mirzapur S3,Thriller,13.8,55,25.0,Mobile,Basic,Delhi,Tier 1,2024-02-18 08:00:00,OTT_APP
EVT_001480,U00376,C005,Mirzapur S3,Thriller,41.2,55,75.0,Laptop,Free,Hyderabad,Tier 2,2024-03-21 23:00:00,OTT_APP
EVT_001481,U00267,C005,Mirzapur S3,Thriller,55.0,55,100.0,Laptop,Premium,Hyderabad,Tier 2,2024-03-01 22:00:00,OTT_APP
EVT_001482,U00169,C003,IPL 2024 Final,Sports,52.5,210,25.0,Smart TV,Premium,Hyderabad,Tier 2,2024-02-07 13:00:00,OTT_APP
EVT_001483,U00228,C002,KBC Season 15,GameShow,30.0,60,50.0,Laptop,Premium,Mumbai,Tier 1,2024-03-29 13:00:00,OTT_APP
EVT_001484,U00335,C001,Anupamaa S1,Series,22.5,45,50.0,Laptop,Basic,Hyderabad,Tier 2,2024-01-10 17:00:00,OTT_APP
EVT_001485,U00474,C004,Panchayat S3,Series,30.0,30,100.0,Smart TV,Annual,Delhi,Tier 1,2024-03-13 10:00:00,OTT_APP
EVT_001486,U00175,C005,Mirzapur S3,Thriller,41.2,55,75.0,Tablet,Free,Hyderabad,Tier 2,2024-02-03 15:00:00,OTT_APP
EVT_001487,U00324,C001,Anupamaa S1,Series,22.5,45,50.0,Smart TV,Basic,Hyderabad,Tier 2,2024-01-19 21:00:00,OTT_APP
EVT_001488,U00392,C004,Panchayat S3,Series,7.5,30,25.0,Laptop,Free,Mumbai,Tier 1,2024-02-23 14:00:00,OTT_APP
EVT_001489,U00038,C002,KBC Season 15,GameShow,60.0,60,100.0,Smart TV,Annual,Bangalore,Tier 1,2024-01-04 11:00:00,OTT_APP
EVT_001490,U00124,C004,Panchayat S3,Series,15.0,30,50.0,Tablet,Free,Bangalore,Tier 1,2024-03-30 23:00:00,OTT_APP
EVT_001491,,C003,IPL 2024 Final,Sports,210.0,210,100.0,Mobile,Free,Chennai,Tier 1,2024-03-16 09:00:00,OTT_APP
EVT_001492,U00380,C003,IPL 2024 Final,Sports,210.0,210,100.0,Laptop,Premium,Bangalore,Tier 1,2024-03-21 20:00:00,OTT_APP
EVT_001493,U00043,C004,Panchayat S3,Series,22.5,30,75.0,Smart TV,Free,Delhi,Tier 1,2024-03-16 22:00:00,OTT_APP
EVT_001494,U00225,C005,Mirzapur S3,Thriller,110.0,55,75.0,Smart TV,Premium,Bangalore,Tier 1,2024-02-18 16:00:00,OTT_APP
EVT_001495,U00289,C001,Anupamaa S1,Series,22.5,45,50.0,Laptop,Premium,Bangalore,Tier 1,2024-02-13 07:00:00,OTT_APP
EVT_001496,U00417,C003,IPL 2024 Final,Sports,105.0,210,50.0,Smart TV,Annual,Delhi,Tier 1,2024-01-19 07:00:00,OTT_APP
EVT_001497,U00178,C005,Mirzapur S3,Thriller,27.5,55,50.0,Tablet,Basic,Hyderabad,Tier 2,2024-02-10 09:00:00,OTT_APP
EVT_001498,U00454,C001,Anupamaa S1,Series,22.5,45,50.0,Smart TV,Premium,Bangalore,Tier 1,2024-02-26 13:00:00,OTT_APP
EVT_001499,U00073,C003,IPL 2024 Final,Sports,420.0,210,100.0,Mobile,Basic,Mumbai,Tier 1,2024-01-30 14:00:00,OTT_APP
EVT_001500,U00492,C005,Mirzapur S3,Thriller,55.0,55,100.0,Smart TV,Free,Delhi,Tier 1,2024-01-04 07:00:00,OTT_APP
EVT_001501,U00145,C004,Panchayat S3,Series,30.0,30,100.0,Laptop,Annual,Mumbai,Tier 1,2024-02-17 12:00:00,OTT_APP
EVT_001502,U00367,C005,Mirzapur S3,Thriller,13.8,55,25.0,Mobile,Annual,Bangalore,Tier 1,2024-02-07 09:00:00,OTT_APP
EVT_001503,U00375,C004,Panchayat S3,Series,15.0,30,50.0,Mobile,Premium,Mumbai,Tier 1,2024-01-18 14:00:00,OTT_APP
EVT_001504,U00081,C001,Anupamaa S1,Series,33.8,45,75.0,Tablet,Premium,Delhi,Tier 1,2024-01-10 16:00:00,OTT_APP
EVT_001505,U00362,C004,Panchayat S3,Series,22.5,30,75.0,Tablet,Free,Hyderabad,Tier 2,2024-03-27 08:00:00,OTT_APP
EVT_001506,U00431,C004,Panchayat S3,Series,7.5,30,25.0,Mobile,Free,Hyderabad,Tier 2,2024-02-10 12:00:00,OTT_APP
EVT_001507,U00136,C002,KBC Season 15,GameShow,15.0,60,25.0,Laptop,Basic,Bangalore,Tier 1,2024-01-29 12:00:00,OTT_APP
EVT_001508,U00102,C004,Panchayat S3,Series,30.0,30,100.0,Mobile,Basic,Bangalore,Tier 1,2024-02-06 10:00:00,OTT_APP
EVT_001509,U00364,C001,Anupamaa S1,Series,22.5,45,50.0,Smart TV,Free,Bangalore,Tier 1,2024-03-12 12:00:00,OTT_APP
EVT_001510,U00327,C004,Panchayat S3,Series,22.5,30,75.0,Tablet,Annual,Hyderabad,Tier 2,2024-02-18 13:00:00,OTT_APP
EVT_001511,U00449,C005,Mirzapur S3,Thriller,41.2,55,75.0,Tablet,Annual,Delhi,Tier 1,2024-02-08 13:00:00,OTT_APP
EVT_001512,,C004,Panchayat S3,Series,30.0,30,100.0,Laptop,Premium,Bangalore,Tier 1,2024-03-17 17:00:00,OTT_APP
EVT_001513,U00167,C001,Anupamaa S1,Series,22.5,45,50.0,Smart TV,Annual,Chennai,Tier 1,2024-02-23 20:00:00,OTT_APP
EVT_001514,U00178,C001,Anupamaa S1,Series,11.2,45,25.0,Laptop,Basic,Chennai,Tier 1,2024-03-25 09:00:00,OTT_APP
EVT_001515,U00352,C004,Panchayat S3,Series,30.0,30,100.0,Smart TV,Free,Bangalore,Tier 1,2024-03-17 19:00:00,OTT_APP
EVT_001516,U00288,C003,IPL 2024 Final,Sports,105.0,210,50.0,Tablet,Premium,Delhi,Tier 1,2024-02-22 07:00:00,OTT_APP
EVT_001517,U00134,C003,IPL 2024 Final,Sports,105.0,210,50.0,Mobile,Premium,Bangalore,Tier 1,2024-02-24 18:00:00,OTT_APP
EVT_001518,U00158,C004,Panchayat S3,Series,22.5,30,75.0,Laptop,Annual,Chennai,Tier 1,2024-03-22 07:00:00,OTT_APP
EVT_001519,U00400,C002,KBC Season 15,GameShow,45.0,60,75.0,Mobile,Premium,Delhi,Tier 1,2024-03-09 12:00:00,OTT_APP
EVT_001520,U00047,C002,KBC Season 15,GameShow,45.0,60,75.0,Tablet,Premium,Mumbai,Tier 1,2024-01-03 18:00:00,OTT_APP
EVT_001521,U00186,C005,Mirzapur S3,Thriller,13.8,55,25.0,Smart TV,Basic,Mumbai,Tier 1,2024-03-07 12:00:00,OTT_APP
EVT_001522,U00467,C005,Mirzapur S3,Thriller,27.5,55,50.0,Tablet,Premium,Delhi,Tier 1,2024-02-07 11:00:00,OTT_APP
EVT_001523,,C004,Panchayat S3,Series,15.0,30,50.0,Mobile,Free,Delhi,Tier 1,2024-01-02 07:00:00,OTT_APP
EVT_001524,U00145,C005,Mirzapur S3,Thriller,27.5,55,50.0,Tablet,Free,Bangalore,Tier 1,2024-01-06 11:00:00,OTT_APP
EVT_001525,U00384,C002,KBC Season 15,GameShow,45.0,60,75.0,Mobile,Annual,Delhi,Tier 1,2024-01-05 14:00:00,OTT_APP
EVT_001526,U00038,C004,Panchayat S3,Series,7.5,30,25.0,Laptop,Free,Chennai,Tier 1,2024-01-11 08:00:00,OTT_APP
EVT_001527,U00049,C001,Anupamaa S1,Series,33.8,45,75.0,Laptop,Basic,Hyderabad,Tier 2,2024-03-18 10:00:00,OTT_APP
EVT_001528,U00381,C005,Mirzapur S3,Thriller,55.0,55,100.0,Mobile,Premium,Chennai,Tier 1,2024-02-24 22:00:00,OTT_APP
EVT_001529,U00193,C003,IPL 2024 Final,Sports,105.0,210,50.0,Tablet,Annual,Mumbai,Tier 1,2024-02-03 21:00:00,OTT_APP
EVT_001530,U00248,C001,Anupamaa S1,Series,22.5,45,50.0,Tablet,Basic,Bangalore,Tier 1,2024-03-12 14:00:00,OTT_APP
EVT_001531,U00391,C004,Panchayat S3,Series,7.5,30,25.0,Mobile,Annual,Bangalore,Tier 1,2024-02-20 17:00:00,OTT_APP
EVT_001532,U00229,C002,KBC Season 15,GameShow,45.0,60,75.0,Tablet,Annual,Mumbai,Tier 1,2024-02-20 13:00:00,OTT_APP
EVT_001533,U00415,C005,Mirzapur S3,Thriller,13.8,55,25.0,Mobile,Free,Chennai,Tier 1,2024-02-12 10:00:00,OTT_APP
EVT_001534,U00043,C005,Mirzapur S3,Thriller,13.8,55,25.0,Smart TV,Annual,Bangalore,Tier 1,2024-03-16 13:00:00,OTT_APP
EVT_001535,U00031,C005,Mirzapur S3,Thriller,55.0,55,100.0,Laptop,Premium,Hyderabad,Tier 2,2024-03-13 13:00:00,OTT_APP
EVT_001536,U00165,C004,Panchayat S3,Series,15.0,30,50.0,Laptop,Free,Chennai,Tier 1,2024-01-20 07:00:00,OTT_APP
EVT_001537,U00256,C003,IPL 2024 Final,Sports,157.5,210,75.0,Tablet,Basic,Hyderabad,Tier 2,2024-03-03 23:00:00,OTT_APP
EVT_001538,U00440,C003,IPL 2024 Final,Sports,420.0,210,50.0,Mobile,Free,Bangalore,Tier 1,2024-03-06 23:00:00,OTT_APP
EVT_001539,U00083,C004,Panchayat S3,Series,22.5,30,75.0,Mobile,Basic,Bangalore,Tier 1,2024-01-17 06:00:00,OTT_APP
EVT_001540,U00254,C002,KBC Season 15,GameShow,30.0,60,50.0,Smart TV,Annual,Mumbai,Tier 1,2024-01-05 19:00:00,OTT_APP
EVT_001541,U00005,C002,KBC Season 15,GameShow,45.0,60,75.0,Tablet,Free,Hyderabad,Tier 2,2024-02-23 18:00:00,OTT_APP
EVT_001542,U00315,C004,Panchayat S3,Series,30.0,30,100.0,Tablet,Basic,Chennai,Tier 1,2024-03-07 16:00:00,OTT_APP
EVT_001543,U00266,C002,KBC Season 15,GameShow,30.0,60,50.0,Tablet,Annual,Delhi,Tier 1,2024-03-19 17:00:00,OTT_APP
EVT_001544,U00269,C004,Panchayat S3,Series,15.0,30,50.0,Laptop,Free,Chennai,Tier 1,2024-01-18 11:00:00,OTT_APP
EVT_001545,U00003,C003,IPL 2024 Final,Sports,105.0,210,50.0,Tablet,Basic,Delhi,Tier 1,2024-03-01 08:00:00,OTT_APP
EVT_001546,U00049,C002,KBC Season 15,GameShow,45.0,60,75.0,Mobile,Annual,Hyderabad,Tier 2,2024-02-28 16:00:00,OTT_APP
EVT_001547,U00453,C005,Mirzapur S3,Thriller,13.8,55,25.0,Smart TV,Premium,Chennai,Tier 1,2024-03-22 23:00:00,OTT_APP
EVT_001548,U00300,C001,Anupamaa S1,Series,45.0,45,100.0,Tablet,Premium,Chennai,Tier 1,2024-02-06 19:00:00,OTT_APP
EVT_001549,U00329,C005,Mirzapur S3,Thriller,55.0,55,100.0,Smart TV,Free,Chennai,Tier 1,2024-03-12 23:00:00,OTT_APP
EVT_001550,U00135,C005,Mirzapur S3,Thriller,13.8,55,25.0,Mobile,Basic,Delhi,Tier 1,2024-02-05 11:00:00,OTT_APP
EVT_001551,U00495,C005,Mirzapur S3,Thriller,41.2,55,75.0,Laptop,Basic,Bangalore,Tier 1,2024-02-12 14:00:00,OTT_APP
EVT_001552,U00476,C002,KBC Season 15,GameShow,15.0,60,25.0,Smart TV,Basic,Delhi,Tier 1,2024-01-28 08:00:00,OTT_APP
EVT_001553,U00459,C002,KBC Season 15,GameShow,30.0,60,50.0,Mobile,Basic,Mumbai,Tier 1,2024-02-11 08:00:00,OTT_APP
EVT_001554,U00168,C005,Mirzapur S3,Thriller,55.0,55,100.0,Tablet,Free,Bangalore,Tier 1,2024-03-26 21:00:00,OTT_APP
EVT_001555,U00182,C002,KBC Season 15,GameShow,45.0,60,75.0,Tablet,Premium,Bangalore,Tier 1,2024-02-19 21:00:00,OTT_APP
EVT_001556,U00485,C005,Mirzapur S3,Thriller,13.8,55,25.0,Tablet,Basic,Hyderabad,Tier 2,2024-01-28 11:00:00,OTT_APP
EVT_001557,U00351,C004,Panchayat S3,Series,22.5,30,75.0,Mobile,Annual,Bangalore,Tier 1,2024-03-29 14:00:00,OTT_APP
EVT_001558,U00373,C003,IPL 2024 Final,Sports,52.5,210,25.0,Laptop,Basic,Chennai,Tier 1,2024-02-29 17:00:00,OTT_APP
EVT_001559,U00092,C005,Mirzapur S3,Thriller,41.2,55,75.0,Mobile,Basic,Delhi,Tier 1,2024-02-18 17:00:00,OTT_APP
EVT_001560,U00169,C004,Panchayat S3,Series,15.0,30,50.0,Mobile,Premium,Delhi,Tier 1,2024-01-01 15:00:00,OTT_APP
EVT_001561,U00018,C003,IPL 2024 Final,Sports,157.5,210,75.0,Tablet,Annual,Mumbai,Tier 1,2024-03-18 14:00:00,OTT_APP
EVT_001562,U00498,C004,Panchayat S3,Series,7.5,30,25.0,Mobile,Annual,Chennai,Tier 1,2024-02-05 07:00:00,OTT_APP
EVT_001563,U00384,C005,Mirzapur S3,Thriller,41.2,55,75.0,Mobile,Free,Bangalore,Tier 1,2024-01-23 21:00:00,OTT_APP
EVT_001564,U00446,C003,IPL 2024 Final,Sports,52.5,210,25.0,Smart TV,Free,Delhi,Tier 1,2024-03-31 11:00:00,OTT_APP
EVT_001565,U00327,C004,Panchayat S3,Series,30.0,30,100.0,Mobile,Premium,Mumbai,Tier 1,2024-01-08 20:00:00,OTT_APP
EVT_001566,U00171,C001,Anupamaa S1,Series,45.0,45,100.0,Tablet,Basic,Chennai,Tier 1,2024-01-25 06:00:00,OTT_APP
EVT_001567,U00482,C005,Mirzapur S3,Thriller,41.2,55,75.0,Laptop,Annual,Chennai,Tier 1,2024-03-07 06:00:00,OTT_APP
EVT_001568,U00043,C001,Anupamaa S1,Series,11.2,45,25.0,Smart TV,Annual,Hyderabad,Tier 2,2024-01-19 14:00:00,OTT_APP
EVT_001569,U00210,C001,Anupamaa S1,Series,22.5,45,50.0,Smart TV,Free,Delhi,Tier 1,2024-03-29 22:00:00,OTT_APP
EVT_001570,U00239,C003,IPL 2024 Final,Sports,105.0,210,50.0,Mobile,Annual,Chennai,Tier 1,2024-01-16 16:00:00,OTT_APP
EVT_001571,U00096,C001,Anupamaa S1,Series,11.2,45,25.0,Tablet,Free,Mumbai,Tier 1,2024-01-24 08:00:00,OTT_APP
EVT_001572,U00236,C002,KBC Season 15,GameShow,60.0,60,100.0,Mobile,Basic,Delhi,Tier 1,2024-03-22 17:00:00,OTT_APP
EVT_001573,U00028,C003,IPL 2024 Final,Sports,210.0,210,100.0,Laptop,Premium,Delhi,Tier 1,2024-01-17 15:00:00,OTT_APP
EVT_001574,U00116,C002,KBC Season 15,GameShow,30.0,60,50.0,Smart TV,Premium,Hyderabad,Tier 2,2024-02-10 19:00:00,OTT_APP
EVT_001575,U00136,C002,KBC Season 15,GameShow,15.0,60,25.0,Mobile,Annual,Chennai,Tier 1,2024-02-03 20:00:00,OTT_APP
EVT_001576,U00231,C003,IPL 2024 Final,Sports,157.5,210,75.0,Smart TV,Free,Chennai,Tier 1,2024-03-23 22:00:00,OTT_APP
EVT_001577,U00360,C005,Mirzapur S3,Thriller,27.5,55,50.0,Laptop,Premium,Hyderabad,Tier 2,2024-03-13 12:00:00,OTT_APP
EVT_001578,,C003,IPL 2024 Final,Sports,105.0,210,50.0,Smart TV,Premium,Hyderabad,Tier 2,2024-03-11 14:00:00,OTT_APP
EVT_001579,U00338,C002,KBC Season 15,GameShow,30.0,60,50.0,Smart TV,Annual,Mumbai,Tier 1,2024-01-15 22:00:00,OTT_APP
EVT_001580,U00338,C002,KBC Season 15,GameShow,30.0,60,50.0,Mobile,Premium,Chennai,Tier 1,2024-02-17 18:00:00,OTT_APP
EVT_001581,U00244,C001,Anupamaa S1,Series,33.8,45,75.0,Tablet,Premium,Mumbai,Tier 1,2024-01-21 19:00:00,OTT_APP
EVT_001582,U00240,C001,Anupamaa S1,Series,11.2,45,25.0,Smart TV,Free,Chennai,Tier 1,2024-02-09 11:00:00,OTT_APP
EVT_001583,U00375,C004,Panchayat S3,Series,30.0,30,100.0,Laptop,Annual,Bangalore,Tier 1,2024-03-16 19:00:00,OTT_APP
EVT_001584,U00248,C002,KBC Season 15,GameShow,30.0,60,50.0,Laptop,Premium,Chennai,Tier 1,2024-03-17 16:00:00,OTT_APP
EVT_001585,U00216,C001,Anupamaa S1,Series,45.0,45,100.0,Laptop,Premium,Delhi,Tier 1,2024-03-05 09:00:00,OTT_APP
EVT_001586,,C005,Mirzapur S3,Thriller,27.5,55,50.0,Tablet,Basic,Mumbai,Tier 1,2024-01-21 22:00:00,OTT_APP
EVT_001587,U00404,C005,Mirzapur S3,Thriller,55.0,55,100.0,Mobile,Free,Delhi,Tier 1,2024-03-25 16:00:00,OTT_APP
EVT_001588,U00203,C003,IPL 2024 Final,Sports,210.0,210,100.0,Smart TV,Annual,Delhi,Tier 1,2024-02-14 20:00:00,OTT_APP
EVT_001589,U00158,C001,Anupamaa S1,Series,33.8,45,75.0,Mobile,Basic,Delhi,Tier 1,2024-01-23 15:00:00,OTT_APP
EVT_001590,U00079,C002,KBC Season 15,GameShow,60.0,60,100.0,Tablet,Free,Bangalore,Tier 1,2024-01-12 13:00:00,OTT_APP
EVT_001591,U00352,C004,Panchayat S3,Series,7.5,30,25.0,Laptop,Basic,Mumbai,Tier 1,2024-03-01 23:00:00,OTT_APP
EVT_001592,U00391,C004,Panchayat S3,Series,22.5,30,75.0,Mobile,Annual,Bangalore,Tier 1,2024-03-31 13:00:00,OTT_APP
EVT_001593,U00460,C002,KBC Season 15,GameShow,30.0,60,50.0,Tablet,Annual,Delhi,Tier 1,2024-02-21 16:00:00,OTT_APP
EVT_001594,U00343,C005,Mirzapur S3,Thriller,27.5,55,50.0,Mobile,Basic,Mumbai,Tier 1,2024-02-14 21:00:00,OTT_APP
EVT_001595,U00175,C005,Mirzapur S3,Thriller,13.8,55,25.0,Mobile,Annual,Delhi,Tier 1,2024-02-17 17:00:00,OTT_APP
EVT_001596,U00023,C001,Anupamaa S1,Series,33.8,45,75.0,Smart TV,Premium,Delhi,Tier 1,2024-03-04 12:00:00,OTT_APP
EVT_001597,U00218,C004,Panchayat S3,Series,7.5,30,25.0,Smart TV,Premium,Bangalore,Tier 1,2024-03-24 11:00:00,OTT_APP
EVT_001598,U00491,C003,IPL 2024 Final,Sports,105.0,210,50.0,Laptop,Basic,Bangalore,Tier 1,2024-01-05 14:00:00,OTT_APP
EVT_001599,U00413,C002,KBC Season 15,GameShow,30.0,60,50.0,Mobile,Premium,Hyderabad,Tier 2,2024-01-14 20:00:00,OTT_APP
EVT_001600,U00164,C001,Anupamaa S1,Series,33.8,45,75.0,Smart TV,Annual,Bangalore,Tier 1,2024-01-02 11:00:00,OTT_APP
EVT_001601,U00156,C004,Panchayat S3,Series,7.5,30,25.0,Laptop,Premium,Bangalore,Tier 1,2024-02-24 07:00:00,OTT_APP
EVT_001602,U00400,C001,Anupamaa S1,Series,33.8,45,75.0,Laptop,Premium,Bangalore,Tier 1,2024-03-05 17:00:00,OTT_APP
EVT_001603,U00273,C005,Mirzapur S3,Thriller,55.0,55,100.0,Laptop,Free,Mumbai,Tier 1,2024-01-23 19:00:00,OTT_APP
EVT_001604,U00264,C002,KBC Season 15,GameShow,15.0,60,25.0,Laptop,Annual,Hyderabad,Tier 2,2024-02-03 12:00:00,OTT_APP
EVT_001605,U00236,C001,Anupamaa S1,Series,22.5,45,50.0,Tablet,Free,Mumbai,Tier 1,2024-01-16 21:00:00,OTT_APP
EVT_001606,U00346,C005,Mirzapur S3,Thriller,41.2,55,75.0,Tablet,Free,Chennai,Tier 1,2024-02-24 16:00:00,OTT_APP
EVT_001607,U00009,C005,Mirzapur S3,Thriller,27.5,55,50.0,Laptop,Premium,Chennai,Tier 1,2024-02-15 19:00:00,OTT_APP
EVT_001608,U00375,C003,IPL 2024 Final,Sports,157.5,210,75.0,Mobile,Annual,Hyderabad,Tier 2,2024-01-15 17:00:00,OTT_APP
EVT_001609,U00373,C002,KBC Season 15,GameShow,15.0,60,25.0,Smart TV,Annual,Hyderabad,Tier 2,2024-01-13 10:00:00,OTT_APP
EVT_001610,U00471,C004,Panchayat S3,Series,30.0,30,100.0,Laptop,Free,Chennai,Tier 1,2024-02-28 13:00:00,OTT_APP
EVT_001611,U00196,C001,Anupamaa S1,Series,22.5,45,50.0,Mobile,Premium,Mumbai,Tier 1,2024-01-19 09:00:00,OTT_APP
EVT_001612,U00370,C003,IPL 2024 Final,Sports,105.0,210,50.0,Mobile,Annual,Mumbai,Tier 1,2024-01-24 14:00:00,OTT_APP
EVT_001613,U00316,C001,Anupamaa S1,Series,45.0,45,100.0,Smart TV,Free,Hyderabad,Tier 2,2024-02-03 15:00:00,OTT_APP
EVT_001614,U00383,C003,IPL 2024 Final,Sports,157.5,210,75.0,Smart TV,Premium,Delhi,Tier 1,2024-02-25 14:00:00,OTT_APP
EVT_001615,U00348,C005,Mirzapur S3,Thriller,41.2,55,75.0,Tablet,Premium,Hyderabad,Tier 2,2024-02-21 11:00:00,OTT_APP
EVT_001616,U00141,C001,Anupamaa S1,Series,22.5,45,50.0,Tablet,Annual,Mumbai,Tier 1,2024-02-23 10:00:00,OTT_APP
EVT_001617,U00116,C005,Mirzapur S3,Thriller,55.0,55,100.0,Mobile,Premium,Chennai,Tier 1,2024-01-13 13:00:00,OTT_APP
EVT_001618,U00302,C002,KBC Season 15,GameShow,15.0,60,25.0,Laptop,Premium,Chennai,Tier 1,2024-03-18 20:00:00,OTT_APP
EVT_001619,U00175,C005,Mirzapur S3,Thriller,27.5,55,50.0,Tablet,Premium,Hyderabad,Tier 2,2024-01-02 16:00:00,OTT_APP
EVT_001620,U00358,C004,Panchayat S3,Series,7.5,30,25.0,Smart TV,Annual,Bangalore,Tier 1,2024-01-27 23:00:00,OTT_APP
EVT_001621,U00288,C003,IPL 2024 Final,Sports,105.0,210,50.0,Tablet,Free,Hyderabad,Tier 2,2024-01-11 21:00:00,OTT_APP
EVT_001622,U00150,C002,KBC Season 15,GameShow,45.0,60,75.0,Tablet,Annual,Hyderabad,Tier 2,2024-02-17 15:00:00,OTT_APP
EVT_001623,U00320,C004,Panchayat S3,Series,7.5,30,25.0,Tablet,Annual,Hyderabad,Tier 2,2024-03-15 11:00:00,OTT_APP
EVT_001624,U00381,C004,Panchayat S3,Series,30.0,30,100.0,Laptop,Basic,Mumbai,Tier 1,2024-02-06 23:00:00,OTT_APP
EVT_001625,U00050,C004,Panchayat S3,Series,30.0,30,100.0,Laptop,Basic,Delhi,Tier 1,2024-02-18 09:00:00,OTT_APP
EVT_001626,U00443,C002,KBC Season 15,GameShow,60.0,60,100.0,Smart TV,Annual,Hyderabad,Tier 2,2024-02-07 11:00:00,OTT_APP
EVT_001627,,C005,Mirzapur S3,Thriller,27.5,55,50.0,Tablet,Free,Delhi,Tier 1,2024-02-23 14:00:00,OTT_APP
EVT_001628,,C003,IPL 2024 Final,Sports,157.5,210,75.0,Laptop,Annual,Hyderabad,Tier 2,2024-02-20 13:00:00,OTT_APP
EVT_001629,U00205,C004,Panchayat S3,Series,15.0,30,50.0,Tablet,Free,Bangalore,Tier 1,2024-01-21 11:00:00,OTT_APP
EVT_001630,U00350,C005,Mirzapur S3,Thriller,55.0,55,100.0,Mobile,Annual,Bangalore,Tier 1,2024-03-24 11:00:00,OTT_APP
EVT_001631,U00326,C005,Mirzapur S3,Thriller,41.2,55,75.0,Mobile,Basic,Bangalore,Tier 1,2024-02-22 12:00:00,OTT_APP
EVT_001632,U00485,C002,KBC Season 15,GameShow,45.0,60,75.0,Mobile,Premium,Hyderabad,Tier 2,2024-01-11 19:00:00,OTT_APP
EVT_001633,U00351,C005,Mirzapur S3,Thriller,27.5,55,50.0,Mobile,Premium,Hyderabad,Tier 2,2024-03-21 21:00:00,OTT_APP
EVT_001634,U00443,C001,Anupamaa S1,Series,33.8,45,75.0,Smart TV,Basic,Bangalore,Tier 1,2024-03-11 22:00:00,OTT_APP
EVT_001635,U00480,C004,Panchayat S3,Series,15.0,30,50.0,Smart TV,Premium,Delhi,Tier 1,2024-01-23 21:00:00,OTT_APP
EVT_001636,U00236,C002,KBC Season 15,GameShow,30.0,60,50.0,Smart TV,Annual,Mumbai,Tier 1,2024-01-27 20:00:00,OTT_APP
EVT_001637,U00412,C002,KBC Season 15,GameShow,60.0,60,100.0,Tablet,Basic,Bangalore,Tier 1,2024-03-05 09:00:00,OTT_APP
EVT_001638,U00350,C002,KBC Season 15,GameShow,30.0,60,50.0,Laptop,Annual,Mumbai,Tier 1,2024-01-01 07:00:00,OTT_APP
EVT_001639,U00062,C004,Panchayat S3,Series,7.5,30,25.0,Mobile,Annual,Bangalore,Tier 1,2024-02-03 23:00:00,OTT_APP
EVT_001640,U00425,C004,Panchayat S3,Series,30.0,30,100.0,Mobile,Premium,Mumbai,Tier 1,2024-02-07 18:00:00,OTT_APP
EVT_001641,U00220,C004,Panchayat S3,Series,22.5,30,75.0,Mobile,Free,Hyderabad,Tier 2,2024-03-21 20:00:00,OTT_APP
EVT_001642,U00188,C002,KBC Season 15,GameShow,60.0,60,100.0,Laptop,Premium,Hyderabad,Tier 2,2024-01-15 11:00:00,OTT_APP
EVT_001643,U00050,C002,KBC Season 15,GameShow,60.0,60,100.0,Tablet,Free,Bangalore,Tier 1,2024-01-27 14:00:00,OTT_APP
EVT_001644,U00176,C004,Panchayat S3,Series,30.0,30,100.0,Tablet,Annual,Bangalore,Tier 1,2024-02-01 14:00:00,OTT_APP
EVT_001645,U00305,C003,IPL 2024 Final,Sports,210.0,210,100.0,Mobile,Basic,Chennai,Tier 1,2024-03-13 14:00:00,OTT_APP
EVT_001646,U00289,C002,KBC Season 15,GameShow,45.0,60,75.0,Tablet,Premium,Mumbai,Tier 1,2024-01-29 17:00:00,OTT_APP
EVT_001647,U00244,C003,IPL 2024 Final,Sports,210.0,210,100.0,Laptop,Premium,Delhi,Tier 1,2024-03-13 15:00:00,OTT_APP
EVT_001648,U00440,C002,KBC Season 15,GameShow,45.0,60,75.0,Laptop,Premium,Delhi,Tier 1,2024-01-19 15:00:00,OTT_APP
EVT_001649,U00076,C002,KBC Season 15,GameShow,15.0,60,25.0,Mobile,Premium,Delhi,Tier 1,2024-03-15 15:00:00,OTT_APP
EVT_001650,U00317,C003,IPL 2024 Final,Sports,157.5,210,75.0,Smart TV,Premium,Hyderabad,Tier 2,2024-02-21 21:00:00,OTT_APP
EVT_001651,U00192,C002,KBC Season 15,GameShow,45.0,60,75.0,Laptop,Annual,Hyderabad,Tier 2,2024-02-10 22:00:00,OTT_APP
EVT_001652,U00460,C002,KBC Season 15,GameShow,60.0,60,100.0,Laptop,Free,Bangalore,Tier 1,2024-01-23 21:00:00,OTT_APP
EVT_001653,U00077,C001,Anupamaa S1,Series,22.5,45,50.0,Tablet,Free,Chennai,Tier 1,2024-01-27 13:00:00,OTT_APP
EVT_001654,U00431,C002,KBC Season 15,GameShow,30.0,60,50.0,Smart TV,Basic,Bangalore,Tier 1,2024-03-13 06:00:00,OTT_APP
EVT_001655,U00488,C003,IPL 2024 Final,Sports,157.5,210,75.0,Tablet,Free,Bangalore,Tier 1,2024-03-21 09:00:00,OTT_APP
EVT_001656,U00497,C003,IPL 2024 Final,Sports,157.5,210,75.0,Mobile,Annual,Hyderabad,Tier 2,2024-03-09 08:00:00,OTT_APP
EVT_001657,U00354,C005,Mirzapur S3,Thriller,41.2,55,75.0,Smart TV,Basic,Delhi,Tier 1,2024-02-02 11:00:00,OTT_APP
EVT_001658,,C004,Panchayat S3,Series,7.5,30,25.0,Mobile,Basic,Hyderabad,Tier 2,2024-02-04 23:00:00,OTT_APP
EVT_001659,U00032,C001,Anupamaa S1,Series,45.0,45,100.0,Smart TV,Basic,Delhi,Tier 1,2024-03-07 15:00:00,OTT_APP
EVT_001660,U00051,C002,KBC Season 15,GameShow,45.0,60,75.0,Mobile,Premium,Hyderabad,Tier 2,2024-03-02 20:00:00,OTT_APP
EVT_001661,U00244,C001,Anupamaa S1,Series,11.2,45,25.0,Smart TV,Free,Mumbai,Tier 1,2024-02-26 08:00:00,OTT_APP
EVT_001662,U00292,C005,Mirzapur S3,Thriller,41.2,55,75.0,Mobile,Annual,Hyderabad,Tier 2,2024-03-03 15:00:00,OTT_APP
EVT_001663,U00302,C001,Anupamaa S1,Series,33.8,45,75.0,Laptop,Free,Bangalore,Tier 1,2024-03-23 12:00:00,OTT_APP
EVT_001664,U00324,C003,IPL 2024 Final,Sports,210.0,210,100.0,Smart TV,Premium,Hyderabad,Tier 2,2024-02-04 21:00:00,OTT_APP
EVT_001665,U00136,C005,Mirzapur S3,Thriller,27.5,55,50.0,Smart TV,Premium,Chennai,Tier 1,2024-03-23 15:00:00,OTT_APP
EVT_001666,U00058,C003,IPL 2024 Final,Sports,157.5,210,75.0,Smart TV,Annual,Hyderabad,Tier 2,2024-02-09 20:00:00,OTT_APP
EVT_001667,U00084,C001,Anupamaa S1,Series,22.5,45,50.0,Smart TV,Free,Hyderabad,Tier 2,2024-03-01 21:00:00,OTT_APP
EVT_001668,U00327,C004,Panchayat S3,Series,22.5,30,75.0,Smart TV,Basic,Mumbai,Tier 1,2024-02-26 16:00:00,OTT_APP
EVT_001669,U00157,C001,Anupamaa S1,Series,45.0,45,100.0,Tablet,Annual,Delhi,Tier 1,2024-02-09 22:00:00,OTT_APP
EVT_001670,U00166,C001,Anupamaa S1,Series,33.8,45,75.0,Smart TV,Basic,Hyderabad,Tier 2,2024-01-27 10:00:00,OTT_APP
EVT_001671,,C004,Panchayat S3,Series,30.0,30,100.0,Laptop,Annual,Delhi,Tier 1,2024-03-19 11:00:00,OTT_APP
EVT_001672,U00190,C003,IPL 2024 Final,Sports,105.0,210,50.0,Smart TV,Premium,Chennai,Tier 1,2024-03-01 15:00:00,OTT_APP
EVT_001673,,C003,IPL 2024 Final,Sports,157.5,210,75.0,Laptop,Annual,Chennai,Tier 1,2024-02-27 15:00:00,OTT_APP
EVT_001674,U00182,C001,Anupamaa S1,Series,45.0,45,100.0,Smart TV,Annual,Bangalore,Tier 1,2024-01-08 19:00:00,OTT_APP
EVT_001675,U00151,C003,IPL 2024 Final,Sports,52.5,210,25.0,Tablet,Free,Delhi,Tier 1,2024-01-27 14:00:00,OTT_APP
EVT_001676,,C003,IPL 2024 Final,Sports,105.0,210,50.0,Smart TV,Basic,Bangalore,Tier 1,2024-02-11 23:00:00,OTT_APP
EVT_001677,U00125,C005,Mirzapur S3,Thriller,41.2,55,75.0,Smart TV,Premium,Chennai,Tier 1,2024-01-14 08:00:00,OTT_APP
EVT_001678,U00400,C004,Panchayat S3,Series,30.0,30,100.0,Laptop,Annual,Hyderabad,Tier 2,2024-03-01 07:00:00,OTT_APP
EVT_001679,U00031,C002,KBC Season 15,GameShow,30.0,60,50.0,Mobile,Free,Hyderabad,Tier 2,2024-03-16 18:00:00,OTT_APP
EVT_001680,U00057,C003,IPL 2024 Final,Sports,105.0,210,50.0,Laptop,Basic,Chennai,Tier 1,2024-02-26 15:00:00,OTT_APP
EVT_001681,U00302,C001,Anupamaa S1,Series,22.5,45,50.0,Tablet,Basic,Bangalore,Tier 1,2024-01-20 10:00:00,OTT_APP
EVT_001682,U00391,C005,Mirzapur S3,Thriller,13.8,55,25.0,Tablet,Premium,Delhi,Tier 1,2024-02-11 23:00:00,OTT_APP
EVT_001683,U00491,C001,Anupamaa S1,Series,11.2,45,25.0,Tablet,Annual,Mumbai,Tier 1,2024-03-30 16:00:00,OTT_APP
EVT_001684,U00186,C002,KBC Season 15,GameShow,15.0,60,25.0,Tablet,Basic,Bangalore,Tier 1,2024-01-30 20:00:00,OTT_APP
EVT_001685,U00329,C003,IPL 2024 Final,Sports,105.0,210,50.0,Laptop,Annual,Mumbai,Tier 1,2024-01-18 09:00:00,OTT_APP
EVT_001686,U00468,C004,Panchayat S3,Series,30.0,30,100.0,Tablet,Free,Mumbai,Tier 1,2024-03-08 07:00:00,OTT_APP
EVT_001687,U00405,C005,Mirzapur S3,Thriller,27.5,55,50.0,Laptop,Premium,Mumbai,Tier 1,2024-03-05 16:00:00,OTT_APP
EVT_001688,U00499,C005,Mirzapur S3,Thriller,27.5,55,50.0,Mobile,Basic,Mumbai,Tier 1,2024-01-10 08:00:00,OTT_APP
EVT_001689,U00313,C005,Mirzapur S3,Thriller,55.0,55,100.0,Smart TV,Free,Mumbai,Tier 1,2024-03-14 20:00:00,OTT_APP
EVT_001690,U00334,C004,Panchayat S3,Series,30.0,30,100.0,Tablet,Free,Bangalore,Tier 1,2024-02-27 10:00:00,OTT_APP
EVT_001691,U00400,C002,KBC Season 15,GameShow,45.0,60,75.0,Laptop,Free,Chennai,Tier 1,2024-02-28 22:00:00,OTT_APP
EVT_001692,U00010,C004,Panchayat S3,Series,22.5,30,75.0,Mobile,Basic,Mumbai,Tier 1,2024-03-20 18:00:00,OTT_APP
EVT_001693,U00273,C003,IPL 2024 Final,Sports,105.0,210,50.0,Laptop,Basic,Chennai,Tier 1,2024-01-29 16:00:00,OTT_APP
EVT_001694,U00396,C005,Mirzapur S3,Thriller,55.0,55,100.0,Smart TV,Basic,Hyderabad,Tier 2,2024-01-20 12:00:00,OTT_APP
EVT_001695,U00400,C003,IPL 2024 Final,Sports,52.5,210,25.0,Smart TV,Premium,Mumbai,Tier 1,2024-03-09 07:00:00,OTT_APP
EVT_001696,,C001,Anupamaa S1,Series,22.5,45,50.0,Tablet,Basic,Chennai,Tier 1,2024-01-30 12:00:00,OTT_APP
EVT_001697,U00014,C004,Panchayat S3,Series,30.0,30,100.0,Smart TV,Annual,Delhi,Tier 1,2024-01-28 17:00:00,OTT_APP
EVT_001698,,C001,Anupamaa S1,Series,45.0,45,100.0,Smart TV,Annual,Bangalore,Tier 1,2024-01-04 20:00:00,OTT_APP
EVT_001699,U00395,C001,Anupamaa S1,Series,22.5,45,50.0,Laptop,Free,Bangalore,Tier 1,2024-01-26 12:00:00,OTT_APP
EVT_001700,U00063,C001,Anupamaa S1,Series,45.0,45,100.0,Smart TV,Basic,Hyderabad,Tier 2,2024-03-15 22:00:00,OTT_APP
EVT_001701,,C001,Anupamaa S1,Series,45.0,45,100.0,Smart TV,Basic,Hyderabad,Tier 2,2024-02-15 16:00:00,OTT_APP
EVT_001702,U00261,C001,Anupamaa S1,Series,45.0,45,100.0,Mobile,Annual,Chennai,Tier 1,2024-03-02 14:00:00,OTT_APP
EVT_001703,U00182,C001,Anupamaa S1,Series,11.2,45,25.0,Tablet,Premium,Bangalore,Tier 1,2024-02-21 09:00:00,OTT_APP
EVT_001704,U00334,C001,Anupamaa S1,Series,22.5,45,50.0,Laptop,Annual,Chennai,Tier 1,2024-01-30 08:00:00,OTT_APP
EVT_001705,U00024,C001,Anupamaa S1,Series,45.0,45,100.0,Smart TV,Basic,Chennai,Tier 1,2024-03-23 16:00:00,OTT_APP
EVT_001706,U00072,C002,KBC Season 15,GameShow,45.0,60,75.0,Laptop,Free,Delhi,Tier 1,2024-03-07 10:00:00,OTT_APP
EVT_001707,U00191,C001,Anupamaa S1,Series,33.8,45,75.0,Laptop,Basic,Delhi,Tier 1,2024-03-25 15:00:00,OTT_APP
EVT_001708,U00187,C004,Panchayat S3,Series,7.5,30,25.0,Mobile,Basic,Hyderabad,Tier 2,2024-01-20 11:00:00,OTT_APP
EVT_001709,U00466,C001,Anupamaa S1,Series,22.5,45,50.0,Tablet,Premium,Chennai,Tier 1,2024-02-21 17:00:00,OTT_APP
EVT_001710,U00018,C001,Anupamaa S1,Series,45.0,45,100.0,Smart TV,Annual,Chennai,Tier 1,2024-01-04 21:00:00,OTT_APP
EVT_001711,U00081,C001,Anupamaa S1,Series,33.8,45,75.0,Mobile,Free,Hyderabad,Tier 2,2024-03-08 11:00:00,OTT_APP
EVT_001712,U00058,C003,IPL 2024 Final,Sports,210.0,210,100.0,Laptop,Annual,Mumbai,Tier 1,2024-02-23 08:00:00,OTT_APP
EVT_001713,U00439,C004,Panchayat S3,Series,30.0,30,100.0,Mobile,Premium,Hyderabad,Tier 2,2024-02-26 10:00:00,OTT_APP
EVT_001714,U00337,C004,Panchayat S3,Series,15.0,30,50.0,Tablet,Free,Chennai,Tier 1,2024-01-17 16:00:00,OTT_APP
EVT_001715,U00113,C004,Panchayat S3,Series,15.0,30,50.0,Smart TV,Basic,Hyderabad,Tier 2,2024-01-26 10:00:00,OTT_APP
EVT_001716,U00455,C002,KBC Season 15,GameShow,45.0,60,75.0,Mobile,Basic,Mumbai,Tier 1,2024-02-21 15:00:00,OTT_APP
EVT_001717,U00343,C002,KBC Season 15,GameShow,30.0,60,50.0,Tablet,Basic,Chennai,Tier 1,2024-02-12 20:00:00,OTT_APP
EVT_001718,U00383,C003,IPL 2024 Final,Sports,105.0,210,50.0,Laptop,Free,Delhi,Tier 1,2024-03-15 07:00:00,OTT_APP
EVT_001719,U00428,C002,KBC Season 15,GameShow,60.0,60,100.0,Smart TV,Basic,Mumbai,Tier 1,2024-01-19 07:00:00,OTT_APP
EVT_001720,,C004,Panchayat S3,Series,15.0,30,50.0,Tablet,Basic,Hyderabad,Tier 2,2024-03-02 21:00:00,OTT_APP
EVT_001721,U00280,C005,Mirzapur S3,Thriller,27.5,55,50.0,Laptop,Free,Delhi,Tier 1,2024-02-28 14:00:00,OTT_APP
EVT_001722,U00457,C003,IPL 2024 Final,Sports,157.5,210,75.0,Smart TV,Premium,Hyderabad,Tier 2,2024-02-13 16:00:00,OTT_APP
EVT_001723,U00340,C003,IPL 2024 Final,Sports,210.0,210,100.0,Mobile,Premium,Bangalore,Tier 1,2024-03-11 20:00:00,OTT_APP
EVT_001724,U00494,C005,Mirzapur S3,Thriller,27.5,55,50.0,Smart TV,Free,Chennai,Tier 1,2024-02-24 06:00:00,OTT_APP
EVT_001725,U00365,C002,KBC Season 15,GameShow,60.0,60,100.0,Tablet,Basic,Mumbai,Tier 1,2024-01-16 23:00:00,OTT_APP
EVT_001726,U00495,C003,IPL 2024 Final,Sports,105.0,210,50.0,Smart TV,Annual,Bangalore,Tier 1,2024-03-11 08:00:00,OTT_APP
EVT_001727,U00376,C005,Mirzapur S3,Thriller,13.8,55,25.0,Tablet,Basic,Delhi,Tier 1,2024-01-03 12:00:00,OTT_APP
EVT_001728,U00186,C005,Mirzapur S3,Thriller,55.0,55,100.0,Smart TV,Basic,Hyderabad,Tier 2,2024-01-07 23:00:00,OTT_APP
EVT_001729,U00432,C003,IPL 2024 Final,Sports,52.5,210,25.0,Smart TV,Annual,Delhi,Tier 1,2024-03-22 13:00:00,OTT_APP
EVT_001730,U00462,C002,KBC Season 15,GameShow,30.0,60,50.0,Laptop,Annual,Bangalore,Tier 1,2024-02-07 18:00:00,OTT_APP
EVT_001731,U00129,C004,Panchayat S3,Series,15.0,30,50.0,Tablet,Basic,Chennai,Tier 1,2024-01-01 08:00:00,OTT_APP
EVT_001732,U00072,C005,Mirzapur S3,Thriller,41.2,55,75.0,Smart TV,Annual,Mumbai,Tier 1,2024-01-08 19:00:00,OTT_APP
EVT_001733,U00331,C002,KBC Season 15,GameShow,60.0,60,100.0,Laptop,Annual,Delhi,Tier 1,2024-02-20 11:00:00,OTT_APP
EVT_001734,U00494,C005,Mirzapur S3,Thriller,13.8,55,25.0,Tablet,Basic,Chennai,Tier 1,2024-01-10 13:00:00,OTT_APP
EVT_001735,U00106,C004,Panchayat S3,Series,7.5,30,25.0,Laptop,Basic,Hyderabad,Tier 2,2024-03-27 10:00:00,OTT_APP
EVT_001736,U00267,C003,IPL 2024 Final,Sports,210.0,210,100.0,Tablet,Free,Mumbai,Tier 1,2024-03-22 09:00:00,OTT_APP
EVT_001737,U00278,C005,Mirzapur S3,Thriller,27.5,55,50.0,Laptop,Basic,Bangalore,Tier 1,2024-02-08 09:00:00,OTT_APP
EVT_001738,U00196,C001,Anupamaa S1,Series,45.0,45,100.0,Tablet,Free,Chennai,Tier 1,2024-02-04 07:00:00,OTT_APP
EVT_001739,,C004,Panchayat S3,Series,15.0,30,50.0,Tablet,Basic,Delhi,Tier 1,2024-03-31 21:00:00,OTT_APP
EVT_001740,U00124,C005,Mirzapur S3,Thriller,13.8,55,25.0,Laptop,Annual,Hyderabad,Tier 2,2024-03-17 17:00:00,OTT_APP
EVT_001741,U00464,C004,Panchayat S3,Series,7.5,30,25.0,Tablet,Premium,Mumbai,Tier 1,2024-02-05 14:00:00,OTT_APP
EVT_001742,U00007,C004,Panchayat S3,Series,22.5,30,75.0,Mobile,Annual,Chennai,Tier 1,2024-02-15 08:00:00,OTT_APP
EVT_001743,U00341,C002,KBC Season 15,GameShow,45.0,60,75.0,Tablet,Free,Delhi,Tier 1,2024-03-16 19:00:00,OTT_APP
EVT_001744,U00446,C004,Panchayat S3,Series,22.5,30,75.0,Laptop,Free,Hyderabad,Tier 2,2024-02-18 22:00:00,OTT_APP
EVT_001745,U00061,C005,Mirzapur S3,Thriller,13.8,55,25.0,Smart TV,Premium,Mumbai,Tier 1,2024-03-14 09:00:00,OTT_APP
EVT_001746,U00368,C005,Mirzapur S3,Thriller,41.2,55,75.0,Mobile,Premium,Hyderabad,Tier 2,2024-02-23 18:00:00,OTT_APP
EVT_001747,U00482,C004,Panchayat S3,Series,30.0,30,100.0,Laptop,Annual,Hyderabad,Tier 2,2024-03-07 07:00:00,OTT_APP
EVT_001748,U00051,C001,Anupamaa S1,Series,22.5,45,50.0,Tablet,Annual,Delhi,Tier 1,2024-01-04 16:00:00,OTT_APP
EVT_001749,U00181,C001,Anupamaa S1,Series,33.8,45,75.0,Smart TV,Premium,Chennai,Tier 1,2024-02-15 17:00:00,OTT_APP
EVT_001750,U00394,C004,Panchayat S3,Series,30.0,30,100.0,Smart TV,Basic,Chennai,Tier 1,2024-02-28 14:00:00,OTT_APP
EVT_001751,U00380,C005,Mirzapur S3,Thriller,55.0,55,100.0,Laptop,Premium,Hyderabad,Tier 2,2024-03-23 16:00:00,OTT_APP
EVT_001752,U00316,C002,KBC Season 15,GameShow,60.0,60,100.0,Smart TV,Premium,Mumbai,Tier 1,2024-02-12 17:00:00,OTT_APP
EVT_001753,U00161,C003,IPL 2024 Final,Sports,52.5,210,25.0,Laptop,Basic,Mumbai,Tier 1,2024-03-22 18:00:00,OTT_APP
EVT_001754,U00413,C004,Panchayat S3,Series,15.0,30,50.0,Laptop,Premium,Bangalore,Tier 1,2024-02-14 16:00:00,OTT_APP
EVT_001755,U00098,C002,KBC Season 15,GameShow,60.0,60,100.0,Tablet,Premium,Chennai,Tier 1,2024-01-03 09:00:00,OTT_APP
EVT_001756,U00102,C005,Mirzapur S3,Thriller,41.2,55,75.0,Mobile,Free,Bangalore,Tier 1,2024-03-20 08:00:00,OTT_APP
EVT_001757,U00367,C005,Mirzapur S3,Thriller,55.0,55,100.0,Tablet,Premium,Bangalore,Tier 1,2024-02-03 10:00:00,OTT_APP
EVT_001758,U00315,C004,Panchayat S3,Series,7.5,30,25.0,Mobile,Premium,Bangalore,Tier 1,2024-01-14 15:00:00,OTT_APP
EVT_001759,U00080,C002,KBC Season 15,GameShow,30.0,60,50.0,Tablet,Free,Mumbai,Tier 1,2024-02-01 23:00:00,OTT_APP
EVT_001760,U00226,C004,Panchayat S3,Series,15.0,30,50.0,Smart TV,Basic,Delhi,Tier 1,2024-02-01 13:00:00,OTT_APP
EVT_001761,U00430,C001,Anupamaa S1,Series,22.5,45,50.0,Laptop,Annual,Mumbai,Tier 1,2024-03-19 21:00:00,OTT_APP
EVT_001762,U00096,C005,Mirzapur S3,Thriller,41.2,55,75.0,Laptop,Annual,Hyderabad,Tier 2,2024-01-25 19:00:00,OTT_APP
EVT_001763,U00190,C003,IPL 2024 Final,Sports,157.5,210,75.0,Tablet,Basic,Chennai,Tier 1,2024-02-03 19:00:00,OTT_APP
EVT_001764,U00165,C003,IPL 2024 Final,Sports,157.5,210,75.0,Smart TV,Basic,Mumbai,Tier 1,2024-03-29 10:00:00,OTT_APP
EVT_001765,U00275,C001,Anupamaa S1,Series,45.0,45,100.0,Tablet,Free,Hyderabad,Tier 2,2024-03-31 21:00:00,OTT_APP
EVT_001766,U00421,C005,Mirzapur S3,Thriller,27.5,55,50.0,Smart TV,Annual,Chennai,Tier 1,2024-03-30 23:00:00,OTT_APP
EVT_001767,U00255,C003,IPL 2024 Final,Sports,157.5,210,75.0,Laptop,Free,Mumbai,Tier 1,2024-02-28 20:00:00,OTT_APP
EVT_001768,U00459,C002,KBC Season 15,GameShow,15.0,60,25.0,Tablet,Annual,Bangalore,Tier 1,2024-03-12 07:00:00,OTT_APP
EVT_001769,U00292,C002,KBC Season 15,GameShow,15.0,60,25.0,Tablet,Free,Chennai,Tier 1,2024-01-09 14:00:00,OTT_APP
EVT_001770,U00339,C005,Mirzapur S3,Thriller,27.5,55,50.0,Laptop,Premium,Delhi,Tier 1,2024-02-20 12:00:00,OTT_APP
EVT_001771,U00292,C005,Mirzapur S3,Thriller,41.2,55,75.0,Laptop,Basic,Chennai,Tier 1,2024-02-12 13:00:00,OTT_APP
EVT_001772,U00498,C005,Mirzapur S3,Thriller,55.0,55,100.0,Mobile,Premium,Hyderabad,Tier 2,2024-02-10 06:00:00,OTT_APP
EVT_001773,U00272,C005,Mirzapur S3,Thriller,13.8,55,25.0,Laptop,Basic,Mumbai,Tier 1,2024-03-19 08:00:00,OTT_APP
EVT_001774,U00016,C002,KBC Season 15,GameShow,30.0,60,50.0,Laptop,Free,Hyderabad,Tier 2,2024-01-23 11:00:00,OTT_APP
EVT_001775,U00413,C003,IPL 2024 Final,Sports,52.5,210,25.0,Laptop,Annual,Bangalore,Tier 1,2024-03-14 18:00:00,OTT_APP
EVT_001776,U00160,C004,Panchayat S3,Series,7.5,30,25.0,Tablet,Basic,Chennai,Tier 1,2024-01-24 09:00:00,OTT_APP
EVT_001777,U00134,C004,Panchayat S3,Series,30.0,30,100.0,Laptop,Basic,Bangalore,Tier 1,2024-01-12 11:00:00,OTT_APP
EVT_001778,U00385,C002,KBC Season 15,GameShow,30.0,60,50.0,Mobile,Premium,Mumbai,Tier 1,2024-02-13 20:00:00,OTT_APP
EVT_001779,U00350,C001,Anupamaa S1,Series,45.0,45,100.0,Tablet,Free,Mumbai,Tier 1,2024-03-12 07:00:00,OTT_APP
EVT_001780,,C002,KBC Season 15,GameShow,15.0,60,25.0,Laptop,Premium,Hyderabad,Tier 2,2024-01-02 06:00:00,OTT_APP
EVT_001781,U00440,C001,Anupamaa S1,Series,45.0,45,100.0,Mobile,Basic,Hyderabad,Tier 2,2024-03-13 17:00:00,OTT_APP
EVT_001782,U00112,C002,KBC Season 15,GameShow,45.0,60,75.0,Tablet,Free,Bangalore,Tier 1,2024-01-24 23:00:00,OTT_APP
EVT_001783,U00362,C002,KBC Season 15,GameShow,45.0,60,75.0,Smart TV,Basic,Hyderabad,Tier 2,2024-01-23 20:00:00,OTT_APP
EVT_001784,U00414,C004,Panchayat S3,Series,7.5,30,25.0,Tablet,Premium,Mumbai,Tier 1,2024-03-09 09:00:00,OTT_APP
EVT_001785,U00086,C001,Anupamaa S1,Series,22.5,45,50.0,Mobile,Annual,Delhi,Tier 1,2024-03-16 22:00:00,OTT_APP
EVT_001786,U00476,C002,KBC Season 15,GameShow,45.0,60,75.0,Laptop,Annual,Hyderabad,Tier 2,2024-02-13 20:00:00,OTT_APP
EVT_001787,U00188,C001,Anupamaa S1,Series,33.8,45,75.0,Smart TV,Basic,Mumbai,Tier 1,2024-02-13 13:00:00,OTT_APP
EVT_001788,U00031,C004,Panchayat S3,Series,7.5,30,25.0,Laptop,Free,Bangalore,Tier 1,2024-01-06 17:00:00,OTT_APP
EVT_001789,U00268,C005,Mirzapur S3,Thriller,13.8,55,25.0,Laptop,Basic,Chennai,Tier 1,2024-03-08 23:00:00,OTT_APP
EVT_001790,U00484,C003,IPL 2024 Final,Sports,105.0,210,50.0,Laptop,Annual,Bangalore,Tier 1,2024-01-26 15:00:00,OTT_APP
EVT_001791,,C004,Panchayat S3,Series,15.0,30,50.0,Tablet,Annual,Bangalore,Tier 1,2024-01-04 21:00:00,OTT_APP
EVT_001792,U00271,C005,Mirzapur S3,Thriller,27.5,55,50.0,Mobile,Basic,Bangalore,Tier 1,2024-02-06 07:00:00,OTT_APP
EVT_001793,U00089,C001,Anupamaa S1,Series,22.5,45,50.0,Tablet,Free,Hyderabad,Tier 2,2024-03-14 23:00:00,OTT_APP
EVT_001794,U00181,C005,Mirzapur S3,Thriller,13.8,55,25.0,Mobile,Annual,Chennai,Tier 1,2024-02-19 12:00:00,OTT_APP
EVT_001795,U00349,C005,Mirzapur S3,Thriller,41.2,55,75.0,Mobile,Basic,Delhi,Tier 1,2024-03-06 17:00:00,OTT_APP
EVT_001796,U00038,C001,Anupamaa S1,Series,22.5,45,50.0,Smart TV,Annual,Delhi,Tier 1,2024-01-29 16:00:00,OTT_APP
EVT_001797,U00473,C002,KBC Season 15,GameShow,45.0,60,75.0,Laptop,Basic,Hyderabad,Tier 2,2024-01-02 07:00:00,OTT_APP
EVT_001798,U00091,C001,Anupamaa S1,Series,45.0,45,100.0,Laptop,Basic,Mumbai,Tier 1,2024-01-31 16:00:00,OTT_APP
EVT_001799,U00073,C003,IPL 2024 Final,Sports,420.0,210,100.0,Smart TV,Premium,Bangalore,Tier 1,2024-01-06 10:00:00,OTT_APP
EVT_001800,U00210,C004,Panchayat S3,Series,22.5,30,75.0,Mobile,Annual,Chennai,Tier 1,2024-01-27 14:00:00,OTT_APP
EVT_001801,U00308,C004,Panchayat S3,Series,15.0,30,50.0,Mobile,Annual,Delhi,Tier 1,2024-03-03 14:00:00,OTT_APP
EVT_001802,U00037,C001,Anupamaa S1,Series,33.8,45,75.0,Mobile,Free,Bangalore,Tier 1,2024-01-17 13:00:00,OTT_APP
EVT_001803,U00275,C002,KBC Season 15,GameShow,60.0,60,100.0,Tablet,Basic,Bangalore,Tier 1,2024-01-09 11:00:00,OTT_APP
EVT_001804,U00147,C003,IPL 2024 Final,Sports,210.0,210,100.0,Tablet,Premium,Bangalore,Tier 1,2024-02-06 23:00:00,OTT_APP
EVT_001805,U00285,C001,Anupamaa S1,Series,45.0,45,100.0,Laptop,Basic,Bangalore,Tier 1,2024-01-26 08:00:00,OTT_APP
EVT_001806,U00056,C002,KBC Season 15,GameShow,45.0,60,75.0,Mobile,Basic,Mumbai,Tier 1,2024-03-01 21:00:00,OTT_APP
EVT_001807,,C001,Anupamaa S1,Series,45.0,45,100.0,Laptop,Premium,Delhi,Tier 1,2024-01-11 08:00:00,OTT_APP
EVT_001808,,C004,Panchayat S3,Series,22.5,30,75.0,Smart TV,Basic,Bangalore,Tier 1,2024-03-17 07:00:00,OTT_APP
EVT_001809,U00441,C003,IPL 2024 Final,Sports,52.5,210,25.0,Tablet,Basic,Mumbai,Tier 1,2024-01-20 16:00:00,OTT_APP
EVT_001810,U00079,C003,IPL 2024 Final,Sports,105.0,210,50.0,Tablet,Free,Mumbai,Tier 1,2024-02-20 18:00:00,OTT_APP
EVT_001811,U00013,C002,KBC Season 15,GameShow,15.0,60,25.0,Laptop,Free,Delhi,Tier 1,2024-02-12 20:00:00,OTT_APP
EVT_001812,U00074,C002,KBC Season 15,GameShow,45.0,60,75.0,Tablet,Free,Chennai,Tier 1,2024-03-12 11:00:00,OTT_APP
EVT_001813,U00009,C001,Anupamaa S1,Series,33.8,45,75.0,Smart TV,Premium,Bangalore,Tier 1,2024-03-07 23:00:00,OTT_APP
EVT_001814,U00004,C003,IPL 2024 Final,Sports,52.5,210,25.0,Laptop,Free,Mumbai,Tier 1,2024-03-28 13:00:00,OTT_APP
EVT_001815,U00439,C005,Mirzapur S3,Thriller,13.8,55,25.0,Smart TV,Free,Bangalore,Tier 1,2024-03-13 09:00:00,OTT_APP
EVT_001816,U00480,C005,Mirzapur S3,Thriller,41.2,55,75.0,Laptop,Premium,Mumbai,Tier 1,2024-03-24 21:00:00,OTT_APP
EVT_001817,,C005,Mirzapur S3,Thriller,27.5,55,50.0,Tablet,Premium,Delhi,Tier 1,2024-03-28 21:00:00,OTT_APP
EVT_001818,U00451,C004,Panchayat S3,Series,15.0,30,50.0,Tablet,Basic,Delhi,Tier 1,2024-02-28 23:00:00,OTT_APP
EVT_001819,U00452,C002,KBC Season 15,GameShow,30.0,60,50.0,Smart TV,Premium,Delhi,Tier 1,2024-02-19 14:00:00,OTT_APP
EVT_001820,U00236,C001,Anupamaa S1,Series,22.5,45,50.0,Laptop,Basic,Chennai,Tier 1,2024-01-19 07:00:00,OTT_APP
EVT_001821,U00216,C004,Panchayat S3,Series,7.5,30,25.0,Laptop,Annual,Chennai,Tier 1,2024-01-27 18:00:00,OTT_APP
EVT_001822,U00173,C004,Panchayat S3,Series,15.0,30,50.0,Tablet,Annual,Bangalore,Tier 1,2024-02-29 17:00:00,OTT_APP
EVT_001823,U00365,C002,KBC Season 15,GameShow,45.0,60,75.0,Smart TV,Basic,Delhi,Tier 1,2024-02-01 12:00:00,OTT_APP
EVT_001824,U00192,C005,Mirzapur S3,Thriller,27.5,55,50.0,Tablet,Basic,Bangalore,Tier 1,2024-03-11 19:00:00,OTT_APP
EVT_001825,U00154,C004,Panchayat S3,Series,7.5,30,25.0,Laptop,Free,Mumbai,Tier 1,2024-03-10 20:00:00,OTT_APP
EVT_001826,U00480,C002,KBC Season 15,GameShow,30.0,60,50.0,Laptop,Basic,Hyderabad,Tier 2,2024-01-21 18:00:00,OTT_APP
EVT_001827,U00140,C004,Panchayat S3,Series,7.5,30,25.0,Smart TV,Annual,Delhi,Tier 1,2024-02-19 11:00:00,OTT_APP
EVT_001828,U00163,C005,Mirzapur S3,Thriller,55.0,55,100.0,Laptop,Basic,Delhi,Tier 1,2024-01-20 19:00:00,OTT_APP
EVT_001829,U00377,C002,KBC Season 15,GameShow,60.0,60,100.0,Mobile,Free,Bangalore,Tier 1,2024-02-10 22:00:00,OTT_APP
EVT_001830,U00437,C001,Anupamaa S1,Series,11.2,45,25.0,Mobile,Premium,Mumbai,Tier 1,2024-01-07 16:00:00,OTT_APP
EVT_001831,U00431,C003,IPL 2024 Final,Sports,105.0,210,50.0,Mobile,Premium,Delhi,Tier 1,2024-01-28 15:00:00,OTT_APP
EVT_001832,U00174,C005,Mirzapur S3,Thriller,55.0,55,100.0,Smart TV,Premium,Hyderabad,Tier 2,2024-02-27 21:00:00,OTT_APP
EVT_001833,U00084,C003,IPL 2024 Final,Sports,52.5,210,25.0,Laptop,Free,Hyderabad,Tier 2,2024-01-21 10:00:00,OTT_APP
EVT_001834,U00283,C005,Mirzapur S3,Thriller,55.0,55,100.0,Laptop,Premium,Bangalore,Tier 1,2024-01-21 23:00:00,OTT_APP
EVT_001835,U00387,C002,KBC Season 15,GameShow,60.0,60,100.0,Mobile,Basic,Delhi,Tier 1,2024-02-26 09:00:00,OTT_APP
EVT_001836,U00301,C004,Panchayat S3,Series,15.0,30,50.0,Tablet,Annual,Bangalore,Tier 1,2024-01-22 06:00:00,OTT_APP
EVT_001837,U00485,C005,Mirzapur S3,Thriller,41.2,55,75.0,Tablet,Premium,Bangalore,Tier 1,2024-01-03 21:00:00,OTT_APP
EVT_001838,U00320,C001,Anupamaa S1,Series,45.0,45,100.0,Tablet,Annual,Mumbai,Tier 1,2024-01-23 10:00:00,OTT_APP
EVT_001839,U00150,C002,KBC Season 15,GameShow,15.0,60,25.0,Mobile,Premium,Delhi,Tier 1,2024-03-22 16:00:00,OTT_APP
EVT_001840,U00087,C005,Mirzapur S3,Thriller,55.0,55,100.0,Tablet,Premium,Bangalore,Tier 1,2024-01-03 19:00:00,OTT_APP
EVT_001841,U00164,C002,KBC Season 15,GameShow,45.0,60,75.0,Smart TV,Free,Hyderabad,Tier 2,2024-01-04 21:00:00,OTT_APP
EVT_001842,U00173,C002,KBC Season 15,GameShow,45.0,60,75.0,Mobile,Premium,Chennai,Tier 1,2024-02-27 19:00:00,OTT_APP
EVT_001843,U00067,C004,Panchayat S3,Series,22.5,30,75.0,Mobile,Free,Chennai,Tier 1,2024-03-11 07:00:00,OTT_APP
EVT_001844,U00019,C003,IPL 2024 Final,Sports,105.0,210,50.0,Tablet,Annual,Bangalore,Tier 1,2024-02-18 18:00:00,OTT_APP
EVT_001845,U00363,C003,IPL 2024 Final,Sports,105.0,210,50.0,Tablet,Basic,Hyderabad,Tier 2,2024-02-24 19:00:00,OTT_APP
EVT_001846,U00145,C003,IPL 2024 Final,Sports,157.5,210,75.0,Tablet,Free,Hyderabad,Tier 2,2024-01-25 21:00:00,OTT_APP
EVT_001847,U00442,C004,Panchayat S3,Series,30.0,30,100.0,Mobile,Free,Mumbai,Tier 1,2024-03-26 16:00:00,OTT_APP
EVT_001848,U00091,C002,KBC Season 15,GameShow,60.0,60,100.0,Tablet,Free,Mumbai,Tier 1,2024-02-01 08:00:00,OTT_APP
EVT_001849,,C002,KBC Season 15,GameShow,45.0,60,75.0,Mobile,Premium,Delhi,Tier 1,2024-01-12 08:00:00,OTT_APP
EVT_001850,U00324,C005,Mirzapur S3,Thriller,13.8,55,25.0,Tablet,Free,Hyderabad,Tier 2,2024-03-21 20:00:00,OTT_APP
EVT_001851,U00096,C005,Mirzapur S3,Thriller,13.8,55,25.0,Mobile,Free,Delhi,Tier 1,2024-01-26 08:00:00,OTT_APP
EVT_001852,U00368,C001,Anupamaa S1,Series,22.5,45,50.0,Mobile,Annual,Delhi,Tier 1,2024-01-27 07:00:00,OTT_APP
EVT_001853,U00363,C003,IPL 2024 Final,Sports,157.5,210,75.0,Laptop,Basic,Delhi,Tier 1,2024-03-01 12:00:00,OTT_APP
EVT_001854,U00095,C004,Panchayat S3,Series,15.0,30,50.0,Mobile,Free,Hyderabad,Tier 2,2024-01-08 20:00:00,OTT_APP
EVT_001855,U00295,C002,KBC Season 15,GameShow,60.0,60,100.0,Smart TV,Free,Chennai,Tier 1,2024-01-19 23:00:00,OTT_APP
EVT_001856,U00203,C001,Anupamaa S1,Series,11.2,45,25.0,Tablet,Annual,Chennai,Tier 1,2024-01-30 11:00:00,OTT_APP
EVT_001857,U00423,C005,Mirzapur S3,Thriller,41.2,55,75.0,Tablet,Basic,Delhi,Tier 1,2024-02-24 14:00:00,OTT_APP
EVT_001858,U00034,C005,Mirzapur S3,Thriller,13.8,55,25.0,Mobile,Free,Chennai,Tier 1,2024-02-06 11:00:00,OTT_APP
EVT_001859,U00041,C004,Panchayat S3,Series,15.0,30,50.0,Laptop,Free,Mumbai,Tier 1,2024-03-20 19:00:00,OTT_APP
EVT_001860,U00292,C001,Anupamaa S1,Series,22.5,45,50.0,Tablet,Premium,Chennai,Tier 1,2024-03-30 08:00:00,OTT_APP
EVT_001861,U00154,C004,Panchayat S3,Series,15.0,30,50.0,Laptop,Premium,Bangalore,Tier 1,2024-02-17 21:00:00,OTT_APP
EVT_001862,U00022,C005,Mirzapur S3,Thriller,55.0,55,100.0,Tablet,Annual,Delhi,Tier 1,2024-01-30 11:00:00,OTT_APP
EVT_001863,,C004,Panchayat S3,Series,30.0,30,100.0,Laptop,Annual,Chennai,Tier 1,2024-02-21 20:00:00,OTT_APP
EVT_001864,U00448,C002,KBC Season 15,GameShow,15.0,60,25.0,Smart TV,Premium,Bangalore,Tier 1,2024-02-23 06:00:00,OTT_APP
EVT_001865,U00008,C004,Panchayat S3,Series,30.0,30,100.0,Laptop,Basic,Delhi,Tier 1,2024-02-21 17:00:00,OTT_APP
EVT_001866,,C002,KBC Season 15,GameShow,45.0,60,75.0,Laptop,Annual,Delhi,Tier 1,2024-01-28 09:00:00,OTT_APP
EVT_001867,U00201,C002,KBC Season 15,GameShow,30.0,60,50.0,Smart TV,Premium,Delhi,Tier 1,2024-01-03 21:00:00,OTT_APP
EVT_001868,U00222,C005,Mirzapur S3,Thriller,27.5,55,50.0,Laptop,Basic,Delhi,Tier 1,2024-03-03 21:00:00,OTT_APP
EVT_001869,U00035,C004,Panchayat S3,Series,30.0,30,100.0,Tablet,Annual,Mumbai,Tier 1,2024-02-15 09:00:00,OTT_APP
EVT_001870,U00412,C005,Mirzapur S3,Thriller,27.5,55,50.0,Smart TV,Annual,Delhi,Tier 1,2024-03-07 21:00:00,OTT_APP
EVT_001871,U00174,C004,Panchayat S3,Series,7.5,30,25.0,Tablet,Annual,Chennai,Tier 1,2024-03-21 11:00:00,OTT_APP
EVT_001872,U00175,C005,Mirzapur S3,Thriller,13.8,55,25.0,Tablet,Basic,Delhi,Tier 1,2024-03-08 15:00:00,OTT_APP
EVT_001873,U00229,C003,IPL 2024 Final,Sports,157.5,210,75.0,Tablet,Annual,Bangalore,Tier 1,2024-01-09 06:00:00,OTT_APP
EVT_001874,U00466,C002,KBC Season 15,GameShow,30.0,60,50.0,Tablet,Annual,Chennai,Tier 1,2024-03-29 13:00:00,OTT_APP
EVT_001875,U00462,C003,IPL 2024 Final,Sports,157.5,210,75.0,Smart TV,Premium,Hyderabad,Tier 2,2024-02-12 12:00:00,OTT_APP
EVT_001876,U00417,C005,Mirzapur S3,Thriller,55.0,55,100.0,Smart TV,Annual,Delhi,Tier 1,2024-03-31 13:00:00,OTT_APP
EVT_001877,U00451,C005,Mirzapur S3,Thriller,27.5,55,50.0,Mobile,Annual,Mumbai,Tier 1,2024-02-10 22:00:00,OTT_APP
EVT_001878,U00237,C002,KBC Season 15,GameShow,45.0,60,75.0,Tablet,Free,Mumbai,Tier 1,2024-03-08 21:00:00,OTT_APP
EVT_001879,U00187,C004,Panchayat S3,Series,15.0,30,50.0,Mobile,Annual,Delhi,Tier 1,2024-02-05 10:00:00,OTT_APP
EVT_001880,U00423,C002,KBC Season 15,GameShow,30.0,60,50.0,Laptop,Basic,Mumbai,Tier 1,2024-02-11 17:00:00,OTT_APP
EVT_001881,U00103,C003,IPL 2024 Final,Sports,210.0,210,100.0,Smart TV,Free,Bangalore,Tier 1,2024-02-10 23:00:00,OTT_APP
EVT_001882,U00145,C003,IPL 2024 Final,Sports,157.5,210,75.0,Smart TV,Annual,Delhi,Tier 1,2024-03-08 22:00:00,OTT_APP
EVT_001883,U00105,C004,Panchayat S3,Series,22.5,30,75.0,Smart TV,Premium,Mumbai,Tier 1,2024-02-08 14:00:00,OTT_APP
EVT_001884,U00239,C001,Anupamaa S1,Series,11.2,45,25.0,Smart TV,Annual,Bangalore,Tier 1,2024-01-11 17:00:00,OTT_APP
EVT_001885,U00056,C004,Panchayat S3,Series,22.5,30,75.0,Tablet,Annual,Hyderabad,Tier 2,2024-02-26 16:00:00,OTT_APP
EVT_001886,U00084,C003,IPL 2024 Final,Sports,52.5,210,25.0,Smart TV,Premium,Hyderabad,Tier 2,2024-02-28 15:00:00,OTT_APP
EVT_001887,U00189,C001,Anupamaa S1,Series,11.2,45,25.0,Smart TV,Premium,Chennai,Tier 1,2024-03-11 21:00:00,OTT_APP
EVT_001888,U00203,C004,Panchayat S3,Series,22.5,30,75.0,Smart TV,Premium,Bangalore,Tier 1,2024-03-23 16:00:00,OTT_APP
EVT_001889,U00166,C005,Mirzapur S3,Thriller,55.0,55,100.0,Mobile,Free,Mumbai,Tier 1,2024-03-23 15:00:00,OTT_APP
EVT_001890,U00053,C002,KBC Season 15,GameShow,30.0,60,50.0,Smart TV,Basic,Mumbai,Tier 1,2024-01-18 10:00:00,OTT_APP
EVT_001891,U00212,C001,Anupamaa S1,Series,45.0,45,100.0,Tablet,Free,Chennai,Tier 1,2024-02-13 08:00:00,OTT_APP
EVT_001892,U00329,C004,Panchayat S3,Series,15.0,30,50.0,Laptop,Basic,Mumbai,Tier 1,2024-03-08 19:00:00,OTT_APP
EVT_001893,U00060,C005,Mirzapur S3,Thriller,55.0,55,100.0,Tablet,Basic,Delhi,Tier 1,2024-02-27 11:00:00,OTT_APP
EVT_001894,U00330,C002,KBC Season 15,GameShow,15.0,60,25.0,Smart TV,Annual,Hyderabad,Tier 2,2024-01-04 07:00:00,OTT_APP
EVT_001895,U00257,C001,Anupamaa S1,Series,11.2,45,25.0,Tablet,Premium,Delhi,Tier 1,2024-01-20 10:00:00,OTT_APP
EVT_001896,U00392,C004,Panchayat S3,Series,30.0,30,100.0,Tablet,Annual,Bangalore,Tier 1,2024-01-03 22:00:00,OTT_APP
EVT_001897,U00021,C001,Anupamaa S1,Series,33.8,45,75.0,Smart TV,Free,Bangalore,Tier 1,2024-03-11 08:00:00,OTT_APP
EVT_001898,U00360,C002,KBC Season 15,GameShow,30.0,60,50.0,Mobile,Premium,Bangalore,Tier 1,2024-01-01 17:00:00,OTT_APP
EVT_001899,U00078,C005,Mirzapur S3,Thriller,55.0,55,100.0,Mobile,Premium,Delhi,Tier 1,2024-02-20 12:00:00,OTT_APP
EVT_001900,U00428,C003,IPL 2024 Final,Sports,157.5,210,75.0,Smart TV,Premium,Hyderabad,Tier 2,2024-02-19 11:00:00,OTT_APP
EVT_001901,U00334,C003,IPL 2024 Final,Sports,52.5,210,25.0,Tablet,Annual,Chennai,Tier 1,2024-02-20 09:00:00,OTT_APP
EVT_001902,U00095,C001,Anupamaa S1,Series,22.5,45,50.0,Mobile,Free,Hyderabad,Tier 2,2024-02-21 12:00:00,OTT_APP
EVT_001903,U00427,C004,Panchayat S3,Series,30.0,30,100.0,Smart TV,Premium,Delhi,Tier 1,2024-01-26 15:00:00,OTT_APP
EVT_001904,U00112,C003,IPL 2024 Final,Sports,105.0,210,50.0,Mobile,Premium,Delhi,Tier 1,2024-03-13 14:00:00,OTT_APP
EVT_001905,U00256,C001,Anupamaa S1,Series,22.5,45,50.0,Laptop,Premium,Delhi,Tier 1,2024-02-12 12:00:00,OTT_APP
EVT_001906,U00246,C004,Panchayat S3,Series,30.0,30,100.0,Tablet,Basic,Hyderabad,Tier 2,2024-01-22 21:00:00,OTT_APP
EVT_001907,U00439,C001,Anupamaa S1,Series,33.8,45,75.0,Mobile,Premium,Mumbai,Tier 1,2024-01-04 07:00:00,OTT_APP
EVT_001908,U00050,C001,Anupamaa S1,Series,22.5,45,50.0,Mobile,Premium,Bangalore,Tier 1,2024-03-13 11:00:00,OTT_APP
EVT_001909,U00144,C002,KBC Season 15,GameShow,45.0,60,75.0,Laptop,Free,Bangalore,Tier 1,2024-02-17 08:00:00,OTT_APP
EVT_001910,U00135,C003,IPL 2024 Final,Sports,210.0,210,100.0,Laptop,Basic,Mumbai,Tier 1,2024-02-08 10:00:00,OTT_APP
EVT_001911,U00008,C001,Anupamaa S1,Series,90.0,45,100.0,Mobile,Free,Mumbai,Tier 1,2024-03-01 11:00:00,OTT_APP
EVT_001912,U00140,C002,KBC Season 15,GameShow,30.0,60,50.0,Tablet,Free,Hyderabad,Tier 2,2024-03-29 23:00:00,OTT_APP
EVT_001913,U00204,C005,Mirzapur S3,Thriller,110.0,55,50.0,Laptop,Free,Delhi,Tier 1,2024-01-28 08:00:00,OTT_APP
EVT_001914,U00499,C001,Anupamaa S1,Series,22.5,45,50.0,Mobile,Free,Bangalore,Tier 1,2024-02-22 11:00:00,OTT_APP
EVT_001915,U00369,C001,Anupamaa S1,Series,45.0,45,100.0,Laptop,Basic,Chennai,Tier 1,2024-03-31 15:00:00,OTT_APP
EVT_001916,U00354,C003,IPL 2024 Final,Sports,52.5,210,25.0,Laptop,Free,Chennai,Tier 1,2024-01-25 13:00:00,OTT_APP
EVT_001917,U00406,C001,Anupamaa S1,Series,45.0,45,100.0,Smart TV,Free,Bangalore,Tier 1,2024-03-12 21:00:00,OTT_APP
EVT_001918,U00421,C003,IPL 2024 Final,Sports,105.0,210,50.0,Laptop,Basic,Hyderabad,Tier 2,2024-02-17 20:00:00,OTT_APP
EVT_001919,U00075,C003,IPL 2024 Final,Sports,157.5,210,75.0,Tablet,Premium,Chennai,Tier 1,2024-03-11 23:00:00,OTT_APP
EVT_001920,U00178,C004,Panchayat S3,Series,7.5,30,25.0,Tablet,Basic,Bangalore,Tier 1,2024-02-17 20:00:00,OTT_APP
EVT_001921,U00045,C004,Panchayat S3,Series,22.5,30,75.0,Tablet,Basic,Bangalore,Tier 1,2024-02-16 19:00:00,OTT_APP
EVT_001922,U00442,C003,IPL 2024 Final,Sports,210.0,210,100.0,Smart TV,Free,Bangalore,Tier 1,2024-02-27 23:00:00,OTT_APP
EVT_001923,U00277,C003,IPL 2024 Final,Sports,157.5,210,75.0,Smart TV,Basic,Delhi,Tier 1,2024-03-17 16:00:00,OTT_APP
EVT_001924,U00451,C002,KBC Season 15,GameShow,60.0,60,100.0,Mobile,Free,Bangalore,Tier 1,2024-01-11 19:00:00,OTT_APP
EVT_001925,U00341,C005,Mirzapur S3,Thriller,13.8,55,25.0,Smart TV,Basic,Mumbai,Tier 1,2024-02-02 23:00:00,OTT_APP
EVT_001926,U00480,C003,IPL 2024 Final,Sports,105.0,210,50.0,Laptop,Annual,Chennai,Tier 1,2024-02-17 23:00:00,OTT_APP
EVT_001927,U00116,C002,KBC Season 15,GameShow,45.0,60,75.0,Laptop,Basic,Bangalore,Tier 1,2024-03-29 09:00:00,OTT_APP
EVT_001928,U00074,C002,KBC Season 15,GameShow,45.0,60,75.0,Mobile,Premium,Hyderabad,Tier 2,2024-01-14 21:00:00,OTT_APP
EVT_001929,U00327,C002,KBC Season 15,GameShow,60.0,60,100.0,Mobile,Basic,Chennai,Tier 1,2024-01-27 23:00:00,OTT_APP
EVT_001930,U00096,C001,Anupamaa S1,Series,11.2,45,25.0,Mobile,Free,Chennai,Tier 1,2024-01-16 12:00:00,OTT_APP
EVT_001931,U00339,C003,IPL 2024 Final,Sports,105.0,210,50.0,Laptop,Free,Mumbai,Tier 1,2024-02-24 17:00:00,OTT_APP
EVT_001932,U00156,C005,Mirzapur S3,Thriller,27.5,55,50.0,Laptop,Annual,Bangalore,Tier 1,2024-02-17 12:00:00,OTT_APP
EVT_001933,U00164,C005,Mirzapur S3,Thriller,41.2,55,75.0,Tablet,Free,Bangalore,Tier 1,2024-01-05 21:00:00,OTT_APP
EVT_001934,U00217,C003,IPL 2024 Final,Sports,157.5,210,75.0,Tablet,Annual,Bangalore,Tier 1,2024-03-09 09:00:00,OTT_APP
EVT_001935,U00130,C001,Anupamaa S1,Series,22.5,45,50.0,Mobile,Free,Bangalore,Tier 1,2024-01-12 21:00:00,OTT_APP
EVT_001936,,C002,KBC Season 15,GameShow,45.0,60,75.0,Tablet,Basic,Mumbai,Tier 1,2024-02-28 18:00:00,OTT_APP
EVT_001937,U00283,C005,Mirzapur S3,Thriller,55.0,55,100.0,Laptop,Basic,Mumbai,Tier 1,2024-02-11 15:00:00,OTT_APP
EVT_001938,U00304,C005,Mirzapur S3,Thriller,27.5,55,50.0,Mobile,Annual,Mumbai,Tier 1,2024-03-28 10:00:00,OTT_APP
EVT_001939,U00411,C001,Anupamaa S1,Series,33.8,45,75.0,Mobile,Premium,Bangalore,Tier 1,2024-02-05 18:00:00,OTT_APP
EVT_001940,U00462,C005,Mirzapur S3,Thriller,13.8,55,25.0,Laptop,Premium,Hyderabad,Tier 2,2024-03-03 11:00:00,OTT_APP
EVT_001941,U00057,C002,KBC Season 15,GameShow,15.0,60,25.0,Smart TV,Free,Hyderabad,Tier 2,2024-02-12 19:00:00,OTT_APP
EVT_001942,U00398,C002,KBC Season 15,GameShow,30.0,60,50.0,Smart TV,Annual,Delhi,Tier 1,2024-01-01 18:00:00,OTT_APP
EVT_001943,U00118,C001,Anupamaa S1,Series,22.5,45,50.0,Laptop,Free,Delhi,Tier 1,2024-02-13 21:00:00,OTT_APP
EVT_001944,U00225,C001,Anupamaa S1,Series,11.2,45,25.0,Laptop,Premium,Delhi,Tier 1,2024-03-18 06:00:00,OTT_APP
EVT_001945,U00326,C004,Panchayat S3,Series,7.5,30,25.0,Mobile,Annual,Hyderabad,Tier 2,2024-03-29 17:00:00,OTT_APP
EVT_001946,U00035,C004,Panchayat S3,Series,7.5,30,25.0,Mobile,Free,Bangalore,Tier 1,2024-03-12 19:00:00,OTT_APP
EVT_001947,,C003,IPL 2024 Final,Sports,210.0,210,100.0,Smart TV,Basic,Chennai,Tier 1,2024-03-01 18:00:00,OTT_APP
EVT_001948,U00341,C001,Anupamaa S1,Series,11.2,45,25.0,Smart TV,Annual,Mumbai,Tier 1,2024-03-14 11:00:00,OTT_APP
EVT_001949,U00498,C005,Mirzapur S3,Thriller,27.5,55,50.0,Smart TV,Annual,Chennai,Tier 1,2024-03-02 08:00:00,OTT_APP
EVT_001950,U00154,C001,Anupamaa S1,Series,33.8,45,75.0,Smart TV,Annual,Delhi,Tier 1,2024-01-26 10:00:00,OTT_APP
EVT_001951,U00269,C001,Anupamaa S1,Series,22.5,45,50.0,Tablet,Free,Hyderabad,Tier 2,2024-01-02 09:00:00,OTT_APP
EVT_001952,U00441,C003,IPL 2024 Final,Sports,210.0,210,100.0,Laptop,Basic,Delhi,Tier 1,2024-02-10 13:00:00,OTT_APP
EVT_001953,,C002,KBC Season 15,GameShow,45.0,60,75.0,Smart TV,Annual,Bangalore,Tier 1,2024-03-02 12:00:00,OTT_APP
EVT_001954,U00342,C005,Mirzapur S3,Thriller,41.2,55,75.0,Smart TV,Basic,Hyderabad,Tier 2,2024-01-10 10:00:00,OTT_APP
EVT_001955,U00127,C001,Anupamaa S1,Series,22.5,45,50.0,Laptop,Premium,Mumbai,Tier 1,2024-03-13 11:00:00,OTT_APP
EVT_001956,U00022,C002,KBC Season 15,GameShow,60.0,60,100.0,Tablet,Annual,Bangalore,Tier 1,2024-01-08 19:00:00,OTT_APP
EVT_001957,U00311,C001,Anupamaa S1,Series,11.2,45,25.0,Smart TV,Basic,Chennai,Tier 1,2024-02-20 20:00:00,OTT_APP
EVT_001958,,C004,Panchayat S3,Series,22.5,30,75.0,Tablet,Annual,Hyderabad,Tier 2,2024-02-22 11:00:00,OTT_APP
EVT_001959,U00288,C001,Anupamaa S1,Series,22.5,45,50.0,Mobile,Basic,Mumbai,Tier 1,2024-02-23 08:00:00,OTT_APP
EVT_001960,U00333,C001,Anupamaa S1,Series,22.5,45,50.0,Tablet,Premium,Bangalore,Tier 1,2024-02-05 20:00:00,OTT_APP
EVT_001961,U00250,C005,Mirzapur S3,Thriller,41.2,55,75.0,Laptop,Basic,Chennai,Tier 1,2024-03-01 22:00:00,OTT_APP
EVT_001962,U00265,C004,Panchayat S3,Series,15.0,30,50.0,Mobile,Premium,Bangalore,Tier 1,2024-02-13 23:00:00,OTT_APP
EVT_001963,,C003,IPL 2024 Final,Sports,210.0,210,100.0,Tablet,Premium,Chennai,Tier 1,2024-03-17 22:00:00,OTT_APP
EVT_001964,U00423,C002,KBC Season 15,GameShow,45.0,60,75.0,Tablet,Annual,Chennai,Tier 1,2024-02-09 12:00:00,OTT_APP
EVT_001965,U00394,C003,IPL 2024 Final,Sports,105.0,210,50.0,Smart TV,Premium,Bangalore,Tier 1,2024-03-26 12:00:00,OTT_APP
EVT_001966,U00165,C002,KBC Season 15,GameShow,45.0,60,75.0,Smart TV,Annual,Chennai,Tier 1,2024-03-10 23:00:00,OTT_APP
EVT_001967,U00106,C005,Mirzapur S3,Thriller,41.2,55,75.0,Tablet,Basic,Mumbai,Tier 1,2024-02-07 13:00:00,OTT_APP
EVT_001968,U00478,C004,Panchayat S3,Series,15.0,30,50.0,Laptop,Premium,Bangalore,Tier 1,2024-03-02 14:00:00,OTT_APP
EVT_001969,U00495,C002,KBC Season 15,GameShow,30.0,60,50.0,Laptop,Annual,Mumbai,Tier 1,2024-02-02 09:00:00,OTT_APP
EVT_001970,U00479,C001,Anupamaa S1,Series,11.2,45,25.0,Tablet,Annual,Chennai,Tier 1,2024-03-04 20:00:00,OTT_APP
EVT_001971,U00305,C002,KBC Season 15,GameShow,30.0,60,50.0,Mobile,Annual,Bangalore,Tier 1,2024-03-21 21:00:00,OTT_APP
EVT_001972,,C004,Panchayat S3,Series,15.0,30,50.0,Tablet,Free,Mumbai,Tier 1,2024-01-18 11:00:00,OTT_APP
EVT_001973,U00275,C001,Anupamaa S1,Series,45.0,45,100.0,Tablet,Basic,Chennai,Tier 1,2024-01-14 23:00:00,OTT_APP
EVT_001974,U00457,C001,Anupamaa S1,Series,45.0,45,100.0,Mobile,Free,Bangalore,Tier 1,2024-01-27 07:00:00,OTT_APP
EVT_001975,U00221,C001,Anupamaa S1,Series,22.5,45,50.0,Smart TV,Basic,Hyderabad,Tier 2,2024-02-05 15:00:00,OTT_APP
EVT_001976,U00182,C002,KBC Season 15,GameShow,45.0,60,75.0,Smart TV,Basic,Hyderabad,Tier 2,2024-02-04 23:00:00,OTT_APP
EVT_001977,U00413,C001,Anupamaa S1,Series,33.8,45,75.0,Laptop,Basic,Chennai,Tier 1,2024-01-29 11:00:00,OTT_APP
EVT_001978,U00415,C005,Mirzapur S3,Thriller,41.2,55,75.0,Laptop,Free,Delhi,Tier 1,2024-01-12 14:00:00,OTT_APP
EVT_001979,U00236,C001,Anupamaa S1,Series,22.5,45,50.0,Smart TV,Basic,Bangalore,Tier 1,2024-01-29 13:00:00,OTT_APP
EVT_001980,U00223,C002,KBC Season 15,GameShow,30.0,60,50.0,Laptop,Annual,Mumbai,Tier 1,2024-01-31 15:00:00,OTT_APP
EVT_001981,U00227,C002,KBC Season 15,GameShow,30.0,60,50.0,Smart TV,Annual,Mumbai,Tier 1,2024-02-22 20:00:00,OTT_APP
EVT_001982,U00106,C005,Mirzapur S3,Thriller,55.0,55,100.0,Laptop,Annual,Mumbai,Tier 1,2024-03-10 14:00:00,OTT_APP
EVT_001983,U00316,C005,Mirzapur S3,Thriller,27.5,55,50.0,Laptop,Annual,Mumbai,Tier 1,2024-03-04 22:00:00,OTT_APP
EVT_001984,U00308,C005,Mirzapur S3,Thriller,27.5,55,50.0,Laptop,Basic,Delhi,Tier 1,2024-03-31 08:00:00,OTT_APP
EVT_001985,U00141,C004,Panchayat S3,Series,15.0,30,50.0,Smart TV,Premium,Chennai,Tier 1,2024-02-15 18:00:00,OTT_APP
EVT_001986,,C002,KBC Season 15,GameShow,30.0,60,50.0,Mobile,Annual,Bangalore,Tier 1,2024-01-04 13:00:00,OTT_APP
EVT_001987,U00011,C001,Anupamaa S1,Series,22.5,45,50.0,Laptop,Annual,Chennai,Tier 1,2024-02-16 18:00:00,OTT_APP
EVT_001988,U00179,C004,Panchayat S3,Series,30.0,30,100.0,Smart TV,Premium,Mumbai,Tier 1,2024-02-25 14:00:00,OTT_APP
EVT_001989,U00087,C003,IPL 2024 Final,Sports,210.0,210,100.0,Smart TV,Basic,Chennai,Tier 1,2024-03-02 11:00:00,OTT_APP
EVT_001990,U00047,C001,Anupamaa S1,Series,45.0,45,100.0,Smart TV,Free,Chennai,Tier 1,2024-01-07 13:00:00,OTT_APP
EVT_001991,U00269,C005,Mirzapur S3,Thriller,41.2,55,75.0,Tablet,Annual,Mumbai,Tier 1,2024-02-02 08:00:00,OTT_APP
EVT_001992,U00118,C002,KBC Season 15,GameShow,30.0,60,50.0,Laptop,Premium,Bangalore,Tier 1,2024-02-05 11:00:00,OTT_APP
EVT_001993,U00294,C002,KBC Season 15,GameShow,45.0,60,75.0,Smart TV,Premium,Delhi,Tier 1,2024-01-12 07:00:00,OTT_APP
EVT_001994,U00009,C005,Mirzapur S3,Thriller,27.5,55,50.0,Smart TV,Free,Bangalore,Tier 1,2024-01-22 13:00:00,OTT_APP
EVT_001995,U00064,C001,Anupamaa S1,Series,45.0,45,100.0,Laptop,Premium,Chennai,Tier 1,2024-01-23 23:00:00,OTT_APP
EVT_001996,U00167,C002,KBC Season 15,GameShow,15.0,60,25.0,Smart TV,Premium,Delhi,Tier 1,2024-02-01 06:00:00,OTT_APP
EVT_001997,U00202,C005,Mirzapur S3,Thriller,55.0,55,100.0,Smart TV,Basic,Hyderabad,Tier 2,2024-03-05 07:00:00,OTT_APP
EVT_001998,U00294,C001,Anupamaa S1,Series,22.5,45,50.0,Tablet,Annual,Delhi,Tier 1,2024-01-31 17:00:00,OTT_APP
EVT_001999,U00328,C002,KBC Season 15,GameShow,30.0,60,50.0,Mobile,Free,Mumbai,Tier 1,2024-02-01 11:00:00,OTT_APP
EVT_002000,U00410,C004,Panchayat S3,Series,7.5,30,25.0,Laptop,Annual,Chennai,Tier 1,2024-02-28 22:00:00,OTT_APP
EVT_002001,U00493,C005,Mirzapur S3,Thriller,41.2,55,75.0,Tablet,Annual,Bangalore,Tier 1,2024-03-08 20:00:00,OTT_APP
EVT_002002,U00440,C003,IPL 2024 Final,Sports,157.5,210,75.0,Laptop,Basic,Bangalore,Tier 1,2024-01-22 22:00:00,OTT_APP
EVT_002003,U00060,C001,Anupamaa S1,Series,22.5,45,50.0,Laptop,Annual,Hyderabad,Tier 2,2024-02-17 15:00:00,OTT_APP
EVT_002004,U00102,C004,Panchayat S3,Series,15.0,30,50.0,Mobile,Basic,Mumbai,Tier 1,2024-02-10 21:00:00,OTT_APP
EVT_002005,U00333,C004,Panchayat S3,Series,30.0,30,100.0,Tablet,Annual,Delhi,Tier 1,2024-02-27 10:00:00,OTT_APP
EVT_002006,U00250,C002,KBC Season 15,GameShow,15.0,60,25.0,Laptop,Annual,Delhi,Tier 1,2024-02-26 14:00:00,OTT_APP
EVT_002007,U00213,C004,Panchayat S3,Series,15.0,30,50.0,Mobile,Basic,Delhi,Tier 1,2024-02-29 10:00:00,OTT_APP
EVT_002008,U00028,C002,KBC Season 15,GameShow,60.0,60,100.0,Tablet,Annual,Mumbai,Tier 1,2024-02-07 17:00:00,OTT_APP
EVT_002009,U00182,C004,Panchayat S3,Series,30.0,30,100.0,Laptop,Free,Bangalore,Tier 1,2024-01-10 15:00:00,OTT_APP
EVT_002010,U00473,C004,Panchayat S3,Series,7.5,30,25.0,Smart TV,Free,Chennai,Tier 1,2024-01-25 15:00:00,OTT_APP
EVT_002011,U00013,C001,Anupamaa S1,Series,90.0,45,25.0,Smart TV,Premium,Hyderabad,Tier 2,2024-02-04 07:00:00,OTT_APP
EVT_002012,U00178,C001,Anupamaa S1,Series,22.5,45,50.0,Tablet,Premium,Chennai,Tier 1,2024-03-19 20:00:00,OTT_APP
EVT_002013,U00453,C003,IPL 2024 Final,Sports,52.5,210,25.0,Laptop,Annual,Hyderabad,Tier 2,2024-03-15 09:00:00,OTT_APP
EVT_002014,,C004,Panchayat S3,Series,30.0,30,100.0,Mobile,Basic,Mumbai,Tier 1,2024-03-26 23:00:00,OTT_APP
EVT_002015,U00074,C004,Panchayat S3,Series,15.0,30,50.0,Smart TV,Basic,Bangalore,Tier 1,2024-03-22 14:00:00,OTT_APP
EVT_002016,U00022,C001,Anupamaa S1,Series,33.8,45,75.0,Mobile,Premium,Chennai,Tier 1,2024-02-20 13:00:00,OTT_APP
EVT_002017,U00214,C001,Anupamaa S1,Series,45.0,45,100.0,Smart TV,Annual,Delhi,Tier 1,2024-02-23 12:00:00,OTT_APP
EVT_002018,,C005,Mirzapur S3,Thriller,41.2,55,75.0,Mobile,Premium,Delhi,Tier 1,2024-01-01 08:00:00,OTT_APP
EVT_002019,U00474,C004,Panchayat S3,Series,30.0,30,100.0,Laptop,Free,Delhi,Tier 1,2024-02-29 11:00:00,OTT_APP
EVT_002020,U00436,C001,Anupamaa S1,Series,33.8,45,75.0,Laptop,Premium,Chennai,Tier 1,2024-03-19 17:00:00,OTT_APP
EVT_002021,U00270,C005,Mirzapur S3,Thriller,41.2,55,75.0,Smart TV,Premium,Chennai,Tier 1,2024-03-21 16:00:00,OTT_APP
EVT_002022,U00223,C005,Mirzapur S3,Thriller,55.0,55,100.0,Laptop,Premium,Delhi,Tier 1,2024-01-29 06:00:00,OTT_APP
EVT_002023,U00027,C003,IPL 2024 Final,Sports,210.0,210,100.0,Tablet,Premium,Chennai,Tier 1,2024-03-04 18:00:00,OTT_APP
EVT_002024,U00451,C001,Anupamaa S1,Series,45.0,45,100.0,Smart TV,Annual,Hyderabad,Tier 2,2024-01-29 13:00:00,OTT_APP
EVT_002025,U00212,C002,KBC Season 15,GameShow,60.0,60,100.0,Laptop,Annual,Hyderabad,Tier 2,2024-03-05 17:00:00,OTT_APP
EVT_002026,U00320,C005,Mirzapur S3,Thriller,27.5,55,50.0,Laptop,Free,Mumbai,Tier 1,2024-02-01 11:00:00,OTT_APP
EVT_002027,U00418,C003,IPL 2024 Final,Sports,210.0,210,100.0,Laptop,Basic,Mumbai,Tier 1,2024-02-25 18:00:00,OTT_APP
EVT_002028,U00061,C004,Panchayat S3,Series,15.0,30,50.0,Tablet,Basic,Mumbai,Tier 1,2024-02-12 17:00:00,OTT_APP
EVT_002029,U00208,C004,Panchayat S3,Series,30.0,30,100.0,Laptop,Basic,Bangalore,Tier 1,2024-02-20 12:00:00,OTT_APP
EVT_002030,U00307,C003,IPL 2024 Final,Sports,105.0,210,50.0,Tablet,Annual,Delhi,Tier 1,2024-02-13 11:00:00,OTT_APP
EVT_002031,U00277,C001,Anupamaa S1,Series,11.2,45,25.0,Laptop,Annual,Mumbai,Tier 1,2024-01-02 10:00:00,OTT_APP
EVT_002032,U00242,C001,Anupamaa S1,Series,45.0,45,100.0,Smart TV,Free,Delhi,Tier 1,2024-01-07 06:00:00,OTT_APP
EVT_002033,U00342,C002,KBC Season 15,GameShow,30.0,60,50.0,Mobile,Free,Chennai,Tier 1,2024-03-27 17:00:00,OTT_APP
EVT_002034,U00299,C002,KBC Season 15,GameShow,60.0,60,100.0,Mobile,Free,Chennai,Tier 1,2024-01-13 07:00:00,OTT_APP
EVT_002035,U00422,C005,Mirzapur S3,Thriller,13.8,55,25.0,Laptop,Free,Delhi,Tier 1,2024-01-22 18:00:00,OTT_APP
EVT_002036,U00426,C003,IPL 2024 Final,Sports,157.5,210,75.0,Tablet,Basic,Hyderabad,Tier 2,2024-03-08 08:00:00,OTT_APP
EVT_002037,U00050,C001,Anupamaa S1,Series,22.5,45,50.0,Laptop,Basic,Chennai,Tier 1,2024-01-21 22:00:00,OTT_APP
EVT_002038,U00356,C003,IPL 2024 Final,Sports,52.5,210,25.0,Laptop,Annual,Chennai,Tier 1,2024-03-26 11:00:00,OTT_APP
EVT_002039,U00215,C003,IPL 2024 Final,Sports,210.0,210,100.0,Smart TV,Premium,Chennai,Tier 1,2024-02-07 18:00:00,OTT_APP
EVT_002040,U00019,C003,IPL 2024 Final,Sports,105.0,210,50.0,Mobile,Free,Bangalore,Tier 1,2024-01-20 10:00:00,OTT_APP
EVT_002041,U00065,C005,Mirzapur S3,Thriller,55.0,55,100.0,Smart TV,Free,Delhi,Tier 1,2024-01-14 20:00:00,OTT_APP
EVT_002042,U00368,C003,IPL 2024 Final,Sports,210.0,210,100.0,Laptop,Annual,Chennai,Tier 1,2024-03-15 13:00:00,OTT_APP
EVT_002043,U00480,C004,Panchayat S3,Series,7.5,30,25.0,Smart TV,Annual,Hyderabad,Tier 2,2024-03-16 15:00:00,OTT_APP
EVT_002044,U00034,C001,Anupamaa S1,Series,22.5,45,50.0,Mobile,Free,Bangalore,Tier 1,2024-01-25 17:00:00,OTT_APP
EVT_002045,U00402,C003,IPL 2024 Final,Sports,105.0,210,50.0,Tablet,Annual,Bangalore,Tier 1,2024-02-29 18:00:00,OTT_APP
EVT_002046,U00491,C002,KBC Season 15,GameShow,60.0,60,100.0,Smart TV,Free,Bangalore,Tier 1,2024-03-25 16:00:00,OTT_APP
EVT_002047,U00449,C002,KBC Season 15,GameShow,60.0,60,100.0,Tablet,Basic,Bangalore,Tier 1,2024-01-12 21:00:00,OTT_APP
EVT_002048,U00491,C001,Anupamaa S1,Series,45.0,45,100.0,Tablet,Basic,Delhi,Tier 1,2024-03-06 21:00:00,OTT_APP
EVT_002049,U00365,C002,KBC Season 15,GameShow,30.0,60,50.0,Tablet,Premium,Mumbai,Tier 1,2024-03-21 17:00:00,OTT_APP
EVT_002050,U00109,C003,IPL 2024 Final,Sports,52.5,210,25.0,Smart TV,Premium,Bangalore,Tier 1,2024-03-05 12:00:00,OTT_APP
EVT_002051,U00223,C005,Mirzapur S3,Thriller,27.5,55,50.0,Mobile,Annual,Bangalore,Tier 1,2024-03-08 12:00:00,OTT_APP
EVT_002052,U00146,C005,Mirzapur S3,Thriller,41.2,55,75.0,Tablet,Free,Hyderabad,Tier 2,2024-02-28 07:00:00,OTT_APP
EVT_002053,U00476,C004,Panchayat S3,Series,22.5,30,75.0,Laptop,Basic,Mumbai,Tier 1,2024-03-01 19:00:00,OTT_APP
EVT_002054,U00154,C003,IPL 2024 Final,Sports,210.0,210,100.0,Mobile,Basic,Delhi,Tier 1,2024-02-27 14:00:00,OTT_APP
EVT_002055,U00118,C005,Mirzapur S3,Thriller,27.5,55,50.0,Mobile,Basic,Chennai,Tier 1,2024-01-01 22:00:00,OTT_APP
EVT_002056,U00491,C004,Panchayat S3,Series,15.0,30,50.0,Mobile,Premium,Mumbai,Tier 1,2024-02-25 07:00:00,OTT_APP
EVT_002057,,C005,Mirzapur S3,Thriller,55.0,55,100.0,Tablet,Free,Hyderabad,Tier 2,2024-02-23 06:00:00,OTT_APP
EVT_002058,U00148,C004,Panchayat S3,Series,30.0,30,100.0,Mobile,Basic,Delhi,Tier 1,2024-03-09 23:00:00,OTT_APP
EVT_002059,U00336,C004,Panchayat S3,Series,22.5,30,75.0,Smart TV,Free,Chennai,Tier 1,2024-01-23 23:00:00,OTT_APP
EVT_002060,U00051,C004,Panchayat S3,Series,7.5,30,25.0,Smart TV,Premium,Delhi,Tier 1,2024-03-02 06:00:00,OTT_APP
EVT_002061,,C002,KBC Season 15,GameShow,45.0,60,75.0,Laptop,Basic,Chennai,Tier 1,2024-02-23 11:00:00,OTT_APP
EVT_002062,U00355,C002,KBC Season 15,GameShow,30.0,60,50.0,Mobile,Free,Chennai,Tier 1,2024-02-09 23:00:00,OTT_APP
EVT_002063,U00399,C002,KBC Season 15,GameShow,60.0,60,100.0,Tablet,Basic,Mumbai,Tier 1,2024-01-31 08:00:00,OTT_APP
EVT_002064,U00393,C001,Anupamaa S1,Series,45.0,45,100.0,Laptop,Free,Chennai,Tier 1,2024-01-16 22:00:00,OTT_APP
EVT_002065,U00404,C004,Panchayat S3,Series,22.5,30,75.0,Mobile,Premium,Chennai,Tier 1,2024-01-11 17:00:00,OTT_APP
EVT_002066,U00372,C002,KBC Season 15,GameShow,30.0,60,50.0,Mobile,Free,Delhi,Tier 1,2024-03-10 14:00:00,OTT_APP
EVT_002067,U00418,C001,Anupamaa S1,Series,11.2,45,25.0,Smart TV,Annual,Chennai,Tier 1,2024-01-21 22:00:00,OTT_APP
EVT_002068,U00414,C003,IPL 2024 Final,Sports,52.5,210,25.0,Laptop,Basic,Bangalore,Tier 1,2024-02-25 09:00:00,OTT_APP
EVT_002069,U00500,C002,KBC Season 15,GameShow,15.0,60,25.0,Smart TV,Annual,Bangalore,Tier 1,2024-03-16 08:00:00,OTT_APP
EVT_002070,U00102,C005,Mirzapur S3,Thriller,55.0,55,100.0,Mobile,Free,Bangalore,Tier 1,2024-02-11 17:00:00,OTT_APP
EVT_002071,U00341,C004,Panchayat S3,Series,7.5,30,25.0,Tablet,Premium,Hyderabad,Tier 2,2024-02-15 06:00:00,OTT_APP
EVT_002072,U00044,C004,Panchayat S3,Series,22.5,30,75.0,Smart TV,Free,Mumbai,Tier 1,2024-02-10 20:00:00,OTT_APP
EVT_002073,U00243,C005,Mirzapur S3,Thriller,41.2,55,75.0,Laptop,Premium,Mumbai,Tier 1,2024-03-16 10:00:00,OTT_APP
EVT_002074,U00126,C001,Anupamaa S1,Series,33.8,45,75.0,Tablet,Annual,Mumbai,Tier 1,2024-03-22 16:00:00,OTT_APP
EVT_002075,U00341,C003,IPL 2024 Final,Sports,52.5,210,25.0,Smart TV,Premium,Mumbai,Tier 1,2024-01-08 15:00:00,OTT_APP
EVT_002076,U00039,C004,Panchayat S3,Series,30.0,30,100.0,Tablet,Free,Chennai,Tier 1,2024-02-13 19:00:00,OTT_APP
EVT_002077,U00014,C004,Panchayat S3,Series,15.0,30,50.0,Tablet,Premium,Chennai,Tier 1,2024-02-22 06:00:00,OTT_APP
EVT_002078,U00186,C002,KBC Season 15,GameShow,45.0,60,75.0,Mobile,Free,Delhi,Tier 1,2024-03-08 09:00:00,OTT_APP
EVT_002079,U00296,C003,IPL 2024 Final,Sports,210.0,210,100.0,Smart TV,Free,Chennai,Tier 1,2024-01-16 11:00:00,OTT_APP
EVT_002080,,C002,KBC Season 15,GameShow,15.0,60,25.0,Mobile,Premium,Chennai,Tier 1,2024-03-11 23:00:00,OTT_APP
EVT_002081,U00160,C005,Mirzapur S3,Thriller,41.2,55,75.0,Laptop,Free,Mumbai,Tier 1,2024-02-21 07:00:00,OTT_APP
EVT_002082,U00049,C003,IPL 2024 Final,Sports,105.0,210,50.0,Mobile,Free,Mumbai,Tier 1,2024-01-18 08:00:00,OTT_APP
EVT_002083,U00055,C004,Panchayat S3,Series,7.5,30,25.0,Tablet,Basic,Chennai,Tier 1,2024-02-21 23:00:00,OTT_APP
EVT_002084,U00087,C005,Mirzapur S3,Thriller,55.0,55,100.0,Smart TV,Free,Delhi,Tier 1,2024-01-11 16:00:00,OTT_APP
EVT_002085,U00123,C001,Anupamaa S1,Series,22.5,45,50.0,Laptop,Free,Delhi,Tier 1,2024-01-22 22:00:00,OTT_APP
EVT_002086,U00281,C005,Mirzapur S3,Thriller,55.0,55,100.0,Smart TV,Free,Hyderabad,Tier 2,2024-01-25 21:00:00,OTT_APP
EVT_002087,U00150,C004,Panchayat S3,Series,15.0,30,50.0,Tablet,Basic,Bangalore,Tier 1,2024-01-25 22:00:00,OTT_APP
EVT_002088,U00138,C004,Panchayat S3,Series,30.0,30,100.0,Smart TV,Free,Bangalore,Tier 1,2024-03-15 15:00:00,OTT_APP
EVT_002089,U00059,C004,Panchayat S3,Series,15.0,30,50.0,Laptop,Basic,Hyderabad,Tier 2,2024-03-04 06:00:00,OTT_APP
EVT_002090,U00496,C003,IPL 2024 Final,Sports,157.5,210,75.0,Smart TV,Basic,Hyderabad,Tier 2,2024-01-24 09:00:00,OTT_APP
EVT_002091,U00351,C001,Anupamaa S1,Series,22.5,45,50.0,Laptop,Basic,Delhi,Tier 1,2024-01-06 08:00:00,OTT_APP
EVT_002092,,C002,KBC Season 15,GameShow,30.0,60,50.0,Smart TV,Free,Mumbai,Tier 1,2024-03-14 06:00:00,OTT_APP
EVT_002093,,C001,Anupamaa S1,Series,22.5,45,50.0,Smart TV,Free,Chennai,Tier 1,2024-01-27 20:00:00,OTT_APP
EVT_002094,U00349,C003,IPL 2024 Final,Sports,105.0,210,50.0,Tablet,Annual,Bangalore,Tier 1,2024-02-18 22:00:00,OTT_APP
EVT_002095,U00181,C002,KBC Season 15,GameShow,60.0,60,100.0,Smart TV,Basic,Delhi,Tier 1,2024-01-27 18:00:00,OTT_APP
EVT_002096,U00130,C004,Panchayat S3,Series,15.0,30,50.0,Mobile,Annual,Chennai,Tier 1,2024-02-25 07:00:00,OTT_APP
EVT_002097,U00149,C004,Panchayat S3,Series,7.5,30,25.0,Smart TV,Annual,Mumbai,Tier 1,2024-02-28 22:00:00,OTT_APP
EVT_002098,U00091,C001,Anupamaa S1,Series,45.0,45,100.0,Laptop,Free,Delhi,Tier 1,2024-02-06 14:00:00,OTT_APP
EVT_002099,U00179,C004,Panchayat S3,Series,30.0,30,100.0,Tablet,Basic,Hyderabad,Tier 2,2024-01-09 20:00:00,OTT_APP
EVT_002100,U00139,C004,Panchayat S3,Series,15.0,30,50.0,Smart TV,Annual,Chennai,Tier 1,2024-03-02 18:00:00,OTT_APP
EVT_002101,U00331,C002,KBC Season 15,GameShow,30.0,60,50.0,Laptop,Annual,Delhi,Tier 1,2024-01-03 13:00:00,OTT_APP
EVT_002102,U00057,C002,KBC Season 15,GameShow,60.0,60,100.0,Tablet,Premium,Hyderabad,Tier 2,2024-03-06 10:00:00,OTT_APP
EVT_002103,U00410,C005,Mirzapur S3,Thriller,27.5,55,50.0,Tablet,Annual,Mumbai,Tier 1,2024-02-04 22:00:00,OTT_APP
EVT_002104,U00130,C001,Anupamaa S1,Series,11.2,45,25.0,Smart TV,Basic,Mumbai,Tier 1,2024-01-31 15:00:00,OTT_APP
EVT_002105,U00168,C004,Panchayat S3,Series,30.0,30,100.0,Laptop,Premium,Mumbai,Tier 1,2024-01-20 06:00:00,OTT_APP
EVT_002106,U00370,C001,Anupamaa S1,Series,22.5,45,50.0,Laptop,Premium,Delhi,Tier 1,2024-01-14 15:00:00,OTT_APP
EVT_002107,U00050,C003,IPL 2024 Final,Sports,157.5,210,75.0,Laptop,Annual,Bangalore,Tier 1,2024-03-26 17:00:00,OTT_APP
EVT_002108,U00440,C005,Mirzapur S3,Thriller,13.8,55,25.0,Tablet,Premium,Delhi,Tier 1,2024-02-11 07:00:00,OTT_APP
EVT_002109,U00117,C004,Panchayat S3,Series,30.0,30,100.0,Laptop,Free,Hyderabad,Tier 2,2024-02-12 21:00:00,OTT_APP
EVT_002110,,C001,Anupamaa S1,Series,11.2,45,25.0,Mobile,Basic,Delhi,Tier 1,2024-01-30 19:00:00,OTT_APP
EVT_002111,,C004,Panchayat S3,Series,15.0,30,50.0,Smart TV,Basic,Mumbai,Tier 1,2024-01-14 23:00:00,OTT_APP
EVT_002112,U00006,C002,KBC Season 15,GameShow,30.0,60,50.0,Laptop,Free,Mumbai,Tier 1,2024-01-05 14:00:00,OTT_APP
EVT_002113,U00175,C003,IPL 2024 Final,Sports,157.5,210,75.0,Smart TV,Free,Bangalore,Tier 1,2024-01-27 08:00:00,OTT_APP
EVT_002114,U00023,C001,Anupamaa S1,Series,45.0,45,100.0,Laptop,Premium,Hyderabad,Tier 2,2024-03-09 13:00:00,OTT_APP
EVT_002115,U00408,C005,Mirzapur S3,Thriller,13.8,55,25.0,Laptop,Premium,Mumbai,Tier 1,2024-03-03 12:00:00,OTT_APP
EVT_002116,U00001,C001,Anupamaa S1,Series,11.2,45,25.0,Laptop,Premium,Hyderabad,Tier 2,2024-01-30 14:00:00,OTT_APP
EVT_002117,U00014,C003,IPL 2024 Final,Sports,210.0,210,100.0,Mobile,Free,Hyderabad,Tier 2,2024-03-30 11:00:00,OTT_APP
EVT_002118,U00376,C003,IPL 2024 Final,Sports,52.5,210,25.0,Smart TV,Basic,Delhi,Tier 1,2024-01-30 07:00:00,OTT_APP
EVT_002119,U00339,C002,KBC Season 15,GameShow,15.0,60,25.0,Laptop,Basic,Chennai,Tier 1,2024-02-28 07:00:00,OTT_APP
EVT_002120,U00322,C005,Mirzapur S3,Thriller,110.0,55,25.0,Tablet,Annual,Mumbai,Tier 1,2024-01-27 17:00:00,OTT_APP
EVT_002121,U00004,C002,KBC Season 15,GameShow,45.0,60,75.0,Smart TV,Premium,Delhi,Tier 1,2024-03-01 18:00:00,OTT_APP
EVT_002122,U00392,C001,Anupamaa S1,Series,33.8,45,75.0,Smart TV,Basic,Bangalore,Tier 1,2024-01-14 08:00:00,OTT_APP
EVT_002123,U00359,C001,Anupamaa S1,Series,11.2,45,25.0,Smart TV,Premium,Mumbai,Tier 1,2024-02-25 13:00:00,OTT_APP
EVT_002124,U00454,C005,Mirzapur S3,Thriller,41.2,55,75.0,Laptop,Basic,Hyderabad,Tier 2,2024-03-16 16:00:00,OTT_APP
EVT_002125,U00218,C005,Mirzapur S3,Thriller,41.2,55,75.0,Smart TV,Annual,Hyderabad,Tier 2,2024-01-28 20:00:00,OTT_APP
EVT_002126,U00101,C003,IPL 2024 Final,Sports,105.0,210,50.0,Laptop,Premium,Hyderabad,Tier 2,2024-01-28 06:00:00,OTT_APP
EVT_002127,U00408,C004,Panchayat S3,Series,30.0,30,100.0,Smart TV,Free,Bangalore,Tier 1,2024-01-12 09:00:00,OTT_APP
EVT_002128,U00246,C002,KBC Season 15,GameShow,45.0,60,75.0,Laptop,Basic,Hyderabad,Tier 2,2024-01-15 23:00:00,OTT_APP
EVT_002129,U00124,C001,Anupamaa S1,Series,33.8,45,75.0,Mobile,Free,Hyderabad,Tier 2,2024-01-30 10:00:00,OTT_APP
EVT_002130,U00276,C002,KBC Season 15,GameShow,45.0,60,75.0,Mobile,Premium,Mumbai,Tier 1,2024-02-13 22:00:00,OTT_APP
EVT_002131,U00219,C003,IPL 2024 Final,Sports,105.0,210,50.0,Laptop,Basic,Delhi,Tier 1,2024-01-23 07:00:00,OTT_APP
EVT_002132,U00266,C002,KBC Season 15,GameShow,60.0,60,100.0,Smart TV,Annual,Delhi,Tier 1,2024-03-30 08:00:00,OTT_APP
EVT_002133,U00236,C001,Anupamaa S1,Series,22.5,45,50.0,Smart TV,Premium,Hyderabad,Tier 2,2024-01-11 16:00:00,OTT_APP
EVT_002134,U00442,C003,IPL 2024 Final,Sports,52.5,210,25.0,Mobile,Free,Mumbai,Tier 1,2024-01-04 06:00:00,OTT_APP
EVT_002135,U00353,C003,IPL 2024 Final,Sports,52.5,210,25.0,Smart TV,Annual,Hyderabad,Tier 2,2024-01-11 08:00:00,OTT_APP
EVT_002136,U00030,C001,Anupamaa S1,Series,22.5,45,50.0,Mobile,Basic,Hyderabad,Tier 2,2024-03-23 17:00:00,OTT_APP
EVT_002137,U00386,C003,IPL 2024 Final,Sports,105.0,210,50.0,Tablet,Premium,Mumbai,Tier 1,2024-03-05 15:00:00,OTT_APP
EVT_002138,U00245,C002,KBC Season 15,GameShow,15.0,60,25.0,Tablet,Annual,Delhi,Tier 1,2024-03-17 23:00:00,OTT_APP
EVT_002139,U00423,C005,Mirzapur S3,Thriller,55.0,55,100.0,Tablet,Free,Mumbai,Tier 1,2024-01-20 11:00:00,OTT_APP
EVT_002140,U00240,C003,IPL 2024 Final,Sports,105.0,210,50.0,Mobile,Free,Mumbai,Tier 1,2024-03-05 19:00:00,OTT_APP
EVT_002141,U00177,C005,Mirzapur S3,Thriller,13.8,55,25.0,Tablet,Free,Chennai,Tier 1,2024-02-01 18:00:00,OTT_APP
EVT_002142,U00208,C003,IPL 2024 Final,Sports,157.5,210,75.0,Laptop,Free,Chennai,Tier 1,2024-03-08 10:00:00,OTT_APP
EVT_002143,U00165,C002,KBC Season 15,GameShow,120.0,60,50.0,Tablet,Free,Chennai,Tier 1,2024-03-06 13:00:00,OTT_APP
EVT_002144,U00374,C003,IPL 2024 Final,Sports,105.0,210,50.0,Mobile,Free,Delhi,Tier 1,2024-03-14 18:00:00,OTT_APP
EVT_002145,U00309,C004,Panchayat S3,Series,7.5,30,25.0,Laptop,Premium,Delhi,Tier 1,2024-01-31 19:00:00,OTT_APP
EVT_002146,U00034,C001,Anupamaa S1,Series,45.0,45,100.0,Mobile,Premium,Hyderabad,Tier 2,2024-01-24 10:00:00,OTT_APP
EVT_002147,U00064,C001,Anupamaa S1,Series,45.0,45,100.0,Mobile,Premium,Bangalore,Tier 1,2024-02-02 22:00:00,OTT_APP
EVT_002148,U00256,C003,IPL 2024 Final,Sports,210.0,210,100.0,Smart TV,Basic,Delhi,Tier 1,2024-03-11 21:00:00,OTT_APP
EVT_002149,U00205,C004,Panchayat S3,Series,22.5,30,75.0,Tablet,Basic,Delhi,Tier 1,2024-03-08 08:00:00,OTT_APP
EVT_002150,U00317,C002,KBC Season 15,GameShow,45.0,60,75.0,Tablet,Basic,Delhi,Tier 1,2024-03-30 18:00:00,OTT_APP
EVT_002151,U00082,C005,Mirzapur S3,Thriller,41.2,55,75.0,Mobile,Basic,Chennai,Tier 1,2024-02-22 15:00:00,OTT_APP
EVT_002152,U00221,C004,Panchayat S3,Series,30.0,30,100.0,Smart TV,Free,Delhi,Tier 1,2024-02-17 22:00:00,OTT_APP
EVT_002153,U00448,C003,IPL 2024 Final,Sports,210.0,210,100.0,Mobile,Annual,Chennai,Tier 1,2024-01-11 20:00:00,OTT_APP
EVT_002154,U00485,C003,IPL 2024 Final,Sports,210.0,210,100.0,Tablet,Premium,Bangalore,Tier 1,2024-01-21 17:00:00,OTT_APP
EVT_002155,U00175,C001,Anupamaa S1,Series,11.2,45,25.0,Smart TV,Premium,Delhi,Tier 1,2024-03-27 17:00:00,OTT_APP
EVT_002156,U00241,C002,KBC Season 15,GameShow,60.0,60,100.0,Laptop,Premium,Mumbai,Tier 1,2024-03-26 08:00:00,OTT_APP
EVT_002157,U00259,C004,Panchayat S3,Series,30.0,30,100.0,Mobile,Basic,Chennai,Tier 1,2024-03-06 22:00:00,OTT_APP
EVT_002158,U00266,C001,Anupamaa S1,Series,22.5,45,50.0,Smart TV,Premium,Hyderabad,Tier 2,2024-03-30 22:00:00,OTT_APP
EVT_002159,U00345,C003,IPL 2024 Final,Sports,157.5,210,75.0,Tablet,Free,Delhi,Tier 1,2024-02-29 07:00:00,OTT_APP
EVT_002160,U00105,C003,IPL 2024 Final,Sports,157.5,210,75.0,Smart TV,Basic,Mumbai,Tier 1,2024-02-07 13:00:00,OTT_APP
EVT_002161,U00453,C003,IPL 2024 Final,Sports,52.5,210,25.0,Mobile,Annual,Hyderabad,Tier 2,2024-02-02 16:00:00,OTT_APP
EVT_002162,U00365,C002,KBC Season 15,GameShow,60.0,60,100.0,Laptop,Annual,Mumbai,Tier 1,2024-01-12 09:00:00,OTT_APP
EVT_002163,U00304,C001,Anupamaa S1,Series,33.8,45,75.0,Mobile,Basic,Hyderabad,Tier 2,2024-01-26 13:00:00,OTT_APP
EVT_002164,U00116,C004,Panchayat S3,Series,15.0,30,50.0,Mobile,Annual,Bangalore,Tier 1,2024-03-23 16:00:00,OTT_APP
EVT_002165,U00255,C001,Anupamaa S1,Series,33.8,45,75.0,Tablet,Annual,Mumbai,Tier 1,2024-03-19 22:00:00,OTT_APP
EVT_002166,U00369,C001,Anupamaa S1,Series,22.5,45,50.0,Mobile,Free,Hyderabad,Tier 2,2024-02-22 23:00:00,OTT_APP
EVT_002167,U00172,C002,KBC Season 15,GameShow,30.0,60,50.0,Laptop,Free,Mumbai,Tier 1,2024-01-04 09:00:00,OTT_APP
EVT_002168,U00126,C005,Mirzapur S3,Thriller,13.8,55,25.0,Laptop,Premium,Hyderabad,Tier 2,2024-03-08 06:00:00,OTT_APP
EVT_002169,U00422,C004,Panchayat S3,Series,22.5,30,75.0,Mobile,Annual,Bangalore,Tier 1,2024-02-03 15:00:00,OTT_APP
EVT_002170,U00313,C001,Anupamaa S1,Series,45.0,45,100.0,Tablet,Basic,Delhi,Tier 1,2024-02-20 17:00:00,OTT_APP
EVT_002171,U00446,C001,Anupamaa S1,Series,11.2,45,25.0,Tablet,Free,Hyderabad,Tier 2,2024-01-10 09:00:00,OTT_APP
EVT_002172,U00245,C005,Mirzapur S3,Thriller,27.5,55,50.0,Tablet,Free,Delhi,Tier 1,2024-02-20 22:00:00,OTT_APP
EVT_002173,U00418,C005,Mirzapur S3,Thriller,13.8,55,25.0,Smart TV,Basic,Bangalore,Tier 1,2024-01-25 11:00:00,OTT_APP
EVT_002174,U00232,C005,Mirzapur S3,Thriller,41.2,55,75.0,Tablet,Premium,Delhi,Tier 1,2024-01-10 13:00:00,OTT_APP
EVT_002175,U00357,C003,IPL 2024 Final,Sports,105.0,210,50.0,Tablet,Basic,Mumbai,Tier 1,2024-02-02 07:00:00,OTT_APP
EVT_002176,U00399,C005,Mirzapur S3,Thriller,41.2,55,75.0,Tablet,Basic,Mumbai,Tier 1,2024-02-16 06:00:00,OTT_APP
EVT_002177,U00266,C004,Panchayat S3,Series,30.0,30,100.0,Mobile,Free,Bangalore,Tier 1,2024-02-25 07:00:00,OTT_APP
EVT_002178,U00448,C002,KBC Season 15,GameShow,30.0,60,50.0,Mobile,Basic,Mumbai,Tier 1,2024-01-06 12:00:00,OTT_APP
EVT_002179,,C003,IPL 2024 Final,Sports,105.0,210,50.0,Smart TV,Annual,Hyderabad,Tier 2,2024-01-12 06:00:00,OTT_APP
EVT_002180,U00394,C001,Anupamaa S1,Series,22.5,45,50.0,Smart TV,Premium,Delhi,Tier 1,2024-01-13 11:00:00,OTT_APP
EVT_002181,U00094,C003,IPL 2024 Final,Sports,105.0,210,50.0,Laptop,Free,Bangalore,Tier 1,2024-03-06 23:00:00,OTT_APP
EVT_002182,U00330,C004,Panchayat S3,Series,22.5,30,75.0,Smart TV,Basic,Bangalore,Tier 1,2024-02-24 23:00:00,OTT_APP
EVT_002183,U00124,C005,Mirzapur S3,Thriller,55.0,55,100.0,Tablet,Free,Chennai,Tier 1,2024-01-06 09:00:00,OTT_APP
EVT_002184,U00122,C005,Mirzapur S3,Thriller,55.0,55,100.0,Laptop,Basic,Delhi,Tier 1,2024-02-13 15:00:00,OTT_APP
EVT_002185,U00315,C004,Panchayat S3,Series,7.5,30,25.0,Mobile,Free,Delhi,Tier 1,2024-03-23 17:00:00,OTT_APP
EVT_002186,U00311,C001,Anupamaa S1,Series,33.8,45,75.0,Mobile,Premium,Bangalore,Tier 1,2024-03-29 06:00:00,OTT_APP
EVT_002187,U00294,C005,Mirzapur S3,Thriller,41.2,55,75.0,Smart TV,Free,Mumbai,Tier 1,2024-02-07 15:00:00,OTT_APP
EVT_002188,,C004,Panchayat S3,Series,30.0,30,100.0,Laptop,Annual,Hyderabad,Tier 2,2024-01-22 18:00:00,OTT_APP
EVT_002189,U00046,C003,IPL 2024 Final,Sports,210.0,210,100.0,Tablet,Basic,Hyderabad,Tier 2,2024-03-17 20:00:00,OTT_APP
EVT_002190,U00076,C005,Mirzapur S3,Thriller,55.0,55,100.0,Tablet,Free,Hyderabad,Tier 2,2024-02-19 13:00:00,OTT_APP
EVT_002191,U00489,C003,IPL 2024 Final,Sports,52.5,210,25.0,Smart TV,Basic,Hyderabad,Tier 2,2024-02-09 12:00:00,OTT_APP
EVT_002192,U00398,C001,Anupamaa S1,Series,11.2,45,25.0,Laptop,Annual,Delhi,Tier 1,2024-02-07 10:00:00,OTT_APP
EVT_002193,U00286,C005,Mirzapur S3,Thriller,41.2,55,75.0,Laptop,Basic,Mumbai,Tier 1,2024-02-22 06:00:00,OTT_APP
EVT_002194,U00329,C004,Panchayat S3,Series,22.5,30,75.0,Laptop,Basic,Bangalore,Tier 1,2024-02-23 06:00:00,OTT_APP
EVT_002195,U00167,C002,KBC Season 15,GameShow,30.0,60,50.0,Tablet,Basic,Delhi,Tier 1,2024-03-07 13:00:00,OTT_APP
EVT_002196,U00424,C005,Mirzapur S3,Thriller,13.8,55,25.0,Mobile,Premium,Hyderabad,Tier 2,2024-01-03 15:00:00,OTT_APP
EVT_002197,U00175,C004,Panchayat S3,Series,30.0,30,100.0,Mobile,Basic,Mumbai,Tier 1,2024-01-19 19:00:00,OTT_APP
EVT_002198,U00223,C004,Panchayat S3,Series,22.5,30,75.0,Tablet,Free,Chennai,Tier 1,2024-03-10 10:00:00,OTT_APP
EVT_002199,U00323,C005,Mirzapur S3,Thriller,27.5,55,50.0,Mobile,Basic,Bangalore,Tier 1,2024-02-14 19:00:00,OTT_APP
EVT_002200,U00393,C001,Anupamaa S1,Series,33.8,45,75.0,Smart TV,Premium,Bangalore,Tier 1,2024-01-13 10:00:00,OTT_APP
EVT_002201,U00398,C005,Mirzapur S3,Thriller,27.5,55,50.0,Tablet,Annual,Mumbai,Tier 1,2024-02-02 12:00:00,OTT_APP
EVT_002202,U00140,C005,Mirzapur S3,Thriller,13.8,55,25.0,Mobile,Free,Hyderabad,Tier 2,2024-02-09 22:00:00,OTT_APP
EVT_002203,U00342,C002,KBC Season 15,GameShow,30.0,60,50.0,Laptop,Annual,Delhi,Tier 1,2024-01-01 06:00:00,OTT_APP
EVT_002204,U00258,C004,Panchayat S3,Series,7.5,30,25.0,Smart TV,Free,Mumbai,Tier 1,2024-01-15 18:00:00,OTT_APP
EVT_002205,U00025,C001,Anupamaa S1,Series,33.8,45,75.0,Mobile,Annual,Hyderabad,Tier 2,2024-02-12 06:00:00,OTT_APP
EVT_002206,U00323,C005,Mirzapur S3,Thriller,13.8,55,25.0,Mobile,Premium,Chennai,Tier 1,2024-01-11 15:00:00,OTT_APP
EVT_002207,U00101,C001,Anupamaa S1,Series,22.5,45,50.0,Laptop,Annual,Delhi,Tier 1,2024-03-21 22:00:00,OTT_APP
EVT_002208,U00139,C002,KBC Season 15,GameShow,15.0,60,25.0,Mobile,Annual,Chennai,Tier 1,2024-01-29 14:00:00,OTT_APP
EVT_002209,U00030,C004,Panchayat S3,Series,15.0,30,50.0,Laptop,Basic,Chennai,Tier 1,2024-02-20 11:00:00,OTT_APP
EVT_002210,U00306,C004,Panchayat S3,Series,30.0,30,100.0,Smart TV,Premium,Bangalore,Tier 1,2024-03-26 10:00:00,OTT_APP
EVT_002211,U00473,C001,Anupamaa S1,Series,33.8,45,75.0,Laptop,Free,Mumbai,Tier 1,2024-03-03 21:00:00,OTT_APP
EVT_002212,U00012,C002,KBC Season 15,GameShow,45.0,60,75.0,Laptop,Premium,Hyderabad,Tier 2,2024-01-09 14:00:00,OTT_APP
EVT_002213,,C001,Anupamaa S1,Series,45.0,45,100.0,Mobile,Basic,Delhi,Tier 1,2024-01-26 20:00:00,OTT_APP
EVT_002214,U00469,C003,IPL 2024 Final,Sports,105.0,210,50.0,Laptop,Free,Delhi,Tier 1,2024-01-26 17:00:00,OTT_APP
EVT_002215,U00105,C004,Panchayat S3,Series,22.5,30,75.0,Smart TV,Free,Mumbai,Tier 1,2024-02-29 06:00:00,OTT_APP
EVT_002216,U00113,C001,Anupamaa S1,Series,33.8,45,75.0,Laptop,Basic,Mumbai,Tier 1,2024-02-18 09:00:00,OTT_APP
EVT_002217,U00254,C005,Mirzapur S3,Thriller,55.0,55,100.0,Tablet,Annual,Chennai,Tier 1,2024-01-17 20:00:00,OTT_APP
EVT_002218,U00152,C001,Anupamaa S1,Series,11.2,45,25.0,Tablet,Premium,Bangalore,Tier 1,2024-01-10 23:00:00,OTT_APP
EVT_002219,U00025,C005,Mirzapur S3,Thriller,13.8,55,25.0,Smart TV,Annual,Delhi,Tier 1,2024-03-15 16:00:00,OTT_APP
EVT_002220,U00146,C003,IPL 2024 Final,Sports,157.5,210,75.0,Mobile,Basic,Mumbai,Tier 1,2024-02-25 14:00:00,OTT_APP
EVT_002221,U00241,C004,Panchayat S3,Series,15.0,30,50.0,Mobile,Basic,Chennai,Tier 1,2024-01-14 18:00:00,OTT_APP
EVT_002222,U00088,C004,Panchayat S3,Series,22.5,30,75.0,Smart TV,Free,Bangalore,Tier 1,2024-03-26 22:00:00,OTT_APP
EVT_002223,U00424,C001,Anupamaa S1,Series,45.0,45,100.0,Smart TV,Free,Mumbai,Tier 1,2024-03-03 23:00:00,OTT_APP
EVT_002224,U00175,C002,KBC Season 15,GameShow,30.0,60,50.0,Laptop,Annual,Bangalore,Tier 1,2024-01-22 23:00:00,OTT_APP
EVT_002225,U00449,C002,KBC Season 15,GameShow,60.0,60,100.0,Mobile,Basic,Delhi,Tier 1,2024-03-10 13:00:00,OTT_APP
EVT_002226,U00174,C005,Mirzapur S3,Thriller,41.2,55,75.0,Smart TV,Annual,Chennai,Tier 1,2024-02-22 06:00:00,OTT_APP
EVT_002227,U00207,C001,Anupamaa S1,Series,22.5,45,50.0,Mobile,Annual,Hyderabad,Tier 2,2024-03-10 19:00:00,OTT_APP
EVT_002228,,C004,Panchayat S3,Series,22.5,30,75.0,Laptop,Basic,Bangalore,Tier 1,2024-03-04 13:00:00,OTT_APP
EVT_002229,U00074,C001,Anupamaa S1,Series,22.5,45,50.0,Mobile,Basic,Mumbai,Tier 1,2024-02-18 23:00:00,OTT_APP
EVT_002230,U00045,C002,KBC Season 15,GameShow,30.0,60,50.0,Laptop,Premium,Chennai,Tier 1,2024-02-11 11:00:00,OTT_APP
EVT_002231,U00352,C001,Anupamaa S1,Series,45.0,45,100.0,Tablet,Annual,Hyderabad,Tier 2,2024-02-27 09:00:00,OTT_APP
EVT_002232,U00038,C005,Mirzapur S3,Thriller,13.8,55,25.0,Smart TV,Premium,Mumbai,Tier 1,2024-03-07 11:00:00,OTT_APP
EVT_002233,U00286,C005,Mirzapur S3,Thriller,27.5,55,50.0,Tablet,Basic,Bangalore,Tier 1,2024-03-17 07:00:00,OTT_APP
EVT_002234,U00445,C004,Panchayat S3,Series,60.0,30,75.0,Mobile,Basic,Hyderabad,Tier 2,2024-02-06 23:00:00,OTT_APP
EVT_002235,U00488,C002,KBC Season 15,GameShow,60.0,60,100.0,Smart TV,Annual,Mumbai,Tier 1,2024-02-12 07:00:00,OTT_APP
EVT_002236,U00332,C005,Mirzapur S3,Thriller,41.2,55,75.0,Smart TV,Premium,Chennai,Tier 1,2024-03-05 15:00:00,OTT_APP
EVT_002237,U00323,C005,Mirzapur S3,Thriller,27.5,55,50.0,Mobile,Free,Hyderabad,Tier 2,2024-03-06 23:00:00,OTT_APP
EVT_002238,U00493,C003,IPL 2024 Final,Sports,105.0,210,50.0,Mobile,Annual,Hyderabad,Tier 2,2024-03-05 20:00:00,OTT_APP
EVT_002239,U00206,C001,Anupamaa S1,Series,22.5,45,50.0,Laptop,Annual,Delhi,Tier 1,2024-01-31 23:00:00,OTT_APP
EVT_002240,U00141,C004,Panchayat S3,Series,7.5,30,25.0,Laptop,Free,Delhi,Tier 1,2024-01-04 20:00:00,OTT_APP
EVT_002241,U00253,C005,Mirzapur S3,Thriller,13.8,55,25.0,Laptop,Basic,Bangalore,Tier 1,2024-03-04 23:00:00,OTT_APP
EVT_002242,U00368,C005,Mirzapur S3,Thriller,41.2,55,75.0,Smart TV,Basic,Bangalore,Tier 1,2024-03-05 21:00:00,OTT_APP
EVT_002243,U00405,C003,IPL 2024 Final,Sports,157.5,210,75.0,Tablet,Free,Delhi,Tier 1,2024-03-04 07:00:00,OTT_APP
EVT_002244,U00357,C004,Panchayat S3,Series,22.5,30,75.0,Tablet,Free,Delhi,Tier 1,2024-02-17 07:00:00,OTT_APP
EVT_002245,U00352,C003,IPL 2024 Final,Sports,210.0,210,100.0,Laptop,Free,Bangalore,Tier 1,2024-02-18 16:00:00,OTT_APP
EVT_002246,,C001,Anupamaa S1,Series,33.8,45,75.0,Tablet,Premium,Delhi,Tier 1,2024-02-05 23:00:00,OTT_APP
EVT_002247,U00304,C003,IPL 2024 Final,Sports,105.0,210,50.0,Laptop,Basic,Hyderabad,Tier 2,2024-02-20 20:00:00,OTT_APP
EVT_002248,U00327,C002,KBC Season 15,GameShow,30.0,60,50.0,Smart TV,Basic,Hyderabad,Tier 2,2024-02-07 11:00:00,OTT_APP
EVT_002249,U00444,C005,Mirzapur S3,Thriller,41.2,55,75.0,Smart TV,Free,Chennai,Tier 1,2024-02-20 13:00:00,OTT_APP
EVT_002250,U00096,C003,IPL 2024 Final,Sports,105.0,210,50.0,Tablet,Annual,Chennai,Tier 1,2024-01-11 16:00:00,OTT_APP
EVT_002251,U00496,C002,KBC Season 15,GameShow,60.0,60,100.0,Smart TV,Annual,Chennai,Tier 1,2024-02-19 11:00:00,OTT_APP
EVT_002252,U00312,C005,Mirzapur S3,Thriller,27.5,55,50.0,Tablet,Free,Delhi,Tier 1,2024-02-13 22:00:00,OTT_APP
EVT_002253,U00364,C002,KBC Season 15,GameShow,60.0,60,100.0,Laptop,Premium,Hyderabad,Tier 2,2024-01-14 23:00:00,OTT_APP
EVT_002254,U00490,C003,IPL 2024 Final,Sports,52.5,210,25.0,Laptop,Premium,Bangalore,Tier 1,2024-03-07 14:00:00,OTT_APP
EVT_002255,U00423,C001,Anupamaa S1,Series,33.8,45,75.0,Tablet,Basic,Bangalore,Tier 1,2024-03-28 15:00:00,OTT_APP
EVT_002256,,C001,Anupamaa S1,Series,11.2,45,25.0,Mobile,Free,Hyderabad,Tier 2,2024-01-16 22:00:00,OTT_APP
EVT_002257,U00268,C004,Panchayat S3,Series,22.5,30,75.0,Tablet,Basic,Delhi,Tier 1,2024-01-07 12:00:00,OTT_APP
EVT_002258,U00202,C003,IPL 2024 Final,Sports,210.0,210,100.0,Tablet,Free,Mumbai,Tier 1,2024-02-16 12:00:00,OTT_APP
EVT_002259,U00104,C003,IPL 2024 Final,Sports,105.0,210,50.0,Mobile,Basic,Mumbai,Tier 1,2024-02-11 16:00:00,OTT_APP
EVT_002260,U00373,C002,KBC Season 15,GameShow,30.0,60,50.0,Mobile,Basic,Delhi,Tier 1,2024-02-23 21:00:00,OTT_APP
EVT_002261,U00492,C004,Panchayat S3,Series,15.0,30,50.0,Tablet,Basic,Chennai,Tier 1,2024-01-06 06:00:00,OTT_APP
EVT_002262,U00091,C001,Anupamaa S1,Series,22.5,45,50.0,Laptop,Annual,Mumbai,Tier 1,2024-01-05 17:00:00,OTT_APP
EVT_002263,U00243,C005,Mirzapur S3,Thriller,41.2,55,75.0,Mobile,Basic,Mumbai,Tier 1,2024-03-30 22:00:00,OTT_APP
EVT_002264,U00433,C004,Panchayat S3,Series,7.5,30,25.0,Tablet,Annual,Chennai,Tier 1,2024-01-17 13:00:00,OTT_APP
EVT_002265,U00214,C002,KBC Season 15,GameShow,60.0,60,100.0,Mobile,Premium,Chennai,Tier 1,2024-03-12 19:00:00,OTT_APP
EVT_002266,,C005,Mirzapur S3,Thriller,41.2,55,75.0,Tablet,Basic,Bangalore,Tier 1,2024-03-09 20:00:00,OTT_APP
EVT_002267,U00380,C002,KBC Season 15,GameShow,30.0,60,50.0,Tablet,Premium,Chennai,Tier 1,2024-03-06 16:00:00,OTT_APP
EVT_002268,U00092,C005,Mirzapur S3,Thriller,27.5,55,50.0,Smart TV,Premium,Chennai,Tier 1,2024-02-10 15:00:00,OTT_APP
EVT_002269,U00171,C005,Mirzapur S3,Thriller,55.0,55,100.0,Mobile,Basic,Mumbai,Tier 1,2024-03-29 19:00:00,OTT_APP
EVT_002270,U00191,C001,Anupamaa S1,Series,45.0,45,100.0,Smart TV,Basic,Mumbai,Tier 1,2024-01-20 15:00:00,OTT_APP
EVT_002271,U00410,C001,Anupamaa S1,Series,45.0,45,100.0,Tablet,Premium,Delhi,Tier 1,2024-03-23 09:00:00,OTT_APP
EVT_002272,U00018,C001,Anupamaa S1,Series,22.5,45,50.0,Smart TV,Annual,Chennai,Tier 1,2024-02-13 21:00:00,OTT_APP
EVT_002273,U00146,C005,Mirzapur S3,Thriller,41.2,55,75.0,Laptop,Annual,Mumbai,Tier 1,2024-02-06 15:00:00,OTT_APP
EVT_002274,U00494,C005,Mirzapur S3,Thriller,41.2,55,75.0,Smart TV,Annual,Bangalore,Tier 1,2024-01-19 21:00:00,OTT_APP
EVT_002275,U00077,C004,Panchayat S3,Series,30.0,30,100.0,Mobile,Basic,Bangalore,Tier 1,2024-02-07 19:00:00,OTT_APP
EVT_002276,U00108,C003,IPL 2024 Final,Sports,210.0,210,100.0,Mobile,Basic,Delhi,Tier 1,2024-02-17 15:00:00,OTT_APP
EVT_002277,U00429,C002,KBC Season 15,GameShow,45.0,60,75.0,Mobile,Basic,Mumbai,Tier 1,2024-01-18 12:00:00,OTT_APP
EVT_002278,U00320,C002,KBC Season 15,GameShow,45.0,60,75.0,Mobile,Free,Mumbai,Tier 1,2024-03-21 15:00:00,OTT_APP
EVT_002279,U00213,C004,Panchayat S3,Series,22.5,30,75.0,Tablet,Annual,Mumbai,Tier 1,2024-03-07 13:00:00,OTT_APP
EVT_002280,U00013,C002,KBC Season 15,GameShow,120.0,60,50.0,Smart TV,Annual,Hyderabad,Tier 2,2024-02-29 17:00:00,OTT_APP
EVT_002281,U00091,C004,Panchayat S3,Series,22.5,30,75.0,Smart TV,Premium,Mumbai,Tier 1,2024-03-26 20:00:00,OTT_APP
EVT_002282,U00322,C004,Panchayat S3,Series,15.0,30,50.0,Tablet,Annual,Chennai,Tier 1,2024-02-16 23:00:00,OTT_APP
EVT_002283,U00073,C002,KBC Season 15,GameShow,30.0,60,50.0,Mobile,Annual,Hyderabad,Tier 2,2024-01-05 16:00:00,OTT_APP
EVT_002284,U00201,C004,Panchayat S3,Series,30.0,30,100.0,Mobile,Basic,Hyderabad,Tier 2,2024-01-31 09:00:00,OTT_APP
EVT_002285,U00235,C004,Panchayat S3,Series,30.0,30,100.0,Smart TV,Basic,Bangalore,Tier 1,2024-01-23 08:00:00,OTT_APP
EVT_002286,U00490,C004,Panchayat S3,Series,30.0,30,100.0,Mobile,Premium,Delhi,Tier 1,2024-03-13 11:00:00,OTT_APP
EVT_002287,U00380,C002,KBC Season 15,GameShow,15.0,60,25.0,Laptop,Basic,Hyderabad,Tier 2,2024-03-13 12:00:00,OTT_APP
EVT_002288,,C001,Anupamaa S1,Series,33.8,45,75.0,Tablet,Basic,Chennai,Tier 1,2024-03-25 08:00:00,OTT_APP
EVT_002289,U00335,C005,Mirzapur S3,Thriller,41.2,55,75.0,Tablet,Basic,Delhi,Tier 1,2024-01-22 16:00:00,OTT_APP
EVT_002290,U00285,C005,Mirzapur S3,Thriller,55.0,55,100.0,Tablet,Premium,Hyderabad,Tier 2,2024-01-27 16:00:00,OTT_APP
EVT_002291,U00083,C004,Panchayat S3,Series,7.5,30,25.0,Laptop,Premium,Bangalore,Tier 1,2024-03-04 13:00:00,OTT_APP
EVT_002292,U00444,C002,KBC Season 15,GameShow,60.0,60,100.0,Tablet,Annual,Hyderabad,Tier 2,2024-02-12 14:00:00,OTT_APP
EVT_002293,U00310,C005,Mirzapur S3,Thriller,41.2,55,75.0,Laptop,Free,Mumbai,Tier 1,2024-01-24 20:00:00,OTT_APP
EVT_002294,U00029,C002,KBC Season 15,GameShow,45.0,60,75.0,Tablet,Basic,Bangalore,Tier 1,2024-01-09 11:00:00,OTT_APP
EVT_002295,U00110,C005,Mirzapur S3,Thriller,27.5,55,50.0,Laptop,Premium,Hyderabad,Tier 2,2024-03-04 09:00:00,OTT_APP
EVT_002296,U00067,C002,KBC Season 15,GameShow,45.0,60,75.0,Smart TV,Free,Hyderabad,Tier 2,2024-03-07 13:00:00,OTT_APP
EVT_002297,U00281,C001,Anupamaa S1,Series,11.2,45,25.0,Smart TV,Basic,Chennai,Tier 1,2024-02-20 07:00:00,OTT_APP
EVT_002298,U00311,C001,Anupamaa S1,Series,45.0,45,100.0,Laptop,Annual,Chennai,Tier 1,2024-03-11 21:00:00,OTT_APP
EVT_002299,U00183,C003,IPL 2024 Final,Sports,157.5,210,75.0,Smart TV,Basic,Chennai,Tier 1,2024-03-26 22:00:00,OTT_APP
EVT_002300,U00009,C005,Mirzapur S3,Thriller,27.5,55,50.0,Tablet,Premium,Mumbai,Tier 1,2024-01-06 12:00:00,OTT_APP
EVT_002301,U00057,C002,KBC Season 15,GameShow,60.0,60,100.0,Laptop,Free,Mumbai,Tier 1,2024-03-14 16:00:00,OTT_APP
EVT_002302,U00012,C003,IPL 2024 Final,Sports,210.0,210,100.0,Smart TV,Basic,Delhi,Tier 1,2024-01-27 08:00:00,OTT_APP
EVT_002303,U00102,C005,Mirzapur S3,Thriller,41.2,55,75.0,Laptop,Premium,Mumbai,Tier 1,2024-01-12 15:00:00,OTT_APP
EVT_002304,U00296,C005,Mirzapur S3,Thriller,13.8,55,25.0,Laptop,Annual,Hyderabad,Tier 2,2024-01-26 06:00:00,OTT_APP
EVT_002305,U00312,C001,Anupamaa S1,Series,22.5,45,50.0,Mobile,Basic,Hyderabad,Tier 2,2024-03-04 08:00:00,OTT_APP
EVT_002306,U00107,C004,Panchayat S3,Series,7.5,30,25.0,Smart TV,Free,Delhi,Tier 1,2024-01-20 09:00:00,OTT_APP
EVT_002307,U00311,C004,Panchayat S3,Series,15.0,30,50.0,Mobile,Free,Delhi,Tier 1,2024-01-07 09:00:00,OTT_APP
EVT_002308,U00022,C001,Anupamaa S1,Series,22.5,45,50.0,Mobile,Free,Mumbai,Tier 1,2024-01-17 11:00:00,OTT_APP
EVT_002309,U00390,C004,Panchayat S3,Series,7.5,30,25.0,Laptop,Basic,Chennai,Tier 1,2024-03-25 22:00:00,OTT_APP
EVT_002310,U00293,C002,KBC Season 15,GameShow,60.0,60,100.0,Smart TV,Annual,Delhi,Tier 1,2024-01-05 15:00:00,OTT_APP
EVT_002311,U00234,C004,Panchayat S3,Series,15.0,30,50.0,Tablet,Free,Hyderabad,Tier 2,2024-01-02 11:00:00,OTT_APP
EVT_002312,U00047,C002,KBC Season 15,GameShow,60.0,60,100.0,Tablet,Free,Chennai,Tier 1,2024-01-23 09:00:00,OTT_APP
EVT_002313,U00441,C005,Mirzapur S3,Thriller,41.2,55,75.0,Mobile,Premium,Hyderabad,Tier 2,2024-01-18 16:00:00,OTT_APP
EVT_002314,U00009,C002,KBC Season 15,GameShow,15.0,60,25.0,Smart TV,Premium,Chennai,Tier 1,2024-02-18 10:00:00,OTT_APP
EVT_002315,U00413,C003,IPL 2024 Final,Sports,157.5,210,75.0,Smart TV,Premium,Mumbai,Tier 1,2024-03-24 06:00:00,OTT_APP
EVT_002316,U00398,C002,KBC Season 15,GameShow,60.0,60,100.0,Mobile,Basic,Hyderabad,Tier 2,2024-03-04 06:00:00,OTT_APP
EVT_002317,U00479,C004,Panchayat S3,Series,7.5,30,25.0,Tablet,Premium,Chennai,Tier 1,2024-01-25 19:00:00,OTT_APP
EVT_002318,U00434,C005,Mirzapur S3,Thriller,27.5,55,50.0,Mobile,Premium,Chennai,Tier 1,2024-01-17 12:00:00,OTT_APP
EVT_002319,U00247,C001,Anupamaa S1,Series,45.0,45,100.0,Mobile,Annual,Delhi,Tier 1,2024-01-04 10:00:00,OTT_APP
EVT_002320,U00286,C001,Anupamaa S1,Series,22.5,45,50.0,Laptop,Premium,Delhi,Tier 1,2024-03-02 13:00:00,OTT_APP
EVT_002321,U00369,C001,Anupamaa S1,Series,11.2,45,25.0,Mobile,Annual,Hyderabad,Tier 2,2024-01-08 20:00:00,OTT_APP
EVT_002322,U00067,C004,Panchayat S3,Series,30.0,30,100.0,Smart TV,Premium,Mumbai,Tier 1,2024-02-22 13:00:00,OTT_APP
EVT_002323,U00134,C005,Mirzapur S3,Thriller,41.2,55,75.0,Smart TV,Free,Mumbai,Tier 1,2024-02-13 16:00:00,OTT_APP
EVT_002324,U00031,C002,KBC Season 15,GameShow,45.0,60,75.0,Mobile,Free,Chennai,Tier 1,2024-01-05 13:00:00,OTT_APP
EVT_002325,U00189,C005,Mirzapur S3,Thriller,27.5,55,50.0,Laptop,Premium,Bangalore,Tier 1,2024-03-04 20:00:00,OTT_APP
EVT_002326,U00191,C005,Mirzapur S3,Thriller,13.8,55,25.0,Tablet,Annual,Bangalore,Tier 1,2024-03-16 17:00:00,OTT_APP
EVT_002327,U00071,C002,KBC Season 15,GameShow,60.0,60,100.0,Tablet,Annual,Chennai,Tier 1,2024-03-02 09:00:00,OTT_APP
EVT_002328,U00394,C004,Panchayat S3,Series,7.5,30,25.0,Mobile,Free,Mumbai,Tier 1,2024-03-12 07:00:00,OTT_APP
EVT_002329,U00052,C001,Anupamaa S1,Series,22.5,45,50.0,Laptop,Annual,Bangalore,Tier 1,2024-03-11 13:00:00,OTT_APP
EVT_002330,U00217,C003,IPL 2024 Final,Sports,210.0,210,100.0,Mobile,Free,Mumbai,Tier 1,2024-03-03 11:00:00,OTT_APP
EVT_002331,U00076,C005,Mirzapur S3,Thriller,13.8,55,25.0,Mobile,Free,Chennai,Tier 1,2024-02-27 09:00:00,OTT_APP
EVT_002332,U00261,C003,IPL 2024 Final,Sports,157.5,210,75.0,Mobile,Annual,Bangalore,Tier 1,2024-01-11 12:00:00,OTT_APP
EVT_002333,U00171,C004,Panchayat S3,Series,7.5,30,25.0,Mobile,Free,Mumbai,Tier 1,2024-02-29 13:00:00,OTT_APP
EVT_002334,U00154,C003,IPL 2024 Final,Sports,105.0,210,50.0,Smart TV,Annual,Hyderabad,Tier 2,2024-02-05 21:00:00,OTT_APP
EVT_002335,U00290,C002,KBC Season 15,GameShow,15.0,60,25.0,Laptop,Basic,Delhi,Tier 1,2024-01-04 06:00:00,OTT_APP
EVT_002336,U00229,C003,IPL 2024 Final,Sports,157.5,210,75.0,Laptop,Annual,Hyderabad,Tier 2,2024-03-27 17:00:00,OTT_APP
EVT_002337,U00288,C005,Mirzapur S3,Thriller,27.5,55,50.0,Mobile,Premium,Mumbai,Tier 1,2024-01-27 09:00:00,OTT_APP
EVT_002338,U00081,C002,KBC Season 15,GameShow,60.0,60,100.0,Laptop,Premium,Delhi,Tier 1,2024-03-18 18:00:00,OTT_APP
EVT_002339,U00181,C004,Panchayat S3,Series,30.0,30,100.0,Mobile,Basic,Bangalore,Tier 1,2024-01-20 08:00:00,OTT_APP
EVT_002340,U00030,C002,KBC Season 15,GameShow,45.0,60,75.0,Tablet,Annual,Bangalore,Tier 1,2024-01-03 07:00:00,OTT_APP
EVT_002341,U00387,C004,Panchayat S3,Series,15.0,30,50.0,Mobile,Free,Chennai,Tier 1,2024-02-12 06:00:00,OTT_APP
EVT_002342,U00064,C001,Anupamaa S1,Series,22.5,45,50.0,Tablet,Free,Bangalore,Tier 1,2024-03-26 20:00:00,OTT_APP
EVT_002343,U00279,C001,Anupamaa S1,Series,33.8,45,75.0,Mobile,Premium,Chennai,Tier 1,2024-03-15 13:00:00,OTT_APP
EVT_002344,U00163,C005,Mirzapur S3,Thriller,13.8,55,25.0,Smart TV,Free,Delhi,Tier 1,2024-03-26 08:00:00,OTT_APP
EVT_002345,U00332,C003,IPL 2024 Final,Sports,157.5,210,75.0,Laptop,Annual,Hyderabad,Tier 2,2024-01-05 15:00:00,OTT_APP
EVT_002346,U00332,C005,Mirzapur S3,Thriller,41.2,55,75.0,Mobile,Basic,Bangalore,Tier 1,2024-03-22 13:00:00,OTT_APP
EVT_002347,U00309,C004,Panchayat S3,Series,22.5,30,75.0,Tablet,Free,Mumbai,Tier 1,2024-02-23 18:00:00,OTT_APP
EVT_002348,U00249,C004,Panchayat S3,Series,30.0,30,100.0,Tablet,Free,Mumbai,Tier 1,2024-01-20 12:00:00,OTT_APP
EVT_002349,U00426,C004,Panchayat S3,Series,15.0,30,50.0,Smart TV,Premium,Chennai,Tier 1,2024-02-01 13:00:00,OTT_APP
EVT_002350,U00299,C004,Panchayat S3,Series,7.5,30,25.0,Mobile,Annual,Hyderabad,Tier 2,2024-03-26 15:00:00,OTT_APP
EVT_002351,U00435,C001,Anupamaa S1,Series,11.2,45,25.0,Smart TV,Free,Chennai,Tier 1,2024-01-22 19:00:00,OTT_APP
EVT_002352,U00433,C002,KBC Season 15,GameShow,30.0,60,50.0,Smart TV,Free,Hyderabad,Tier 2,2024-02-28 23:00:00,OTT_APP
EVT_002353,U00323,C001,Anupamaa S1,Series,22.5,45,50.0,Tablet,Free,Delhi,Tier 1,2024-03-25 06:00:00,OTT_APP
EVT_002354,U00351,C005,Mirzapur S3,Thriller,55.0,55,100.0,Laptop,Basic,Mumbai,Tier 1,2024-01-31 17:00:00,OTT_APP
EVT_002355,U00258,C001,Anupamaa S1,Series,11.2,45,25.0,Tablet,Free,Bangalore,Tier 1,2024-01-03 23:00:00,OTT_APP
EVT_002356,U00274,C001,Anupamaa S1,Series,45.0,45,100.0,Smart TV,Basic,Bangalore,Tier 1,2024-02-03 15:00:00,OTT_APP
EVT_002357,U00378,C001,Anupamaa S1,Series,22.5,45,50.0,Smart TV,Annual,Chennai,Tier 1,2024-03-07 22:00:00,OTT_APP
EVT_002358,U00032,C005,Mirzapur S3,Thriller,27.5,55,50.0,Mobile,Premium,Mumbai,Tier 1,2024-03-10 11:00:00,OTT_APP
EVT_002359,U00342,C005,Mirzapur S3,Thriller,13.8,55,25.0,Mobile,Basic,Bangalore,Tier 1,2024-02-10 21:00:00,OTT_APP
EVT_002360,U00047,C002,KBC Season 15,GameShow,30.0,60,50.0,Mobile,Basic,Mumbai,Tier 1,2024-02-08 18:00:00,OTT_APP
EVT_002361,,C005,Mirzapur S3,Thriller,55.0,55,100.0,Laptop,Basic,Hyderabad,Tier 2,2024-02-04 11:00:00,OTT_APP
EVT_002362,U00341,C004,Panchayat S3,Series,22.5,30,75.0,Mobile,Premium,Bangalore,Tier 1,2024-03-15 21:00:00,OTT_APP
EVT_002363,U00464,C001,Anupamaa S1,Series,33.8,45,75.0,Mobile,Annual,Delhi,Tier 1,2024-01-16 14:00:00,OTT_APP
EVT_002364,U00329,C001,Anupamaa S1,Series,22.5,45,50.0,Smart TV,Basic,Mumbai,Tier 1,2024-03-04 23:00:00,OTT_APP
EVT_002365,U00171,C004,Panchayat S3,Series,15.0,30,50.0,Laptop,Premium,Hyderabad,Tier 2,2024-03-12 13:00:00,OTT_APP
EVT_002366,U00094,C001,Anupamaa S1,Series,45.0,45,100.0,Tablet,Free,Bangalore,Tier 1,2024-03-15 18:00:00,OTT_APP
EVT_002367,U00197,C005,Mirzapur S3,Thriller,55.0,55,100.0,Smart TV,Premium,Chennai,Tier 1,2024-03-19 18:00:00,OTT_APP
EVT_002368,U00160,C005,Mirzapur S3,Thriller,27.5,55,50.0,Smart TV,Free,Chennai,Tier 1,2024-02-27 22:00:00,OTT_APP
EVT_002369,U00198,C004,Panchayat S3,Series,60.0,30,25.0,Smart TV,Basic,Hyderabad,Tier 2,2024-02-13 09:00:00,OTT_APP
EVT_002370,U00141,C003,IPL 2024 Final,Sports,157.5,210,75.0,Smart TV,Free,Delhi,Tier 1,2024-03-21 19:00:00,OTT_APP
EVT_002371,U00205,C005,Mirzapur S3,Thriller,55.0,55,100.0,Smart TV,Free,Delhi,Tier 1,2024-02-04 23:00:00,OTT_APP
EVT_002372,U00078,C004,Panchayat S3,Series,7.5,30,25.0,Laptop,Free,Chennai,Tier 1,2024-02-20 21:00:00,OTT_APP
EVT_002373,U00038,C004,Panchayat S3,Series,7.5,30,25.0,Smart TV,Free,Mumbai,Tier 1,2024-01-12 15:00:00,OTT_APP
EVT_002374,U00421,C005,Mirzapur S3,Thriller,55.0,55,100.0,Smart TV,Annual,Delhi,Tier 1,2024-02-15 11:00:00,OTT_APP
EVT_002375,,C001,Anupamaa S1,Series,22.5,45,50.0,Smart TV,Basic,Bangalore,Tier 1,2024-02-22 06:00:00,OTT_APP
EVT_002376,U00049,C001,Anupamaa S1,Series,45.0,45,100.0,Laptop,Premium,Chennai,Tier 1,2024-03-12 22:00:00,OTT_APP
EVT_002377,U00254,C001,Anupamaa S1,Series,45.0,45,100.0,Smart TV,Premium,Chennai,Tier 1,2024-02-05 15:00:00,OTT_APP
EVT_002378,U00447,C001,Anupamaa S1,Series,33.8,45,75.0,Smart TV,Premium,Bangalore,Tier 1,2024-02-10 07:00:00,OTT_APP
EVT_002379,U00433,C003,IPL 2024 Final,Sports,52.5,210,25.0,Mobile,Annual,Hyderabad,Tier 2,2024-02-23 18:00:00,OTT_APP
EVT_002380,U00359,C004,Panchayat S3,Series,30.0,30,100.0,Tablet,Free,Mumbai,Tier 1,2024-03-07 10:00:00,OTT_APP
EVT_002381,U00427,C005,Mirzapur S3,Thriller,41.2,55,75.0,Smart TV,Free,Mumbai,Tier 1,2024-02-21 20:00:00,OTT_APP
EVT_002382,U00435,C003,IPL 2024 Final,Sports,52.5,210,25.0,Mobile,Basic,Chennai,Tier 1,2024-02-22 22:00:00,OTT_APP
EVT_002383,U00485,C003,IPL 2024 Final,Sports,157.5,210,75.0,Tablet,Annual,Bangalore,Tier 1,2024-03-21 18:00:00,OTT_APP
EVT_002384,U00357,C005,Mirzapur S3,Thriller,41.2,55,75.0,Laptop,Premium,Hyderabad,Tier 2,2024-02-01 18:00:00,OTT_APP
EVT_002385,U00168,C005,Mirzapur S3,Thriller,27.5,55,50.0,Tablet,Premium,Chennai,Tier 1,2024-03-29 08:00:00,OTT_APP
EVT_002386,U00315,C003,IPL 2024 Final,Sports,210.0,210,100.0,Smart TV,Basic,Mumbai,Tier 1,2024-01-15 09:00:00,OTT_APP
EVT_002387,U00357,C001,Anupamaa S1,Series,45.0,45,100.0,Laptop,Free,Bangalore,Tier 1,2024-02-16 13:00:00,OTT_APP
EVT_002388,U00350,C003,IPL 2024 Final,Sports,52.5,210,25.0,Mobile,Basic,Bangalore,Tier 1,2024-01-11 19:00:00,OTT_APP
EVT_002389,,C005,Mirzapur S3,Thriller,41.2,55,75.0,Tablet,Basic,Hyderabad,Tier 2,2024-02-20 12:00:00,OTT_APP
EVT_002390,U00297,C004,Panchayat S3,Series,30.0,30,100.0,Tablet,Premium,Delhi,Tier 1,2024-01-13 22:00:00,OTT_APP
EVT_002391,U00026,C003,IPL 2024 Final,Sports,157.5,210,75.0,Mobile,Premium,Bangalore,Tier 1,2024-03-03 06:00:00,OTT_APP
EVT_002392,U00025,C002,KBC Season 15,GameShow,30.0,60,50.0,Tablet,Annual,Hyderabad,Tier 2,2024-02-02 11:00:00,OTT_APP
EVT_002393,U00221,C004,Panchayat S3,Series,22.5,30,75.0,Laptop,Annual,Chennai,Tier 1,2024-03-12 19:00:00,OTT_APP
EVT_002394,U00008,C001,Anupamaa S1,Series,22.5,45,50.0,Tablet,Premium,Bangalore,Tier 1,2024-02-03 11:00:00,OTT_APP
EVT_002395,U00276,C004,Panchayat S3,Series,30.0,30,100.0,Mobile,Annual,Bangalore,Tier 1,2024-02-26 16:00:00,OTT_APP
EVT_002396,,C003,IPL 2024 Final,Sports,210.0,210,100.0,Mobile,Annual,Delhi,Tier 1,2024-01-25 22:00:00,OTT_APP
EVT_002397,U00449,C002,KBC Season 15,GameShow,30.0,60,50.0,Laptop,Basic,Chennai,Tier 1,2024-02-03 18:00:00,OTT_APP
EVT_002398,U00028,C002,KBC Season 15,GameShow,60.0,60,100.0,Mobile,Annual,Chennai,Tier 1,2024-03-30 15:00:00,OTT_APP
EVT_002399,U00005,C003,IPL 2024 Final,Sports,157.5,210,75.0,Laptop,Basic,Chennai,Tier 1,2024-01-30 07:00:00,OTT_APP
EVT_002400,U00494,C002,KBC Season 15,GameShow,15.0,60,25.0,Laptop,Annual,Delhi,Tier 1,2024-02-07 11:00:00,OTT_APP
EVT_002401,U00069,C004,Panchayat S3,Series,22.5,30,75.0,Tablet,Free,Bangalore,Tier 1,2024-02-09 18:00:00,OTT_APP
EVT_002402,U00364,C004,Panchayat S3,Series,7.5,30,25.0,Mobile,Free,Mumbai,Tier 1,2024-01-23 14:00:00,OTT_APP
EVT_002403,U00409,C003,IPL 2024 Final,Sports,210.0,210,100.0,Laptop,Free,Hyderabad,Tier 2,2024-02-02 23:00:00,OTT_APP
EVT_002404,U00243,C001,Anupamaa S1,Series,45.0,45,100.0,Laptop,Annual,Hyderabad,Tier 2,2024-01-02 09:00:00,OTT_APP
EVT_002405,U00089,C004,Panchayat S3,Series,30.0,30,100.0,Tablet,Annual,Delhi,Tier 1,2024-01-26 08:00:00,OTT_APP
EVT_002406,U00368,C001,Anupamaa S1,Series,45.0,45,100.0,Laptop,Premium,Chennai,Tier 1,2024-02-27 10:00:00,OTT_APP
EVT_002407,U00374,C002,KBC Season 15,GameShow,45.0,60,75.0,Mobile,Basic,Bangalore,Tier 1,2024-01-10 10:00:00,OTT_APP
EVT_002408,,C001,Anupamaa S1,Series,22.5,45,50.0,Smart TV,Annual,Chennai,Tier 1,2024-01-30 21:00:00,OTT_APP
EVT_002409,U00237,C003,IPL 2024 Final,Sports,157.5,210,75.0,Tablet,Basic,Bangalore,Tier 1,2024-03-09 07:00:00,OTT_APP
EVT_002410,U00066,C003,IPL 2024 Final,Sports,210.0,210,100.0,Mobile,Basic,Hyderabad,Tier 2,2024-01-23 15:00:00,OTT_APP
EVT_002411,U00025,C005,Mirzapur S3,Thriller,27.5,55,50.0,Mobile,Annual,Chennai,Tier 1,2024-02-16 14:00:00,OTT_APP
EVT_002412,U00174,C003,IPL 2024 Final,Sports,105.0,210,50.0,Smart TV,Basic,Chennai,Tier 1,2024-02-06 20:00:00,OTT_APP
EVT_002413,U00147,C001,Anupamaa S1,Series,11.2,45,25.0,Laptop,Free,Delhi,Tier 1,2024-01-20 20:00:00,OTT_APP
EVT_002414,U00341,C004,Panchayat S3,Series,15.0,30,50.0,Tablet,Basic,Bangalore,Tier 1,2024-01-27 13:00:00,OTT_APP
EVT_002415,U00195,C004,Panchayat S3,Series,7.5,30,25.0,Smart TV,Free,Delhi,Tier 1,2024-03-12 23:00:00,OTT_APP
EVT_002416,U00032,C004,Panchayat S3,Series,15.0,30,50.0,Mobile,Annual,Mumbai,Tier 1,2024-03-24 23:00:00,OTT_APP
EVT_002417,U00017,C002,KBC Season 15,GameShow,60.0,60,100.0,Laptop,Basic,Chennai,Tier 1,2024-02-12 12:00:00,OTT_APP
EVT_002418,U00320,C003,IPL 2024 Final,Sports,157.5,210,75.0,Smart TV,Premium,Hyderabad,Tier 2,2024-01-19 14:00:00,OTT_APP
EVT_002419,U00264,C002,KBC Season 15,GameShow,60.0,60,100.0,Mobile,Annual,Mumbai,Tier 1,2024-01-05 09:00:00,OTT_APP
EVT_002420,U00432,C004,Panchayat S3,Series,15.0,30,50.0,Laptop,Premium,Chennai,Tier 1,2024-03-06 08:00:00,OTT_APP
EVT_002421,U00134,C002,KBC Season 15,GameShow,30.0,60,50.0,Tablet,Annual,Chennai,Tier 1,2024-03-26 17:00:00,OTT_APP
EVT_002422,U00353,C001,Anupamaa S1,Series,45.0,45,100.0,Mobile,Annual,Delhi,Tier 1,2024-03-09 17:00:00,OTT_APP
EVT_002423,,C005,Mirzapur S3,Thriller,41.2,55,75.0,Mobile,Premium,Bangalore,Tier 1,2024-03-31 23:00:00,OTT_APP
EVT_002424,U00234,C002,KBC Season 15,GameShow,45.0,60,75.0,Tablet,Annual,Mumbai,Tier 1,2024-01-19 23:00:00,OTT_APP
EVT_002425,U00264,C005,Mirzapur S3,Thriller,41.2,55,75.0,Smart TV,Free,Bangalore,Tier 1,2024-03-16 22:00:00,OTT_APP
EVT_002426,U00429,C003,IPL 2024 Final,Sports,210.0,210,100.0,Laptop,Free,Chennai,Tier 1,2024-03-02 10:00:00,OTT_APP
EVT_002427,U00120,C003,IPL 2024 Final,Sports,210.0,210,100.0,Mobile,Free,Delhi,Tier 1,2024-02-02 18:00:00,OTT_APP
EVT_002428,U00090,C005,Mirzapur S3,Thriller,41.2,55,75.0,Tablet,Basic,Bangalore,Tier 1,2024-03-31 14:00:00,OTT_APP
EVT_002429,U00084,C002,KBC Season 15,GameShow,60.0,60,100.0,Smart TV,Basic,Delhi,Tier 1,2024-03-16 20:00:00,OTT_APP
EVT_002430,U00256,C005,Mirzapur S3,Thriller,55.0,55,100.0,Mobile,Annual,Delhi,Tier 1,2024-01-15 23:00:00,OTT_APP
EVT_002431,U00265,C002,KBC Season 15,GameShow,60.0,60,100.0,Mobile,Basic,Hyderabad,Tier 2,2024-01-27 11:00:00,OTT_APP
EVT_002432,U00095,C002,KBC Season 15,GameShow,15.0,60,25.0,Smart TV,Basic,Mumbai,Tier 1,2024-01-15 06:00:00,OTT_APP
EVT_002433,U00223,C001,Anupamaa S1,Series,11.2,45,25.0,Laptop,Free,Hyderabad,Tier 2,2024-02-19 20:00:00,OTT_APP
EVT_002434,U00471,C001,Anupamaa S1,Series,45.0,45,100.0,Laptop,Annual,Hyderabad,Tier 2,2024-03-21 23:00:00,OTT_APP
EVT_002435,U00191,C001,Anupamaa S1,Series,11.2,45,25.0,Laptop,Free,Mumbai,Tier 1,2024-02-07 12:00:00,OTT_APP
EVT_002436,U00476,C003,IPL 2024 Final,Sports,52.5,210,25.0,Tablet,Basic,Delhi,Tier 1,2024-03-11 15:00:00,OTT_APP
EVT_002437,U00216,C001,Anupamaa S1,Series,33.8,45,75.0,Smart TV,Basic,Mumbai,Tier 1,2024-03-02 14:00:00,OTT_APP
EVT_002438,U00018,C003,IPL 2024 Final,Sports,105.0,210,50.0,Mobile,Basic,Hyderabad,Tier 2,2024-02-10 09:00:00,OTT_APP
EVT_002439,U00190,C001,Anupamaa S1,Series,22.5,45,50.0,Tablet,Premium,Bangalore,Tier 1,2024-01-24 06:00:00,OTT_APP
EVT_002440,U00463,C005,Mirzapur S3,Thriller,27.5,55,50.0,Mobile,Annual,Mumbai,Tier 1,2024-02-12 06:00:00,OTT_APP
EVT_002441,U00048,C004,Panchayat S3,Series,30.0,30,100.0,Mobile,Free,Bangalore,Tier 1,2024-02-24 14:00:00,OTT_APP
EVT_002442,U00361,C004,Panchayat S3,Series,30.0,30,100.0,Smart TV,Premium,Chennai,Tier 1,2024-01-12 08:00:00,OTT_APP
EVT_002443,U00205,C001,Anupamaa S1,Series,45.0,45,100.0,Tablet,Annual,Hyderabad,Tier 2,2024-02-11 09:00:00,OTT_APP
EVT_002444,U00390,C001,Anupamaa S1,Series,33.8,45,75.0,Smart TV,Annual,Mumbai,Tier 1,2024-02-17 23:00:00,OTT_APP
EVT_002445,U00194,C004,Panchayat S3,Series,22.5,30,75.0,Laptop,Basic,Chennai,Tier 1,2024-03-11 10:00:00,OTT_APP
EVT_002446,U00277,C004,Panchayat S3,Series,22.5,30,75.0,Laptop,Free,Mumbai,Tier 1,2024-03-08 13:00:00,OTT_APP
EVT_002447,U00187,C004,Panchayat S3,Series,22.5,30,75.0,Mobile,Premium,Bangalore,Tier 1,2024-03-19 08:00:00,OTT_APP
EVT_002448,U00292,C005,Mirzapur S3,Thriller,27.5,55,50.0,Laptop,Annual,Chennai,Tier 1,2024-02-28 08:00:00,OTT_APP
EVT_002449,U00483,C001,Anupamaa S1,Series,33.8,45,75.0,Mobile,Basic,Delhi,Tier 1,2024-01-17 06:00:00,OTT_APP
EVT_002450,U00296,C004,Panchayat S3,Series,30.0,30,100.0,Smart TV,Annual,Chennai,Tier 1,2024-02-28 22:00:00,OTT_APP
EVT_002451,U00390,C001,Anupamaa S1,Series,22.5,45,50.0,Tablet,Basic,Mumbai,Tier 1,2024-03-11 06:00:00,OTT_APP
EVT_002452,U00161,C001,Anupamaa S1,Series,45.0,45,100.0,Mobile,Annual,Chennai,Tier 1,2024-02-12 22:00:00,OTT_APP
EVT_002453,U00250,C004,Panchayat S3,Series,15.0,30,50.0,Tablet,Annual,Mumbai,Tier 1,2024-03-26 10:00:00,OTT_APP
EVT_002454,U00345,C005,Mirzapur S3,Thriller,13.8,55,25.0,Smart TV,Premium,Mumbai,Tier 1,2024-01-13 23:00:00,OTT_APP
EVT_002455,U00224,C001,Anupamaa S1,Series,33.8,45,75.0,Tablet,Basic,Hyderabad,Tier 2,2024-02-21 10:00:00,OTT_APP
EVT_002456,U00301,C002,KBC Season 15,GameShow,15.0,60,25.0,Mobile,Annual,Bangalore,Tier 1,2024-02-12 22:00:00,OTT_APP
EVT_002457,U00470,C001,Anupamaa S1,Series,45.0,45,100.0,Smart TV,Free,Chennai,Tier 1,2024-02-16 14:00:00,OTT_APP
EVT_002458,U00427,C005,Mirzapur S3,Thriller,27.5,55,50.0,Mobile,Premium,Chennai,Tier 1,2024-02-17 21:00:00,OTT_APP
EVT_002459,,C004,Panchayat S3,Series,30.0,30,100.0,Tablet,Annual,Delhi,Tier 1,2024-01-01 10:00:00,OTT_APP
EVT_002460,,C001,Anupamaa S1,Series,33.8,45,75.0,Laptop,Basic,Mumbai,Tier 1,2024-01-07 08:00:00,OTT_APP
EVT_002461,U00109,C003,IPL 2024 Final,Sports,105.0,210,50.0,Smart TV,Premium,Mumbai,Tier 1,2024-02-28 11:00:00,OTT_APP
EVT_002462,U00313,C004,Panchayat S3,Series,30.0,30,100.0,Tablet,Premium,Hyderabad,Tier 2,2024-01-21 23:00:00,OTT_APP
EVT_002463,U00094,C001,Anupamaa S1,Series,11.2,45,25.0,Smart TV,Premium,Bangalore,Tier 1,2024-03-07 22:00:00,OTT_APP
EVT_002464,U00200,C004,Panchayat S3,Series,15.0,30,50.0,Tablet,Free,Delhi,Tier 1,2024-02-23 08:00:00,OTT_APP
EVT_002465,,C004,Panchayat S3,Series,7.5,30,25.0,Mobile,Premium,Chennai,Tier 1,2024-03-12 07:00:00,OTT_APP
EVT_002466,U00162,C001,Anupamaa S1,Series,33.8,45,75.0,Smart TV,Annual,Bangalore,Tier 1,2024-01-14 08:00:00,OTT_APP
EVT_002467,U00485,C001,Anupamaa S1,Series,33.8,45,75.0,Laptop,Free,Mumbai,Tier 1,2024-02-16 13:00:00,OTT_APP
EVT_002468,U00037,C005,Mirzapur S3,Thriller,13.8,55,25.0,Laptop,Premium,Mumbai,Tier 1,2024-01-05 20:00:00,OTT_APP
EVT_002469,U00450,C001,Anupamaa S1,Series,11.2,45,25.0,Tablet,Premium,Bangalore,Tier 1,2024-02-02 08:00:00,OTT_APP
EVT_002470,U00240,C003,IPL 2024 Final,Sports,105.0,210,50.0,Laptop,Basic,Delhi,Tier 1,2024-03-13 22:00:00,OTT_APP
EVT_002471,U00490,C004,Panchayat S3,Series,15.0,30,50.0,Laptop,Free,Hyderabad,Tier 2,2024-02-02 14:00:00,OTT_APP
EVT_002472,U00474,C004,Panchayat S3,Series,30.0,30,100.0,Smart TV,Annual,Mumbai,Tier 1,2024-03-20 22:00:00,OTT_APP
EVT_002473,U00462,C002,KBC Season 15,GameShow,60.0,60,100.0,Mobile,Free,Hyderabad,Tier 2,2024-01-11 12:00:00,OTT_APP
EVT_002474,,C003,IPL 2024 Final,Sports,105.0,210,50.0,Laptop,Basic,Delhi,Tier 1,2024-02-15 23:00:00,OTT_APP
EVT_002475,U00225,C002,KBC Season 15,GameShow,15.0,60,25.0,Tablet,Basic,Chennai,Tier 1,2024-01-28 17:00:00,OTT_APP
EVT_002476,U00031,C003,IPL 2024 Final,Sports,210.0,210,100.0,Laptop,Premium,Delhi,Tier 1,2024-02-23 22:00:00,OTT_APP
EVT_002477,U00302,C005,Mirzapur S3,Thriller,27.5,55,50.0,Smart TV,Premium,Bangalore,Tier 1,2024-02-27 12:00:00,OTT_APP
EVT_002478,,C003,IPL 2024 Final,Sports,210.0,210,100.0,Smart TV,Premium,Hyderabad,Tier 2,2024-01-25 23:00:00,OTT_APP
EVT_002479,U00277,C002,KBC Season 15,GameShow,30.0,60,50.0,Mobile,Premium,Chennai,Tier 1,2024-02-21 10:00:00,OTT_APP
EVT_002480,U00202,C003,IPL 2024 Final,Sports,52.5,210,25.0,Tablet,Annual,Bangalore,Tier 1,2024-02-05 07:00:00,OTT_APP
EVT_002481,U00082,C005,Mirzapur S3,Thriller,27.5,55,50.0,Smart TV,Basic,Mumbai,Tier 1,2024-02-16 18:00:00,OTT_APP
EVT_002482,U00055,C001,Anupamaa S1,Series,33.8,45,75.0,Mobile,Annual,Hyderabad,Tier 2,2024-02-12 16:00:00,OTT_APP
EVT_002483,U00052,C003,IPL 2024 Final,Sports,157.5,210,75.0,Mobile,Free,Hyderabad,Tier 2,2024-01-14 13:00:00,OTT_APP
EVT_002484,U00073,C004,Panchayat S3,Series,30.0,30,100.0,Tablet,Premium,Bangalore,Tier 1,2024-01-13 06:00:00,OTT_APP
EVT_002485,U00087,C004,Panchayat S3,Series,22.5,30,75.0,Mobile,Annual,Mumbai,Tier 1,2024-03-28 11:00:00,OTT_APP
EVT_002486,U00358,C005,Mirzapur S3,Thriller,27.5,55,50.0,Mobile,Basic,Delhi,Tier 1,2024-02-10 14:00:00,OTT_APP
EVT_002487,U00462,C001,Anupamaa S1,Series,45.0,45,100.0,Tablet,Premium,Delhi,Tier 1,2024-01-24 20:00:00,OTT_APP
EVT_002488,U00041,C001,Anupamaa S1,Series,11.2,45,25.0,Tablet,Free,Bangalore,Tier 1,2024-03-30 07:00:00,OTT_APP
EVT_002489,U00226,C003,IPL 2024 Final,Sports,105.0,210,50.0,Tablet,Free,Delhi,Tier 1,2024-02-14 14:00:00,OTT_APP
EVT_002490,U00361,C004,Panchayat S3,Series,15.0,30,50.0,Smart TV,Basic,Bangalore,Tier 1,2024-01-13 20:00:00,OTT_APP
EVT_002491,U00330,C004,Panchayat S3,Series,22.5,30,75.0,Mobile,Basic,Mumbai,Tier 1,2024-02-15 17:00:00,OTT_APP
EVT_002492,U00497,C001,Anupamaa S1,Series,11.2,45,25.0,Tablet,Free,Bangalore,Tier 1,2024-02-06 12:00:00,OTT_APP
EVT_002493,U00143,C002,KBC Season 15,GameShow,45.0,60,75.0,Tablet,Basic,Hyderabad,Tier 2,2024-01-16 06:00:00,OTT_APP
EVT_002494,U00314,C001,Anupamaa S1,Series,45.0,45,100.0,Tablet,Free,Bangalore,Tier 1,2024-01-06 22:00:00,OTT_APP
EVT_002495,U00335,C001,Anupamaa S1,Series,33.8,45,75.0,Tablet,Basic,Hyderabad,Tier 2,2024-01-13 13:00:00,OTT_APP
EVT_002496,U00076,C005,Mirzapur S3,Thriller,27.5,55,50.0,Mobile,Premium,Delhi,Tier 1,2024-02-17 16:00:00,OTT_APP
EVT_002497,U00292,C004,Panchayat S3,Series,7.5,30,25.0,Mobile,Free,Mumbai,Tier 1,2024-02-22 21:00:00,OTT_APP
EVT_002498,U00280,C004,Panchayat S3,Series,22.5,30,75.0,Laptop,Annual,Hyderabad,Tier 2,2024-01-08 08:00:00,OTT_APP
EVT_002499,U00137,C004,Panchayat S3,Series,15.0,30,50.0,Smart TV,Basic,Delhi,Tier 1,2024-03-02 22:00:00,OTT_APP
EVT_002500,U00442,C002,KBC Season 15,GameShow,45.0,60,75.0,Smart TV,Free,Chennai,Tier 1,2024-02-09 17:00:00,OTT_APP
EVT_002501,U00172,C001,Anupamaa S1,Series,22.5,45,50.0,Tablet,Free,Bangalore,Tier 1,2024-02-18 11:00:00,OTT_APP
EVT_002502,U00253,C002,KBC Season 15,GameShow,15.0,60,25.0,Smart TV,Annual,Chennai,Tier 1,2024-01-02 08:00:00,OTT_APP
EVT_002503,U00055,C003,IPL 2024 Final,Sports,420.0,210,50.0,Laptop,Premium,Bangalore,Tier 1,2024-01-24 15:00:00,OTT_APP
EVT_002504,U00113,C002,KBC Season 15,GameShow,45.0,60,75.0,Smart TV,Premium,Delhi,Tier 1,2024-03-25 10:00:00,OTT_APP
EVT_002505,U00293,C003,IPL 2024 Final,Sports,210.0,210,100.0,Mobile,Annual,Mumbai,Tier 1,2024-01-02 07:00:00,OTT_APP
EVT_002506,U00285,C001,Anupamaa S1,Series,22.5,45,50.0,Laptop,Premium,Mumbai,Tier 1,2024-03-22 23:00:00,OTT_APP
EVT_002507,U00202,C002,KBC Season 15,GameShow,15.0,60,25.0,Laptop,Basic,Mumbai,Tier 1,2024-01-12 18:00:00,OTT_APP
EVT_002508,U00491,C002,KBC Season 15,GameShow,45.0,60,75.0,Laptop,Premium,Mumbai,Tier 1,2024-02-06 16:00:00,OTT_APP
EVT_002509,U00439,C005,Mirzapur S3,Thriller,41.2,55,75.0,Smart TV,Free,Hyderabad,Tier 2,2024-02-27 16:00:00,OTT_APP
EVT_002510,U00086,C002,KBC Season 15,GameShow,45.0,60,75.0,Laptop,Free,Hyderabad,Tier 2,2024-02-24 15:00:00,OTT_APP
EVT_002511,,C002,KBC Season 15,GameShow,60.0,60,100.0,Mobile,Basic,Delhi,Tier 1,2024-02-23 11:00:00,OTT_APP
EVT_002512,U00131,C004,Panchayat S3,Series,15.0,30,50.0,Laptop,Annual,Hyderabad,Tier 2,2024-01-24 08:00:00,OTT_APP
EVT_002513,U00059,C001,Anupamaa S1,Series,33.8,45,75.0,Mobile,Premium,Delhi,Tier 1,2024-01-01 20:00:00,OTT_APP
EVT_002514,U00097,C002,KBC Season 15,GameShow,30.0,60,50.0,Laptop,Basic,Hyderabad,Tier 2,2024-01-01 11:00:00,OTT_APP
EVT_002515,U00035,C001,Anupamaa S1,Series,33.8,45,75.0,Tablet,Free,Hyderabad,Tier 2,2024-03-25 11:00:00,OTT_APP
EVT_002516,U00290,C005,Mirzapur S3,Thriller,41.2,55,75.0,Mobile,Annual,Bangalore,Tier 1,2024-01-01 17:00:00,OTT_APP
EVT_002517,U00275,C001,Anupamaa S1,Series,45.0,45,100.0,Tablet,Premium,Hyderabad,Tier 2,2024-02-25 12:00:00,OTT_APP
EVT_002518,U00354,C005,Mirzapur S3,Thriller,41.2,55,75.0,Laptop,Basic,Hyderabad,Tier 2,2024-02-10 20:00:00,OTT_APP
EVT_002519,U00385,C001,Anupamaa S1,Series,22.5,45,50.0,Tablet,Basic,Hyderabad,Tier 2,2024-01-06 07:00:00,OTT_APP
EVT_002520,U00281,C004,Panchayat S3,Series,22.5,30,75.0,Laptop,Basic,Hyderabad,Tier 2,2024-01-28 08:00:00,OTT_APP
EVT_002521,U00142,C005,Mirzapur S3,Thriller,55.0,55,100.0,Tablet,Premium,Bangalore,Tier 1,2024-01-23 22:00:00,OTT_APP
EVT_002522,,C001,Anupamaa S1,Series,33.8,45,75.0,Laptop,Basic,Hyderabad,Tier 2,2024-01-18 11:00:00,OTT_APP
EVT_002523,U00275,C001,Anupamaa S1,Series,11.2,45,25.0,Smart TV,Basic,Hyderabad,Tier 2,2024-01-28 15:00:00,OTT_APP
EVT_002524,U00046,C002,KBC Season 15,GameShow,45.0,60,75.0,Tablet,Premium,Delhi,Tier 1,2024-01-08 14:00:00,OTT_APP
EVT_002525,U00383,C004,Panchayat S3,Series,30.0,30,100.0,Mobile,Free,Delhi,Tier 1,2024-01-17 22:00:00,OTT_APP
EVT_002526,U00359,C004,Panchayat S3,Series,30.0,30,100.0,Mobile,Basic,Chennai,Tier 1,2024-03-14 12:00:00,OTT_APP
EVT_002527,,C001,Anupamaa S1,Series,11.2,45,25.0,Smart TV,Basic,Delhi,Tier 1,2024-01-07 14:00:00,OTT_APP
EVT_002528,U00436,C002,KBC Season 15,GameShow,15.0,60,25.0,Smart TV,Free,Bangalore,Tier 1,2024-03-04 17:00:00,OTT_APP
EVT_002529,U00258,C002,KBC Season 15,GameShow,30.0,60,50.0,Mobile,Annual,Delhi,Tier 1,2024-01-06 10:00:00,OTT_APP
EVT_002530,U00101,C003,IPL 2024 Final,Sports,210.0,210,100.0,Mobile,Free,Bangalore,Tier 1,2024-02-02 18:00:00,OTT_APP
EVT_002531,U00234,C003,IPL 2024 Final,Sports,157.5,210,75.0,Laptop,Premium,Hyderabad,Tier 2,2024-01-30 20:00:00,OTT_APP
EVT_002532,U00115,C004,Panchayat S3,Series,30.0,30,100.0,Smart TV,Free,Mumbai,Tier 1,2024-03-19 23:00:00,OTT_APP
EVT_002533,U00350,C001,Anupamaa S1,Series,33.8,45,75.0,Mobile,Annual,Hyderabad,Tier 2,2024-01-12 19:00:00,OTT_APP
EVT_002534,U00299,C003,IPL 2024 Final,Sports,105.0,210,50.0,Smart TV,Free,Hyderabad,Tier 2,2024-01-06 11:00:00,OTT_APP
EVT_002535,U00318,C001,Anupamaa S1,Series,22.5,45,50.0,Laptop,Annual,Hyderabad,Tier 2,2024-02-05 08:00:00,OTT_APP
EVT_002536,U00215,C002,KBC Season 15,GameShow,15.0,60,25.0,Laptop,Free,Mumbai,Tier 1,2024-01-26 09:00:00,OTT_APP
EVT_002537,U00497,C005,Mirzapur S3,Thriller,13.8,55,25.0,Laptop,Annual,Bangalore,Tier 1,2024-03-12 17:00:00,OTT_APP
EVT_002538,U00359,C004,Panchayat S3,Series,30.0,30,100.0,Laptop,Basic,Mumbai,Tier 1,2024-02-19 13:00:00,OTT_APP
EVT_002539,U00031,C001,Anupamaa S1,Series,33.8,45,75.0,Tablet,Premium,Bangalore,Tier 1,2024-02-16 17:00:00,OTT_APP
EVT_002540,U00201,C003,IPL 2024 Final,Sports,105.0,210,50.0,Smart TV,Premium,Mumbai,Tier 1,2024-02-26 19:00:00,OTT_APP
EVT_002541,U00177,C005,Mirzapur S3,Thriller,55.0,55,100.0,Mobile,Premium,Delhi,Tier 1,2024-03-13 19:00:00,OTT_APP
EVT_002542,U00434,C005,Mirzapur S3,Thriller,27.5,55,50.0,Smart TV,Annual,Bangalore,Tier 1,2024-01-25 10:00:00,OTT_APP
EVT_002543,U00496,C002,KBC Season 15,GameShow,30.0,60,50.0,Smart TV,Premium,Mumbai,Tier 1,2024-01-12 15:00:00,OTT_APP
EVT_002544,U00357,C002,KBC Season 15,GameShow,60.0,60,100.0,Tablet,Premium,Delhi,Tier 1,2024-02-13 23:00:00,OTT_APP
EVT_002545,U00274,C002,KBC Season 15,GameShow,15.0,60,25.0,Laptop,Free,Hyderabad,Tier 2,2024-03-06 07:00:00,OTT_APP
EVT_002546,U00371,C005,Mirzapur S3,Thriller,55.0,55,100.0,Tablet,Free,Delhi,Tier 1,2024-03-22 13:00:00,OTT_APP
EVT_002547,U00103,C005,Mirzapur S3,Thriller,41.2,55,75.0,Tablet,Basic,Bangalore,Tier 1,2024-02-03 13:00:00,OTT_APP
EVT_002548,U00456,C002,KBC Season 15,GameShow,45.0,60,75.0,Tablet,Free,Chennai,Tier 1,2024-02-28 11:00:00,OTT_APP
EVT_002549,,C003,IPL 2024 Final,Sports,157.5,210,75.0,Smart TV,Free,Delhi,Tier 1,2024-02-01 14:00:00,OTT_APP
EVT_002550,U00256,C002,KBC Season 15,GameShow,15.0,60,25.0,Laptop,Free,Chennai,Tier 1,2024-03-26 22:00:00,OTT_APP
EVT_002551,U00399,C003,IPL 2024 Final,Sports,210.0,210,100.0,Laptop,Premium,Chennai,Tier 1,2024-02-17 20:00:00,OTT_APP
EVT_002552,U00370,C004,Panchayat S3,Series,15.0,30,50.0,Tablet,Basic,Bangalore,Tier 1,2024-02-21 14:00:00,OTT_APP
EVT_002553,U00439,C003,IPL 2024 Final,Sports,210.0,210,100.0,Tablet,Annual,Bangalore,Tier 1,2024-02-17 21:00:00,OTT_APP
EVT_002554,U00493,C004,Panchayat S3,Series,30.0,30,100.0,Mobile,Annual,Hyderabad,Tier 2,2024-03-05 18:00:00,OTT_APP
EVT_002555,U00176,C002,KBC Season 15,GameShow,60.0,60,100.0,Tablet,Premium,Delhi,Tier 1,2024-01-11 11:00:00,OTT_APP
EVT_002556,U00474,C001,Anupamaa S1,Series,33.8,45,75.0,Tablet,Free,Mumbai,Tier 1,2024-03-14 16:00:00,OTT_APP
EVT_002557,U00166,C003,IPL 2024 Final,Sports,52.5,210,25.0,Tablet,Annual,Bangalore,Tier 1,2024-03-17 10:00:00,OTT_APP
EVT_002558,U00437,C004,Panchayat S3,Series,15.0,30,50.0,Smart TV,Free,Bangalore,Tier 1,2024-01-24 09:00:00,OTT_APP
EVT_002559,U00189,C004,Panchayat S3,Series,30.0,30,100.0,Mobile,Premium,Chennai,Tier 1,2024-01-18 13:00:00,OTT_APP
EVT_002560,U00334,C002,KBC Season 15,GameShow,30.0,60,50.0,Smart TV,Basic,Chennai,Tier 1,2024-01-07 14:00:00,OTT_APP
EVT_002561,U00454,C002,KBC Season 15,GameShow,60.0,60,100.0,Tablet,Basic,Mumbai,Tier 1,2024-02-08 16:00:00,OTT_APP
EVT_002562,U00116,C001,Anupamaa S1,Series,22.5,45,50.0,Mobile,Free,Bangalore,Tier 1,2024-01-29 20:00:00,OTT_APP
EVT_002563,U00421,C001,Anupamaa S1,Series,33.8,45,75.0,Tablet,Basic,Mumbai,Tier 1,2024-03-04 22:00:00,OTT_APP
EVT_002564,U00229,C002,KBC Season 15,GameShow,60.0,60,100.0,Mobile,Premium,Mumbai,Tier 1,2024-02-17 23:00:00,OTT_APP
EVT_002565,,C003,IPL 2024 Final,Sports,52.5,210,25.0,Smart TV,Annual,Chennai,Tier 1,2024-03-25 14:00:00,OTT_APP
EVT_002566,U00025,C005,Mirzapur S3,Thriller,55.0,55,100.0,Mobile,Annual,Chennai,Tier 1,2024-02-04 21:00:00,OTT_APP
EVT_002567,U00355,C002,KBC Season 15,GameShow,45.0,60,75.0,Laptop,Premium,Delhi,Tier 1,2024-03-23 06:00:00,OTT_APP
EVT_002568,U00068,C002,KBC Season 15,GameShow,30.0,60,50.0,Laptop,Annual,Bangalore,Tier 1,2024-02-29 20:00:00,OTT_APP
EVT_002569,U00058,C003,IPL 2024 Final,Sports,105.0,210,50.0,Tablet,Free,Delhi,Tier 1,2024-02-29 06:00:00,OTT_APP
EVT_002570,U00478,C001,Anupamaa S1,Series,45.0,45,100.0,Mobile,Free,Chennai,Tier 1,2024-01-20 20:00:00,OTT_APP
EVT_002571,,C003,IPL 2024 Final,Sports,105.0,210,50.0,Mobile,Basic,Hyderabad,Tier 2,2024-03-25 07:00:00,OTT_APP
EVT_002572,,C004,Panchayat S3,Series,30.0,30,100.0,Smart TV,Premium,Delhi,Tier 1,2024-01-17 08:00:00,OTT_APP
EVT_002573,U00014,C004,Panchayat S3,Series,22.5,30,75.0,Tablet,Basic,Delhi,Tier 1,2024-01-16 19:00:00,OTT_APP
EVT_002574,U00271,C005,Mirzapur S3,Thriller,41.2,55,75.0,Mobile,Annual,Mumbai,Tier 1,2024-01-28 18:00:00,OTT_APP
EVT_002575,U00194,C002,KBC Season 15,GameShow,60.0,60,100.0,Tablet,Premium,Delhi,Tier 1,2024-01-16 12:00:00,OTT_APP
EVT_002576,U00308,C002,KBC Season 15,GameShow,45.0,60,75.0,Smart TV,Annual,Bangalore,Tier 1,2024-01-23 06:00:00,OTT_APP
EVT_002577,U00424,C002,KBC Season 15,GameShow,30.0,60,50.0,Smart TV,Basic,Chennai,Tier 1,2024-03-19 17:00:00,OTT_APP
EVT_002578,U00458,C002,KBC Season 15,GameShow,15.0,60,25.0,Smart TV,Free,Bangalore,Tier 1,2024-01-30 12:00:00,OTT_APP
EVT_002579,U00401,C003,IPL 2024 Final,Sports,105.0,210,50.0,Tablet,Basic,Bangalore,Tier 1,2024-03-29 13:00:00,OTT_APP
EVT_002580,U00180,C002,KBC Season 15,GameShow,30.0,60,50.0,Mobile,Annual,Bangalore,Tier 1,2024-01-12 22:00:00,OTT_APP
EVT_002581,U00024,C004,Panchayat S3,Series,7.5,30,25.0,Smart TV,Annual,Mumbai,Tier 1,2024-03-11 20:00:00,OTT_APP
EVT_002582,U00425,C005,Mirzapur S3,Thriller,27.5,55,50.0,Smart TV,Annual,Mumbai,Tier 1,2024-03-05 11:00:00,OTT_APP
EVT_002583,U00203,C001,Anupamaa S1,Series,11.2,45,25.0,Mobile,Premium,Bangalore,Tier 1,2024-01-16 10:00:00,OTT_APP
EVT_002584,U00324,C005,Mirzapur S3,Thriller,27.5,55,50.0,Smart TV,Free,Hyderabad,Tier 2,2024-03-27 23:00:00,OTT_APP
EVT_002585,U00274,C004,Panchayat S3,Series,22.5,30,75.0,Tablet,Annual,Bangalore,Tier 1,2024-03-31 14:00:00,OTT_APP
EVT_002586,U00075,C004,Panchayat S3,Series,15.0,30,50.0,Smart TV,Basic,Bangalore,Tier 1,2024-02-03 10:00:00,OTT_APP
EVT_002587,U00325,C002,KBC Season 15,GameShow,15.0,60,25.0,Mobile,Premium,Delhi,Tier 1,2024-03-06 06:00:00,OTT_APP
EVT_002588,U00368,C003,IPL 2024 Final,Sports,210.0,210,100.0,Smart TV,Basic,Chennai,Tier 1,2024-03-12 10:00:00,OTT_APP
EVT_002589,U00109,C003,IPL 2024 Final,Sports,105.0,210,50.0,Tablet,Free,Bangalore,Tier 1,2024-01-24 16:00:00,OTT_APP
EVT_002590,U00438,C004,Panchayat S3,Series,15.0,30,50.0,Mobile,Free,Bangalore,Tier 1,2024-02-01 08:00:00,OTT_APP
EVT_002591,U00424,C003,IPL 2024 Final,Sports,105.0,210,50.0,Smart TV,Free,Bangalore,Tier 1,2024-02-05 09:00:00,OTT_APP
EVT_002592,U00396,C004,Panchayat S3,Series,22.5,30,75.0,Mobile,Premium,Delhi,Tier 1,2024-03-12 15:00:00,OTT_APP
EVT_002593,U00090,C002,KBC Season 15,GameShow,15.0,60,25.0,Laptop,Free,Mumbai,Tier 1,2024-01-29 18:00:00,OTT_APP
EVT_002594,U00337,C005,Mirzapur S3,Thriller,55.0,55,100.0,Tablet,Annual,Bangalore,Tier 1,2024-01-30 21:00:00,OTT_APP
EVT_002595,U00186,C001,Anupamaa S1,Series,22.5,45,50.0,Tablet,Premium,Chennai,Tier 1,2024-03-01 07:00:00,OTT_APP
EVT_002596,U00189,C005,Mirzapur S3,Thriller,13.8,55,25.0,Mobile,Annual,Delhi,Tier 1,2024-03-21 08:00:00,OTT_APP
EVT_002597,U00169,C003,IPL 2024 Final,Sports,52.5,210,25.0,Laptop,Premium,Hyderabad,Tier 2,2024-03-27 16:00:00,OTT_APP
EVT_002598,U00304,C001,Anupamaa S1,Series,33.8,45,75.0,Smart TV,Premium,Mumbai,Tier 1,2024-03-14 18:00:00,OTT_APP
EVT_002599,U00245,C004,Panchayat S3,Series,22.5,30,75.0,Mobile,Basic,Chennai,Tier 1,2024-01-24 07:00:00,OTT_APP
EVT_002600,U00037,C001,Anupamaa S1,Series,22.5,45,50.0,Laptop,Free,Bangalore,Tier 1,2024-01-21 06:00:00,OTT_APP
EVT_002601,,C002,KBC Season 15,GameShow,45.0,60,75.0,Smart TV,Basic,Mumbai,Tier 1,2024-01-20 15:00:00,OTT_APP
EVT_002602,U00273,C004,Panchayat S3,Series,30.0,30,100.0,Laptop,Annual,Hyderabad,Tier 2,2024-02-21 20:00:00,OTT_APP
EVT_002603,U00038,C001,Anupamaa S1,Series,33.8,45,75.0,Smart TV,Annual,Hyderabad,Tier 2,2024-03-01 12:00:00,OTT_APP
EVT_002604,U00068,C004,Panchayat S3,Series,30.0,30,100.0,Laptop,Annual,Delhi,Tier 1,2024-01-11 11:00:00,OTT_APP
EVT_002605,,C001,Anupamaa S1,Series,22.5,45,50.0,Laptop,Annual,Chennai,Tier 1,2024-03-30 22:00:00,OTT_APP
EVT_002606,U00104,C003,IPL 2024 Final,Sports,105.0,210,50.0,Mobile,Free,Delhi,Tier 1,2024-03-21 15:00:00,OTT_APP
EVT_002607,U00345,C004,Panchayat S3,Series,15.0,30,50.0,Tablet,Basic,Delhi,Tier 1,2024-01-04 22:00:00,OTT_APP
EVT_002608,U00301,C002,KBC Season 15,GameShow,15.0,60,25.0,Mobile,Premium,Mumbai,Tier 1,2024-01-21 09:00:00,OTT_APP
EVT_002609,U00145,C001,Anupamaa S1,Series,45.0,45,100.0,Laptop,Premium,Bangalore,Tier 1,2024-02-18 14:00:00,OTT_APP
EVT_002610,U00216,C004,Panchayat S3,Series,7.5,30,25.0,Laptop,Annual,Mumbai,Tier 1,2024-01-01 10:00:00,OTT_APP
EVT_002611,U00153,C003,IPL 2024 Final,Sports,105.0,210,50.0,Laptop,Annual,Bangalore,Tier 1,2024-03-04 18:00:00,OTT_APP
EVT_002612,U00198,C003,IPL 2024 Final,Sports,210.0,210,100.0,Tablet,Annual,Mumbai,Tier 1,2024-02-23 12:00:00,OTT_APP
EVT_002613,U00209,C001,Anupamaa S1,Series,22.5,45,50.0,Smart TV,Premium,Chennai,Tier 1,2024-01-05 06:00:00,OTT_APP
EVT_002614,U00302,C003,IPL 2024 Final,Sports,157.5,210,75.0,Laptop,Premium,Bangalore,Tier 1,2024-01-26 07:00:00,OTT_APP
EVT_002615,U00041,C005,Mirzapur S3,Thriller,27.5,55,50.0,Mobile,Premium,Delhi,Tier 1,2024-02-29 20:00:00,OTT_APP
EVT_002616,,C002,KBC Season 15,GameShow,45.0,60,75.0,Mobile,Premium,Bangalore,Tier 1,2024-01-29 16:00:00,OTT_APP
EVT_002617,U00180,C005,Mirzapur S3,Thriller,27.5,55,50.0,Mobile,Basic,Mumbai,Tier 1,2024-01-23 17:00:00,OTT_APP
EVT_002618,U00219,C005,Mirzapur S3,Thriller,13.8,55,25.0,Tablet,Basic,Bangalore,Tier 1,2024-03-27 12:00:00,OTT_APP
EVT_002619,U00318,C001,Anupamaa S1,Series,45.0,45,100.0,Tablet,Annual,Hyderabad,Tier 2,2024-02-07 22:00:00,OTT_APP
EVT_002620,U00127,C003,IPL 2024 Final,Sports,210.0,210,100.0,Tablet,Premium,Bangalore,Tier 1,2024-03-25 19:00:00,OTT_APP
EVT_002621,U00364,C003,IPL 2024 Final,Sports,210.0,210,100.0,Tablet,Free,Chennai,Tier 1,2024-01-29 15:00:00,OTT_APP
EVT_002622,U00386,C003,IPL 2024 Final,Sports,157.5,210,75.0,Smart TV,Premium,Bangalore,Tier 1,2024-03-13 13:00:00,OTT_APP
EVT_002623,U00450,C003,IPL 2024 Final,Sports,157.5,210,75.0,Laptop,Premium,Chennai,Tier 1,2024-01-29 14:00:00,OTT_APP
EVT_002624,U00115,C001,Anupamaa S1,Series,33.8,45,75.0,Mobile,Premium,Hyderabad,Tier 2,2024-01-22 10:00:00,OTT_APP
EVT_002625,U00295,C005,Mirzapur S3,Thriller,27.5,55,50.0,Tablet,Free,Hyderabad,Tier 2,2024-03-02 12:00:00,OTT_APP
EVT_002626,U00067,C002,KBC Season 15,GameShow,15.0,60,25.0,Mobile,Basic,Mumbai,Tier 1,2024-03-14 20:00:00,OTT_APP
EVT_002627,U00155,C001,Anupamaa S1,Series,45.0,45,100.0,Tablet,Basic,Mumbai,Tier 1,2024-03-02 16:00:00,OTT_APP
EVT_002628,U00242,C003,IPL 2024 Final,Sports,157.5,210,75.0,Smart TV,Basic,Bangalore,Tier 1,2024-02-17 16:00:00,OTT_APP
EVT_002629,U00291,C001,Anupamaa S1,Series,22.5,45,50.0,Laptop,Premium,Mumbai,Tier 1,2024-02-08 14:00:00,OTT_APP
EVT_002630,U00291,C004,Panchayat S3,Series,30.0,30,100.0,Mobile,Free,Delhi,Tier 1,2024-03-19 13:00:00,OTT_APP
EVT_002631,U00399,C002,KBC Season 15,GameShow,60.0,60,100.0,Mobile,Basic,Chennai,Tier 1,2024-01-14 10:00:00,OTT_APP
EVT_002632,U00362,C004,Panchayat S3,Series,15.0,30,50.0,Laptop,Basic,Bangalore,Tier 1,2024-02-15 22:00:00,OTT_APP
EVT_002633,U00482,C003,IPL 2024 Final,Sports,157.5,210,75.0,Laptop,Free,Bangalore,Tier 1,2024-01-01 23:00:00,OTT_APP
EVT_002634,U00283,C005,Mirzapur S3,Thriller,41.2,55,75.0,Tablet,Basic,Mumbai,Tier 1,2024-02-03 17:00:00,OTT_APP
EVT_002635,U00044,C003,IPL 2024 Final,Sports,157.5,210,75.0,Mobile,Basic,Bangalore,Tier 1,2024-02-19 13:00:00,OTT_APP
EVT_002636,U00456,C005,Mirzapur S3,Thriller,41.2,55,75.0,Smart TV,Basic,Mumbai,Tier 1,2024-01-27 15:00:00,OTT_APP
EVT_002637,U00100,C004,Panchayat S3,Series,7.5,30,25.0,Tablet,Annual,Delhi,Tier 1,2024-01-05 13:00:00,OTT_APP
EVT_002638,U00010,C003,IPL 2024 Final,Sports,52.5,210,25.0,Tablet,Basic,Bangalore,Tier 1,2024-01-27 09:00:00,OTT_APP
EVT_002639,U00401,C004,Panchayat S3,Series,22.5,30,75.0,Mobile,Free,Bangalore,Tier 1,2024-03-05 18:00:00,OTT_APP
EVT_002640,U00292,C005,Mirzapur S3,Thriller,55.0,55,100.0,Tablet,Annual,Chennai,Tier 1,2024-03-31 10:00:00,OTT_APP
EVT_002641,U00332,C005,Mirzapur S3,Thriller,55.0,55,100.0,Laptop,Annual,Delhi,Tier 1,2024-03-24 08:00:00,OTT_APP
EVT_002642,U00155,C003,IPL 2024 Final,Sports,52.5,210,25.0,Smart TV,Premium,Chennai,Tier 1,2024-01-25 07:00:00,OTT_APP
EVT_002643,U00084,C001,Anupamaa S1,Series,11.2,45,25.0,Smart TV,Premium,Hyderabad,Tier 2,2024-02-16 07:00:00,OTT_APP
EVT_002644,U00374,C004,Panchayat S3,Series,15.0,30,50.0,Smart TV,Basic,Delhi,Tier 1,2024-02-27 16:00:00,OTT_APP
EVT_002645,U00005,C002,KBC Season 15,GameShow,15.0,60,25.0,Smart TV,Free,Delhi,Tier 1,2024-03-20 13:00:00,OTT_APP
EVT_002646,U00105,C002,KBC Season 15,GameShow,30.0,60,50.0,Mobile,Basic,Hyderabad,Tier 2,2024-01-14 12:00:00,OTT_APP
EVT_002647,U00226,C001,Anupamaa S1,Series,22.5,45,50.0,Mobile,Free,Chennai,Tier 1,2024-02-22 20:00:00,OTT_APP
EVT_002648,,C004,Panchayat S3,Series,30.0,30,100.0,Laptop,Basic,Chennai,Tier 1,2024-01-02 20:00:00,OTT_APP
EVT_002649,U00461,C004,Panchayat S3,Series,22.5,30,75.0,Mobile,Basic,Chennai,Tier 1,2024-02-10 13:00:00,OTT_APP
EVT_002650,U00483,C003,IPL 2024 Final,Sports,157.5,210,75.0,Smart TV,Basic,Delhi,Tier 1,2024-01-08 08:00:00,OTT_APP
EVT_002651,U00121,C005,Mirzapur S3,Thriller,110.0,55,75.0,Mobile,Basic,Chennai,Tier 1,2024-03-03 11:00:00,OTT_APP
EVT_002652,U00277,C003,IPL 2024 Final,Sports,157.5,210,75.0,Tablet,Annual,Delhi,Tier 1,2024-01-06 10:00:00,OTT_APP
EVT_002653,U00233,C001,Anupamaa S1,Series,45.0,45,100.0,Smart TV,Basic,Hyderabad,Tier 2,2024-01-03 08:00:00,OTT_APP
EVT_002654,U00417,C002,KBC Season 15,GameShow,30.0,60,50.0,Laptop,Premium,Chennai,Tier 1,2024-01-08 20:00:00,OTT_APP
EVT_002655,U00165,C005,Mirzapur S3,Thriller,27.5,55,50.0,Tablet,Annual,Mumbai,Tier 1,2024-03-01 21:00:00,OTT_APP
EVT_002656,U00026,C001,Anupamaa S1,Series,33.8,45,75.0,Laptop,Premium,Hyderabad,Tier 2,2024-01-24 14:00:00,OTT_APP
EVT_002657,U00323,C005,Mirzapur S3,Thriller,27.5,55,50.0,Smart TV,Premium,Bangalore,Tier 1,2024-01-20 21:00:00,OTT_APP
EVT_002658,U00163,C005,Mirzapur S3,Thriller,55.0,55,100.0,Mobile,Premium,Mumbai,Tier 1,2024-01-24 10:00:00,OTT_APP
EVT_002659,U00469,C004,Panchayat S3,Series,15.0,30,50.0,Smart TV,Basic,Hyderabad,Tier 2,2024-02-06 14:00:00,OTT_APP
EVT_002660,U00407,C004,Panchayat S3,Series,15.0,30,50.0,Smart TV,Free,Delhi,Tier 1,2024-02-27 08:00:00,OTT_APP
EVT_002661,U00235,C002,KBC Season 15,GameShow,15.0,60,25.0,Mobile,Basic,Mumbai,Tier 1,2024-01-16 22:00:00,OTT_APP
EVT_002662,U00343,C003,IPL 2024 Final,Sports,210.0,210,100.0,Mobile,Annual,Hyderabad,Tier 2,2024-02-23 07:00:00,OTT_APP
EVT_002663,U00409,C001,Anupamaa S1,Series,45.0,45,100.0,Smart TV,Basic,Bangalore,Tier 1,2024-02-07 07:00:00,OTT_APP
EVT_002664,U00356,C003,IPL 2024 Final,Sports,52.5,210,25.0,Tablet,Basic,Hyderabad,Tier 2,2024-03-20 14:00:00,OTT_APP
EVT_002665,U00089,C005,Mirzapur S3,Thriller,27.5,55,50.0,Smart TV,Basic,Mumbai,Tier 1,2024-03-04 09:00:00,OTT_APP
EVT_002666,,C004,Panchayat S3,Series,30.0,30,100.0,Laptop,Basic,Chennai,Tier 1,2024-02-01 13:00:00,OTT_APP
EVT_002667,U00058,C002,KBC Season 15,GameShow,15.0,60,25.0,Laptop,Basic,Chennai,Tier 1,2024-01-20 10:00:00,OTT_APP
EVT_002668,U00436,C004,Panchayat S3,Series,22.5,30,75.0,Smart TV,Basic,Chennai,Tier 1,2024-03-16 18:00:00,OTT_APP
EVT_002669,U00151,C001,Anupamaa S1,Series,33.8,45,75.0,Tablet,Annual,Delhi,Tier 1,2024-01-26 15:00:00,OTT_APP
EVT_002670,U00307,C001,Anupamaa S1,Series,22.5,45,50.0,Tablet,Free,Hyderabad,Tier 2,2024-03-04 22:00:00,OTT_APP
EVT_002671,U00315,C003,IPL 2024 Final,Sports,105.0,210,50.0,Laptop,Premium,Delhi,Tier 1,2024-01-02 17:00:00,OTT_APP
EVT_002672,U00255,C001,Anupamaa S1,Series,33.8,45,75.0,Tablet,Basic,Chennai,Tier 1,2024-01-25 20:00:00,OTT_APP
EVT_002673,U00213,C004,Panchayat S3,Series,15.0,30,50.0,Smart TV,Premium,Delhi,Tier 1,2024-01-21 16:00:00,OTT_APP
EVT_002674,U00407,C002,KBC Season 15,GameShow,30.0,60,50.0,Smart TV,Basic,Bangalore,Tier 1,2024-03-01 16:00:00,OTT_APP
EVT_002675,U00454,C003,IPL 2024 Final,Sports,157.5,210,75.0,Laptop,Premium,Mumbai,Tier 1,2024-02-23 08:00:00,OTT_APP
EVT_002676,U00335,C005,Mirzapur S3,Thriller,13.8,55,25.0,Tablet,Basic,Hyderabad,Tier 2,2024-01-18 06:00:00,OTT_APP
EVT_002677,U00474,C002,KBC Season 15,GameShow,45.0,60,75.0,Laptop,Basic,Mumbai,Tier 1,2024-01-10 16:00:00,OTT_APP
EVT_002678,U00120,C001,Anupamaa S1,Series,11.2,45,25.0,Laptop,Basic,Chennai,Tier 1,2024-02-10 18:00:00,OTT_APP
EVT_002679,U00089,C004,Panchayat S3,Series,22.5,30,75.0,Tablet,Basic,Delhi,Tier 1,2024-03-23 19:00:00,OTT_APP
EVT_002680,U00320,C001,Anupamaa S1,Series,22.5,45,50.0,Mobile,Premium,Mumbai,Tier 1,2024-02-12 14:00:00,OTT_APP
EVT_002681,U00390,C001,Anupamaa S1,Series,11.2,45,25.0,Mobile,Free,Mumbai,Tier 1,2024-01-29 23:00:00,OTT_APP
EVT_002682,U00033,C003,IPL 2024 Final,Sports,157.5,210,75.0,Mobile,Basic,Delhi,Tier 1,2024-03-31 11:00:00,OTT_APP
EVT_002683,U00384,C002,KBC Season 15,GameShow,15.0,60,25.0,Tablet,Free,Delhi,Tier 1,2024-01-10 17:00:00,OTT_APP
EVT_002684,U00275,C003,IPL 2024 Final,Sports,157.5,210,75.0,Laptop,Annual,Bangalore,Tier 1,2024-03-10 19:00:00,OTT_APP
EVT_002685,U00272,C003,IPL 2024 Final,Sports,210.0,210,100.0,Tablet,Premium,Mumbai,Tier 1,2024-03-15 09:00:00,OTT_APP
EVT_002686,U00385,C005,Mirzapur S3,Thriller,41.2,55,75.0,Smart TV,Free,Bangalore,Tier 1,2024-02-09 15:00:00,OTT_APP
EVT_002687,U00469,C001,Anupamaa S1,Series,45.0,45,100.0,Laptop,Annual,Delhi,Tier 1,2024-03-13 22:00:00,OTT_APP
EVT_002688,U00398,C005,Mirzapur S3,Thriller,27.5,55,50.0,Laptop,Annual,Chennai,Tier 1,2024-03-07 16:00:00,OTT_APP
EVT_002689,U00306,C003,IPL 2024 Final,Sports,210.0,210,100.0,Laptop,Basic,Bangalore,Tier 1,2024-02-09 09:00:00,OTT_APP
EVT_002690,U00367,C002,KBC Season 15,GameShow,30.0,60,50.0,Laptop,Basic,Delhi,Tier 1,2024-01-15 10:00:00,OTT_APP
EVT_002691,U00354,C002,KBC Season 15,GameShow,15.0,60,25.0,Mobile,Free,Delhi,Tier 1,2024-01-03 15:00:00,OTT_APP
EVT_002692,U00408,C003,IPL 2024 Final,Sports,52.5,210,25.0,Mobile,Premium,Chennai,Tier 1,2024-03-09 12:00:00,OTT_APP
EVT_002693,U00047,C004,Panchayat S3,Series,30.0,30,100.0,Laptop,Annual,Hyderabad,Tier 2,2024-03-30 09:00:00,OTT_APP
EVT_002694,U00295,C002,KBC Season 15,GameShow,60.0,60,100.0,Mobile,Basic,Bangalore,Tier 1,2024-03-16 14:00:00,OTT_APP
EVT_002695,U00030,C005,Mirzapur S3,Thriller,41.2,55,75.0,Smart TV,Annual,Mumbai,Tier 1,2024-03-11 06:00:00,OTT_APP
EVT_002696,U00032,C004,Panchayat S3,Series,15.0,30,50.0,Mobile,Premium,Delhi,Tier 1,2024-03-31 06:00:00,OTT_APP
EVT_002697,U00279,C002,KBC Season 15,GameShow,45.0,60,75.0,Laptop,Basic,Hyderabad,Tier 2,2024-02-13 12:00:00,OTT_APP
EVT_002698,U00139,C001,Anupamaa S1,Series,11.2,45,25.0,Smart TV,Basic,Mumbai,Tier 1,2024-02-11 11:00:00,OTT_APP
EVT_002699,U00474,C005,Mirzapur S3,Thriller,41.2,55,75.0,Laptop,Basic,Chennai,Tier 1,2024-03-11 11:00:00,OTT_APP
EVT_002700,U00204,C005,Mirzapur S3,Thriller,55.0,55,100.0,Laptop,Basic,Mumbai,Tier 1,2024-01-08 20:00:00,OTT_APP
EVT_002701,U00433,C004,Panchayat S3,Series,30.0,30,100.0,Smart TV,Annual,Delhi,Tier 1,2024-01-30 11:00:00,OTT_APP
EVT_002702,U00259,C002,KBC Season 15,GameShow,30.0,60,50.0,Tablet,Free,Bangalore,Tier 1,2024-02-22 08:00:00,OTT_APP
EVT_002703,U00233,C005,Mirzapur S3,Thriller,55.0,55,100.0,Mobile,Basic,Bangalore,Tier 1,2024-01-23 18:00:00,OTT_APP
EVT_002704,U00098,C004,Panchayat S3,Series,22.5,30,75.0,Smart TV,Basic,Mumbai,Tier 1,2024-01-01 08:00:00,OTT_APP
EVT_002705,U00345,C002,KBC Season 15,GameShow,60.0,60,100.0,Smart TV,Premium,Hyderabad,Tier 2,2024-01-20 09:00:00,OTT_APP
EVT_002706,U00245,C002,KBC Season 15,GameShow,30.0,60,50.0,Tablet,Free,Hyderabad,Tier 2,2024-01-09 22:00:00,OTT_APP
EVT_002707,U00049,C004,Panchayat S3,Series,30.0,30,100.0,Mobile,Annual,Bangalore,Tier 1,2024-03-04 18:00:00,OTT_APP
EVT_002708,U00268,C003,IPL 2024 Final,Sports,210.0,210,100.0,Mobile,Premium,Delhi,Tier 1,2024-01-01 23:00:00,OTT_APP
EVT_002709,U00311,C002,KBC Season 15,GameShow,60.0,60,100.0,Laptop,Annual,Hyderabad,Tier 2,2024-01-17 20:00:00,OTT_APP
EVT_002710,U00181,C001,Anupamaa S1,Series,22.5,45,50.0,Laptop,Basic,Hyderabad,Tier 2,2024-03-29 09:00:00,OTT_APP
EVT_002711,U00092,C005,Mirzapur S3,Thriller,41.2,55,75.0,Mobile,Basic,Chennai,Tier 1,2024-03-25 21:00:00,OTT_APP
EVT_002712,U00392,C004,Panchayat S3,Series,15.0,30,50.0,Smart TV,Premium,Bangalore,Tier 1,2024-03-09 18:00:00,OTT_APP
EVT_002713,U00105,C005,Mirzapur S3,Thriller,55.0,55,100.0,Tablet,Basic,Delhi,Tier 1,2024-02-11 20:00:00,OTT_APP
EVT_002714,U00322,C003,IPL 2024 Final,Sports,105.0,210,50.0,Mobile,Annual,Hyderabad,Tier 2,2024-02-04 19:00:00,OTT_APP
EVT_002715,U00228,C003,IPL 2024 Final,Sports,210.0,210,100.0,Tablet,Annual,Hyderabad,Tier 2,2024-03-18 06:00:00,OTT_APP
EVT_002716,U00033,C002,KBC Season 15,GameShow,60.0,60,100.0,Laptop,Annual,Bangalore,Tier 1,2024-02-24 15:00:00,OTT_APP
EVT_002717,U00158,C004,Panchayat S3,Series,7.5,30,25.0,Laptop,Premium,Mumbai,Tier 1,2024-03-11 20:00:00,OTT_APP
EVT_002718,U00208,C005,Mirzapur S3,Thriller,27.5,55,50.0,Tablet,Free,Hyderabad,Tier 2,2024-03-14 15:00:00,OTT_APP
EVT_002719,U00058,C005,Mirzapur S3,Thriller,13.8,55,25.0,Laptop,Annual,Hyderabad,Tier 2,2024-03-05 15:00:00,OTT_APP
EVT_002720,U00106,C002,KBC Season 15,GameShow,30.0,60,50.0,Laptop,Free,Bangalore,Tier 1,2024-03-07 16:00:00,OTT_APP
EVT_002721,U00136,C004,Panchayat S3,Series,15.0,30,50.0,Tablet,Premium,Hyderabad,Tier 2,2024-03-09 06:00:00,OTT_APP
EVT_002722,U00413,C001,Anupamaa S1,Series,45.0,45,100.0,Laptop,Free,Delhi,Tier 1,2024-03-25 22:00:00,OTT_APP
EVT_002723,U00205,C003,IPL 2024 Final,Sports,210.0,210,100.0,Smart TV,Annual,Mumbai,Tier 1,2024-01-05 11:00:00,OTT_APP
EVT_002724,U00010,C001,Anupamaa S1,Series,22.5,45,50.0,Smart TV,Premium,Chennai,Tier 1,2024-03-11 07:00:00,OTT_APP
EVT_002725,U00395,C005,Mirzapur S3,Thriller,55.0,55,100.0,Smart TV,Free,Chennai,Tier 1,2024-03-07 09:00:00,OTT_APP
EVT_002726,U00448,C005,Mirzapur S3,Thriller,55.0,55,100.0,Mobile,Premium,Hyderabad,Tier 2,2024-03-12 12:00:00,OTT_APP
EVT_002727,U00317,C004,Panchayat S3,Series,15.0,30,50.0,Laptop,Premium,Hyderabad,Tier 2,2024-03-11 13:00:00,OTT_APP
EVT_002728,U00077,C001,Anupamaa S1,Series,33.8,45,75.0,Laptop,Premium,Bangalore,Tier 1,2024-01-31 06:00:00,OTT_APP
EVT_002729,U00369,C001,Anupamaa S1,Series,11.2,45,25.0,Laptop,Annual,Delhi,Tier 1,2024-01-06 17:00:00,OTT_APP
EVT_002730,U00009,C001,Anupamaa S1,Series,33.8,45,75.0,Tablet,Annual,Hyderabad,Tier 2,2024-02-15 12:00:00,OTT_APP
EVT_002731,U00423,C003,IPL 2024 Final,Sports,52.5,210,25.0,Laptop,Premium,Chennai,Tier 1,2024-03-13 12:00:00,OTT_APP
EVT_002732,U00468,C004,Panchayat S3,Series,15.0,30,50.0,Mobile,Free,Mumbai,Tier 1,2024-03-05 21:00:00,OTT_APP
EVT_002733,U00016,C005,Mirzapur S3,Thriller,110.0,55,50.0,Mobile,Basic,Bangalore,Tier 1,2024-03-23 07:00:00,OTT_APP
EVT_002734,U00139,C004,Panchayat S3,Series,15.0,30,50.0,Tablet,Premium,Mumbai,Tier 1,2024-01-07 13:00:00,OTT_APP
EVT_002735,,C003,IPL 2024 Final,Sports,52.5,210,25.0,Tablet,Premium,Hyderabad,Tier 2,2024-01-06 18:00:00,OTT_APP
EVT_002736,U00155,C004,Panchayat S3,Series,22.5,30,75.0,Mobile,Annual,Bangalore,Tier 1,2024-02-17 11:00:00,OTT_APP
EVT_002737,U00467,C002,KBC Season 15,GameShow,60.0,60,100.0,Tablet,Annual,Delhi,Tier 1,2024-01-15 16:00:00,OTT_APP
EVT_002738,U00481,C004,Panchayat S3,Series,7.5,30,25.0,Smart TV,Free,Bangalore,Tier 1,2024-01-23 11:00:00,OTT_APP
EVT_002739,U00226,C005,Mirzapur S3,Thriller,13.8,55,25.0,Mobile,Premium,Delhi,Tier 1,2024-01-28 15:00:00,OTT_APP
EVT_002740,U00148,C004,Panchayat S3,Series,15.0,30,50.0,Tablet,Premium,Bangalore,Tier 1,2024-02-08 23:00:00,OTT_APP
EVT_002741,U00050,C005,Mirzapur S3,Thriller,27.5,55,50.0,Smart TV,Basic,Bangalore,Tier 1,2024-02-11 11:00:00,OTT_APP
EVT_002742,U00171,C003,IPL 2024 Final,Sports,52.5,210,25.0,Tablet,Basic,Mumbai,Tier 1,2024-01-18 15:00:00,OTT_APP
EVT_002743,U00380,C001,Anupamaa S1,Series,11.2,45,25.0,Smart TV,Annual,Hyderabad,Tier 2,2024-01-08 06:00:00,OTT_APP
EVT_002744,U00122,C002,KBC Season 15,GameShow,45.0,60,75.0,Smart TV,Annual,Mumbai,Tier 1,2024-01-09 21:00:00,OTT_APP
EVT_002745,U00375,C004,Panchayat S3,Series,7.5,30,25.0,Smart TV,Premium,Chennai,Tier 1,2024-03-09 23:00:00,OTT_APP
EVT_002746,U00088,C005,Mirzapur S3,Thriller,27.5,55,50.0,Smart TV,Premium,Chennai,Tier 1,2024-03-11 16:00:00,OTT_APP
EVT_002747,U00052,C002,KBC Season 15,GameShow,45.0,60,75.0,Laptop,Free,Chennai,Tier 1,2024-01-18 16:00:00,OTT_APP
EVT_002748,U00230,C005,Mirzapur S3,Thriller,27.5,55,50.0,Mobile,Free,Chennai,Tier 1,2024-03-19 08:00:00,OTT_APP
EVT_002749,U00186,C003,IPL 2024 Final,Sports,210.0,210,100.0,Tablet,Free,Hyderabad,Tier 2,2024-03-22 07:00:00,OTT_APP
EVT_002750,U00118,C003,IPL 2024 Final,Sports,105.0,210,50.0,Tablet,Basic,Chennai,Tier 1,2024-02-04 21:00:00,OTT_APP
EVT_002751,U00375,C003,IPL 2024 Final,Sports,210.0,210,100.0,Tablet,Free,Chennai,Tier 1,2024-02-26 22:00:00,OTT_APP
EVT_002752,U00103,C004,Panchayat S3,Series,7.5,30,25.0,Tablet,Premium,Hyderabad,Tier 2,2024-02-08 20:00:00,OTT_APP
EVT_002753,U00262,C005,Mirzapur S3,Thriller,27.5,55,50.0,Mobile,Basic,Chennai,Tier 1,2024-01-30 21:00:00,OTT_APP
EVT_002754,U00448,C002,KBC Season 15,GameShow,15.0,60,25.0,Mobile,Basic,Delhi,Tier 1,2024-02-23 08:00:00,OTT_APP
EVT_002755,U00219,C002,KBC Season 15,GameShow,60.0,60,100.0,Mobile,Annual,Hyderabad,Tier 2,2024-03-17 11:00:00,OTT_APP
EVT_002756,U00181,C005,Mirzapur S3,Thriller,41.2,55,75.0,Smart TV,Annual,Delhi,Tier 1,2024-03-12 08:00:00,OTT_APP
EVT_002757,U00223,C005,Mirzapur S3,Thriller,27.5,55,50.0,Smart TV,Premium,Mumbai,Tier 1,2024-02-06 23:00:00,OTT_APP
EVT_002758,U00210,C001,Anupamaa S1,Series,22.5,45,50.0,Tablet,Basic,Mumbai,Tier 1,2024-02-26 15:00:00,OTT_APP
EVT_002759,U00052,C003,IPL 2024 Final,Sports,157.5,210,75.0,Mobile,Premium,Bangalore,Tier 1,2024-03-06 07:00:00,OTT_APP
EVT_002760,U00446,C004,Panchayat S3,Series,22.5,30,75.0,Laptop,Annual,Delhi,Tier 1,2024-02-07 14:00:00,OTT_APP
EVT_002761,U00304,C001,Anupamaa S1,Series,33.8,45,75.0,Laptop,Free,Bangalore,Tier 1,2024-02-18 11:00:00,OTT_APP
EVT_002762,U00455,C003,IPL 2024 Final,Sports,105.0,210,50.0,Laptop,Annual,Bangalore,Tier 1,2024-01-18 14:00:00,OTT_APP
EVT_002763,U00354,C003,IPL 2024 Final,Sports,210.0,210,100.0,Mobile,Free,Chennai,Tier 1,2024-01-07 06:00:00,OTT_APP
EVT_002764,U00117,C001,Anupamaa S1,Series,33.8,45,75.0,Mobile,Basic,Hyderabad,Tier 2,2024-02-13 21:00:00,OTT_APP
EVT_002765,U00340,C003,IPL 2024 Final,Sports,52.5,210,25.0,Tablet,Premium,Mumbai,Tier 1,2024-03-10 19:00:00,OTT_APP
EVT_002766,U00398,C002,KBC Season 15,GameShow,45.0,60,75.0,Tablet,Annual,Bangalore,Tier 1,2024-02-05 22:00:00,OTT_APP
EVT_002767,U00422,C005,Mirzapur S3,Thriller,27.5,55,50.0,Laptop,Premium,Delhi,Tier 1,2024-03-12 17:00:00,OTT_APP
EVT_002768,U00380,C005,Mirzapur S3,Thriller,27.5,55,50.0,Mobile,Free,Hyderabad,Tier 2,2024-01-17 22:00:00,OTT_APP
EVT_002769,U00375,C002,KBC Season 15,GameShow,15.0,60,25.0,Mobile,Basic,Bangalore,Tier 1,2024-03-15 20:00:00,OTT_APP
EVT_002770,U00461,C003,IPL 2024 Final,Sports,157.5,210,75.0,Mobile,Annual,Delhi,Tier 1,2024-03-22 20:00:00,OTT_APP
EVT_002771,U00469,C001,Anupamaa S1,Series,45.0,45,100.0,Tablet,Premium,Hyderabad,Tier 2,2024-03-08 15:00:00,OTT_APP
EVT_002772,U00390,C001,Anupamaa S1,Series,45.0,45,100.0,Smart TV,Annual,Delhi,Tier 1,2024-02-24 21:00:00,OTT_APP
EVT_002773,U00108,C005,Mirzapur S3,Thriller,13.8,55,25.0,Tablet,Annual,Delhi,Tier 1,2024-01-28 06:00:00,OTT_APP
EVT_002774,U00313,C005,Mirzapur S3,Thriller,13.8,55,25.0,Laptop,Free,Mumbai,Tier 1,2024-03-14 13:00:00,OTT_APP
EVT_002775,U00455,C003,IPL 2024 Final,Sports,210.0,210,100.0,Mobile,Basic,Chennai,Tier 1,2024-03-14 06:00:00,OTT_APP
EVT_002776,U00162,C001,Anupamaa S1,Series,22.5,45,50.0,Smart TV,Annual,Hyderabad,Tier 2,2024-01-07 17:00:00,OTT_APP
EVT_002777,U00322,C004,Panchayat S3,Series,22.5,30,75.0,Tablet,Free,Delhi,Tier 1,2024-02-17 08:00:00,OTT_APP
EVT_002778,U00100,C004,Panchayat S3,Series,30.0,30,100.0,Smart TV,Annual,Mumbai,Tier 1,2024-03-26 16:00:00,OTT_APP
EVT_002779,U00404,C001,Anupamaa S1,Series,33.8,45,75.0,Mobile,Free,Mumbai,Tier 1,2024-01-16 13:00:00,OTT_APP
EVT_002780,U00158,C002,KBC Season 15,GameShow,60.0,60,100.0,Smart TV,Premium,Hyderabad,Tier 2,2024-01-17 21:00:00,OTT_APP
EVT_002781,U00354,C003,IPL 2024 Final,Sports,52.5,210,25.0,Tablet,Free,Bangalore,Tier 1,2024-01-06 07:00:00,OTT_APP
EVT_002782,U00032,C005,Mirzapur S3,Thriller,41.2,55,75.0,Smart TV,Premium,Mumbai,Tier 1,2024-02-06 16:00:00,OTT_APP
EVT_002783,U00464,C002,KBC Season 15,GameShow,45.0,60,75.0,Tablet,Annual,Delhi,Tier 1,2024-02-21 08:00:00,OTT_APP
EVT_002784,U00041,C002,KBC Season 15,GameShow,30.0,60,50.0,Smart TV,Premium,Bangalore,Tier 1,2024-01-18 20:00:00,OTT_APP
EVT_002785,U00108,C005,Mirzapur S3,Thriller,41.2,55,75.0,Tablet,Basic,Bangalore,Tier 1,2024-03-13 13:00:00,OTT_APP
EVT_002786,U00279,C005,Mirzapur S3,Thriller,13.8,55,25.0,Tablet,Annual,Mumbai,Tier 1,2024-03-21 16:00:00,OTT_APP
EVT_002787,U00045,C001,Anupamaa S1,Series,22.5,45,50.0,Tablet,Annual,Chennai,Tier 1,2024-02-27 13:00:00,OTT_APP
EVT_002788,U00183,C004,Panchayat S3,Series,15.0,30,50.0,Tablet,Free,Bangalore,Tier 1,2024-03-13 11:00:00,OTT_APP
EVT_002789,U00338,C001,Anupamaa S1,Series,22.5,45,50.0,Smart TV,Basic,Delhi,Tier 1,2024-02-20 07:00:00,OTT_APP
EVT_002790,U00279,C004,Panchayat S3,Series,15.0,30,50.0,Laptop,Annual,Bangalore,Tier 1,2024-01-04 11:00:00,OTT_APP
EVT_002791,U00267,C004,Panchayat S3,Series,7.5,30,25.0,Mobile,Annual,Delhi,Tier 1,2024-02-07 11:00:00,OTT_APP
EVT_002792,U00458,C003,IPL 2024 Final,Sports,105.0,210,50.0,Mobile,Annual,Bangalore,Tier 1,2024-01-10 07:00:00,OTT_APP
EVT_002793,U00447,C003,IPL 2024 Final,Sports,157.5,210,75.0,Tablet,Annual,Delhi,Tier 1,2024-02-12 23:00:00,OTT_APP
EVT_002794,U00097,C003,IPL 2024 Final,Sports,52.5,210,25.0,Mobile,Basic,Chennai,Tier 1,2024-01-16 07:00:00,OTT_APP
EVT_002795,U00250,C004,Panchayat S3,Series,30.0,30,100.0,Laptop,Basic,Mumbai,Tier 1,2024-02-03 10:00:00,OTT_APP
EVT_002796,U00325,C004,Panchayat S3,Series,7.5,30,25.0,Tablet,Premium,Hyderabad,Tier 2,2024-01-14 14:00:00,OTT_APP
EVT_002797,U00407,C004,Panchayat S3,Series,7.5,30,25.0,Smart TV,Free,Hyderabad,Tier 2,2024-01-30 16:00:00,OTT_APP
EVT_002798,U00206,C005,Mirzapur S3,Thriller,27.5,55,50.0,Tablet,Free,Mumbai,Tier 1,2024-02-23 21:00:00,OTT_APP
EVT_002799,,C005,Mirzapur S3,Thriller,110.0,55,25.0,Laptop,Premium,Hyderabad,Tier 2,2024-03-09 14:00:00,OTT_APP
EVT_002800,,C003,IPL 2024 Final,Sports,210.0,210,100.0,Tablet,Annual,Chennai,Tier 1,2024-01-15 13:00:00,OTT_APP
EVT_002801,U00455,C002,KBC Season 15,GameShow,60.0,60,100.0,Smart TV,Free,Mumbai,Tier 1,2024-02-28 14:00:00,OTT_APP
EVT_002802,U00388,C004,Panchayat S3,Series,30.0,30,100.0,Laptop,Premium,Hyderabad,Tier 2,2024-01-16 09:00:00,OTT_APP
EVT_002803,U00390,C001,Anupamaa S1,Series,22.5,45,50.0,Mobile,Annual,Delhi,Tier 1,2024-03-16 22:00:00,OTT_APP
EVT_002804,U00493,C002,KBC Season 15,GameShow,45.0,60,75.0,Smart TV,Basic,Bangalore,Tier 1,2024-03-24 17:00:00,OTT_APP
EVT_002805,U00425,C002,KBC Season 15,GameShow,30.0,60,50.0,Tablet,Free,Bangalore,Tier 1,2024-02-27 06:00:00,OTT_APP
EVT_002806,U00483,C002,KBC Season 15,GameShow,45.0,60,75.0,Tablet,Basic,Hyderabad,Tier 2,2024-01-02 09:00:00,OTT_APP
EVT_002807,U00280,C005,Mirzapur S3,Thriller,55.0,55,100.0,Smart TV,Annual,Bangalore,Tier 1,2024-01-03 11:00:00,OTT_APP
EVT_002808,U00035,C002,KBC Season 15,GameShow,30.0,60,50.0,Smart TV,Basic,Delhi,Tier 1,2024-01-06 14:00:00,OTT_APP
EVT_002809,U00069,C001,Anupamaa S1,Series,33.8,45,75.0,Mobile,Premium,Chennai,Tier 1,2024-02-27 20:00:00,OTT_APP
EVT_002810,U00354,C003,IPL 2024 Final,Sports,52.5,210,25.0,Tablet,Free,Mumbai,Tier 1,2024-03-31 21:00:00,OTT_APP
EVT_002811,U00431,C005,Mirzapur S3,Thriller,27.5,55,50.0,Mobile,Free,Chennai,Tier 1,2024-02-17 13:00:00,OTT_APP
EVT_002812,U00489,C005,Mirzapur S3,Thriller,27.5,55,50.0,Smart TV,Basic,Hyderabad,Tier 2,2024-02-09 09:00:00,OTT_APP
EVT_002813,,C003,IPL 2024 Final,Sports,157.5,210,75.0,Smart TV,Annual,Bangalore,Tier 1,2024-01-04 23:00:00,OTT_APP
EVT_002814,U00094,C003,IPL 2024 Final,Sports,210.0,210,100.0,Smart TV,Premium,Hyderabad,Tier 2,2024-02-22 12:00:00,OTT_APP
EVT_002815,U00149,C001,Anupamaa S1,Series,45.0,45,100.0,Mobile,Premium,Chennai,Tier 1,2024-01-19 11:00:00,OTT_APP
EVT_002816,U00425,C002,KBC Season 15,GameShow,15.0,60,25.0,Mobile,Free,Mumbai,Tier 1,2024-01-14 23:00:00,OTT_APP
EVT_002817,U00353,C002,KBC Season 15,GameShow,30.0,60,50.0,Laptop,Basic,Hyderabad,Tier 2,2024-02-25 09:00:00,OTT_APP
EVT_002818,,C001,Anupamaa S1,Series,22.5,45,50.0,Smart TV,Free,Delhi,Tier 1,2024-03-10 18:00:00,OTT_APP
EVT_002819,U00400,C002,KBC Season 15,GameShow,60.0,60,100.0,Smart TV,Annual,Mumbai,Tier 1,2024-03-17 16:00:00,OTT_APP
EVT_002820,U00101,C004,Panchayat S3,Series,22.5,30,75.0,Laptop,Free,Mumbai,Tier 1,2024-03-14 17:00:00,OTT_APP
EVT_002821,U00016,C001,Anupamaa S1,Series,22.5,45,50.0,Mobile,Free,Bangalore,Tier 1,2024-03-18 16:00:00,OTT_APP
EVT_002822,U00014,C004,Panchayat S3,Series,15.0,30,50.0,Laptop,Basic,Chennai,Tier 1,2024-03-13 06:00:00,OTT_APP
EVT_002823,U00088,C005,Mirzapur S3,Thriller,27.5,55,50.0,Smart TV,Free,Delhi,Tier 1,2024-01-05 20:00:00,OTT_APP
EVT_002824,U00381,C001,Anupamaa S1,Series,22.5,45,50.0,Laptop,Free,Bangalore,Tier 1,2024-03-13 07:00:00,OTT_APP
EVT_002825,U00412,C004,Panchayat S3,Series,15.0,30,50.0,Tablet,Premium,Delhi,Tier 1,2024-01-16 06:00:00,OTT_APP
EVT_002826,U00292,C003,IPL 2024 Final,Sports,157.5,210,75.0,Smart TV,Free,Mumbai,Tier 1,2024-03-04 09:00:00,OTT_APP
EVT_002827,U00126,C004,Panchayat S3,Series,30.0,30,100.0,Laptop,Free,Bangalore,Tier 1,2024-02-02 15:00:00,OTT_APP
EVT_002828,U00095,C002,KBC Season 15,GameShow,60.0,60,100.0,Tablet,Basic,Chennai,Tier 1,2024-02-07 10:00:00,OTT_APP
EVT_002829,U00093,C001,Anupamaa S1,Series,33.8,45,75.0,Smart TV,Premium,Mumbai,Tier 1,2024-01-19 16:00:00,OTT_APP
EVT_002830,U00157,C001,Anupamaa S1,Series,11.2,45,25.0,Laptop,Annual,Mumbai,Tier 1,2024-03-15 14:00:00,OTT_APP
EVT_002831,U00216,C002,KBC Season 15,GameShow,30.0,60,50.0,Tablet,Premium,Mumbai,Tier 1,2024-01-27 11:00:00,OTT_APP
EVT_002832,U00041,C001,Anupamaa S1,Series,22.5,45,50.0,Laptop,Premium,Delhi,Tier 1,2024-03-01 19:00:00,OTT_APP
EVT_002833,U00424,C005,Mirzapur S3,Thriller,13.8,55,25.0,Tablet,Premium,Delhi,Tier 1,2024-02-04 17:00:00,OTT_APP
EVT_002834,U00295,C001,Anupamaa S1,Series,22.5,45,50.0,Mobile,Premium,Delhi,Tier 1,2024-01-14 09:00:00,OTT_APP
EVT_002835,U00277,C005,Mirzapur S3,Thriller,41.2,55,75.0,Laptop,Premium,Mumbai,Tier 1,2024-01-22 19:00:00,OTT_APP
EVT_002836,U00285,C005,Mirzapur S3,Thriller,55.0,55,100.0,Laptop,Annual,Bangalore,Tier 1,2024-02-02 21:00:00,OTT_APP
EVT_002837,U00257,C002,KBC Season 15,GameShow,30.0,60,50.0,Tablet,Premium,Bangalore,Tier 1,2024-01-08 06:00:00,OTT_APP
EVT_002838,U00421,C004,Panchayat S3,Series,15.0,30,50.0,Mobile,Free,Hyderabad,Tier 2,2024-01-30 20:00:00,OTT_APP
EVT_002839,U00044,C005,Mirzapur S3,Thriller,13.8,55,25.0,Laptop,Premium,Chennai,Tier 1,2024-03-20 10:00:00,OTT_APP
EVT_002840,U00202,C001,Anupamaa S1,Series,11.2,45,25.0,Smart TV,Basic,Hyderabad,Tier 2,2024-03-08 12:00:00,OTT_APP
EVT_002841,U00262,C003,IPL 2024 Final,Sports,210.0,210,100.0,Laptop,Premium,Chennai,Tier 1,2024-03-10 14:00:00,OTT_APP
EVT_002842,U00061,C004,Panchayat S3,Series,30.0,30,100.0,Smart TV,Annual,Mumbai,Tier 1,2024-03-05 11:00:00,OTT_APP
EVT_002843,U00087,C003,IPL 2024 Final,Sports,105.0,210,50.0,Mobile,Basic,Delhi,Tier 1,2024-01-19 06:00:00,OTT_APP
EVT_002844,U00444,C002,KBC Season 15,GameShow,45.0,60,75.0,Mobile,Premium,Bangalore,Tier 1,2024-03-28 10:00:00,OTT_APP
EVT_002845,U00032,C003,IPL 2024 Final,Sports,52.5,210,25.0,Mobile,Free,Delhi,Tier 1,2024-01-28 06:00:00,OTT_APP
EVT_002846,U00233,C005,Mirzapur S3,Thriller,41.2,55,75.0,Smart TV,Free,Delhi,Tier 1,2024-02-07 18:00:00,OTT_APP
EVT_002847,U00063,C005,Mirzapur S3,Thriller,13.8,55,25.0,Tablet,Free,Hyderabad,Tier 2,2024-03-07 08:00:00,OTT_APP
EVT_002848,U00197,C004,Panchayat S3,Series,30.0,30,100.0,Smart TV,Basic,Mumbai,Tier 1,2024-03-15 08:00:00,OTT_APP
EVT_002849,U00484,C002,KBC Season 15,GameShow,45.0,60,75.0,Laptop,Free,Delhi,Tier 1,2024-02-28 23:00:00,OTT_APP
EVT_002850,U00432,C004,Panchayat S3,Series,7.5,30,25.0,Mobile,Annual,Chennai,Tier 1,2024-02-08 23:00:00,OTT_APP
EVT_002851,U00026,C004,Panchayat S3,Series,30.0,30,100.0,Mobile,Premium,Bangalore,Tier 1,2024-02-01 07:00:00,OTT_APP
EVT_002852,U00488,C002,KBC Season 15,GameShow,30.0,60,50.0,Laptop,Free,Mumbai,Tier 1,2024-01-13 13:00:00,OTT_APP
EVT_002853,U00340,C001,Anupamaa S1,Series,33.8,45,75.0,Tablet,Premium,Mumbai,Tier 1,2024-02-10 08:00:00,OTT_APP
EVT_002854,U00499,C003,IPL 2024 Final,Sports,157.5,210,75.0,Mobile,Basic,Hyderabad,Tier 2,2024-02-09 10:00:00,OTT_APP
EVT_002855,U00105,C003,IPL 2024 Final,Sports,210.0,210,100.0,Tablet,Basic,Mumbai,Tier 1,2024-01-09 17:00:00,OTT_APP
EVT_002856,U00193,C003,IPL 2024 Final,Sports,105.0,210,50.0,Tablet,Premium,Mumbai,Tier 1,2024-02-27 16:00:00,OTT_APP
EVT_002857,U00227,C005,Mirzapur S3,Thriller,55.0,55,100.0,Smart TV,Free,Chennai,Tier 1,2024-02-21 19:00:00,OTT_APP
EVT_002858,U00415,C001,Anupamaa S1,Series,11.2,45,25.0,Smart TV,Free,Delhi,Tier 1,2024-02-04 06:00:00,OTT_APP
EVT_002859,U00263,C005,Mirzapur S3,Thriller,13.8,55,25.0,Laptop,Premium,Delhi,Tier 1,2024-03-24 13:00:00,OTT_APP
EVT_002860,U00272,C001,Anupamaa S1,Series,11.2,45,25.0,Tablet,Free,Bangalore,Tier 1,2024-01-19 07:00:00,OTT_APP
EVT_002861,U00117,C004,Panchayat S3,Series,15.0,30,50.0,Tablet,Basic,Chennai,Tier 1,2024-01-18 20:00:00,OTT_APP
EVT_002862,U00009,C004,Panchayat S3,Series,15.0,30,50.0,Mobile,Premium,Delhi,Tier 1,2024-02-14 20:00:00,OTT_APP
EVT_002863,U00283,C001,Anupamaa S1,Series,11.2,45,25.0,Tablet,Free,Mumbai,Tier 1,2024-03-12 10:00:00,OTT_APP
EVT_002864,U00403,C005,Mirzapur S3,Thriller,13.8,55,25.0,Tablet,Premium,Bangalore,Tier 1,2024-01-09 11:00:00,OTT_APP
EVT_002865,U00032,C005,Mirzapur S3,Thriller,13.8,55,25.0,Laptop,Basic,Bangalore,Tier 1,2024-01-15 07:00:00,OTT_APP
EVT_002866,U00028,C002,KBC Season 15,GameShow,15.0,60,25.0,Mobile,Basic,Bangalore,Tier 1,2024-02-22 06:00:00,OTT_APP
EVT_002867,U00016,C005,Mirzapur S3,Thriller,27.5,55,50.0,Mobile,Basic,Delhi,Tier 1,2024-02-28 08:00:00,OTT_APP
EVT_002868,U00036,C002,KBC Season 15,GameShow,60.0,60,100.0,Tablet,Free,Delhi,Tier 1,2024-03-13 19:00:00,OTT_APP
EVT_002869,U00006,C002,KBC Season 15,GameShow,15.0,60,25.0,Laptop,Annual,Chennai,Tier 1,2024-03-09 17:00:00,OTT_APP
EVT_002870,,C004,Panchayat S3,Series,30.0,30,100.0,Mobile,Premium,Delhi,Tier 1,2024-02-03 15:00:00,OTT_APP
EVT_002871,U00437,C002,KBC Season 15,GameShow,60.0,60,100.0,Tablet,Annual,Bangalore,Tier 1,2024-02-23 13:00:00,OTT_APP
EVT_002872,U00004,C001,Anupamaa S1,Series,11.2,45,25.0,Tablet,Annual,Mumbai,Tier 1,2024-02-12 13:00:00,OTT_APP
EVT_002873,U00133,C002,KBC Season 15,GameShow,60.0,60,100.0,Smart TV,Premium,Chennai,Tier 1,2024-03-03 10:00:00,OTT_APP
EVT_002874,U00274,C005,Mirzapur S3,Thriller,55.0,55,100.0,Smart TV,Basic,Mumbai,Tier 1,2024-03-03 19:00:00,OTT_APP
EVT_002875,U00202,C003,IPL 2024 Final,Sports,210.0,210,100.0,Laptop,Free,Delhi,Tier 1,2024-02-28 11:00:00,OTT_APP
EVT_002876,U00479,C005,Mirzapur S3,Thriller,27.5,55,50.0,Tablet,Annual,Bangalore,Tier 1,2024-03-31 18:00:00,OTT_APP
EVT_002877,U00453,C002,KBC Season 15,GameShow,60.0,60,100.0,Laptop,Annual,Chennai,Tier 1,2024-01-10 20:00:00,OTT_APP
EVT_002878,U00243,C005,Mirzapur S3,Thriller,55.0,55,100.0,Laptop,Free,Chennai,Tier 1,2024-03-20 15:00:00,OTT_APP
EVT_002879,U00019,C002,KBC Season 15,GameShow,45.0,60,75.0,Laptop,Free,Delhi,Tier 1,2024-02-16 06:00:00,OTT_APP
EVT_002880,U00499,C005,Mirzapur S3,Thriller,27.5,55,50.0,Smart TV,Basic,Hyderabad,Tier 2,2024-03-02 15:00:00,OTT_APP
EVT_002881,U00028,C002,KBC Season 15,GameShow,30.0,60,50.0,Tablet,Annual,Chennai,Tier 1,2024-01-27 15:00:00,OTT_APP
EVT_002882,U00173,C004,Panchayat S3,Series,22.5,30,75.0,Laptop,Premium,Mumbai,Tier 1,2024-01-20 08:00:00,OTT_APP
EVT_002883,U00132,C005,Mirzapur S3,Thriller,41.2,55,75.0,Smart TV,Free,Chennai,Tier 1,2024-01-21 17:00:00,OTT_APP
EVT_002884,U00393,C004,Panchayat S3,Series,22.5,30,75.0,Mobile,Free,Chennai,Tier 1,2024-02-06 08:00:00,OTT_APP
EVT_002885,U00042,C005,Mirzapur S3,Thriller,27.5,55,50.0,Smart TV,Annual,Delhi,Tier 1,2024-03-10 23:00:00,OTT_APP
EVT_002886,U00116,C002,KBC Season 15,GameShow,15.0,60,25.0,Tablet,Premium,Bangalore,Tier 1,2024-01-30 15:00:00,OTT_APP
EVT_002887,U00271,C005,Mirzapur S3,Thriller,55.0,55,100.0,Tablet,Annual,Hyderabad,Tier 2,2024-01-23 08:00:00,OTT_APP
EVT_002888,U00444,C005,Mirzapur S3,Thriller,13.8,55,25.0,Mobile,Premium,Bangalore,Tier 1,2024-02-21 14:00:00,OTT_APP
EVT_002889,U00083,C001,Anupamaa S1,Series,45.0,45,100.0,Tablet,Premium,Mumbai,Tier 1,2024-01-24 08:00:00,OTT_APP
EVT_002890,U00127,C002,KBC Season 15,GameShow,45.0,60,75.0,Mobile,Free,Chennai,Tier 1,2024-01-11 11:00:00,OTT_APP
EVT_002891,U00003,C004,Panchayat S3,Series,7.5,30,25.0,Smart TV,Annual,Hyderabad,Tier 2,2024-03-08 19:00:00,OTT_APP
EVT_002892,U00030,C002,KBC Season 15,GameShow,15.0,60,25.0,Smart TV,Basic,Hyderabad,Tier 2,2024-02-19 07:00:00,OTT_APP
EVT_002893,U00282,C001,Anupamaa S1,Series,45.0,45,100.0,Mobile,Free,Delhi,Tier 1,2024-01-14 20:00:00,OTT_APP
EVT_002894,U00153,C001,Anupamaa S1,Series,45.0,45,100.0,Laptop,Free,Mumbai,Tier 1,2024-01-02 12:00:00,OTT_APP
EVT_002895,U00391,C002,KBC Season 15,GameShow,15.0,60,25.0,Laptop,Free,Bangalore,Tier 1,2024-01-13 20:00:00,OTT_APP
EVT_002896,U00351,C001,Anupamaa S1,Series,45.0,45,100.0,Mobile,Premium,Bangalore,Tier 1,2024-01-20 17:00:00,OTT_APP
EVT_002897,U00421,C001,Anupamaa S1,Series,33.8,45,75.0,Tablet,Premium,Chennai,Tier 1,2024-03-22 20:00:00,OTT_APP
EVT_002898,U00175,C001,Anupamaa S1,Series,33.8,45,75.0,Smart TV,Premium,Mumbai,Tier 1,2024-01-27 20:00:00,OTT_APP
EVT_002899,U00473,C005,Mirzapur S3,Thriller,13.8,55,25.0,Smart TV,Annual,Mumbai,Tier 1,2024-01-03 21:00:00,OTT_APP
EVT_002900,U00307,C005,Mirzapur S3,Thriller,41.2,55,75.0,Mobile,Basic,Bangalore,Tier 1,2024-01-18 20:00:00,OTT_APP
EVT_002901,U00015,C004,Panchayat S3,Series,7.5,30,25.0,Mobile,Annual,Bangalore,Tier 1,2024-01-14 19:00:00,OTT_APP
EVT_002902,U00129,C002,KBC Season 15,GameShow,15.0,60,25.0,Laptop,Annual,Delhi,Tier 1,2024-03-27 18:00:00,OTT_APP
EVT_002903,U00021,C001,Anupamaa S1,Series,33.8,45,75.0,Laptop,Annual,Bangalore,Tier 1,2024-02-13 13:00:00,OTT_APP
EVT_002904,U00281,C005,Mirzapur S3,Thriller,55.0,55,100.0,Mobile,Premium,Mumbai,Tier 1,2024-01-24 15:00:00,OTT_APP
EVT_002905,U00087,C003,IPL 2024 Final,Sports,105.0,210,50.0,Tablet,Premium,Hyderabad,Tier 2,2024-01-05 06:00:00,OTT_APP
EVT_002906,U00494,C002,KBC Season 15,GameShow,60.0,60,100.0,Smart TV,Basic,Delhi,Tier 1,2024-01-28 18:00:00,OTT_APP
EVT_002907,U00283,C001,Anupamaa S1,Series,22.5,45,50.0,Tablet,Annual,Mumbai,Tier 1,2024-02-19 18:00:00,OTT_APP
EVT_002908,U00411,C003,IPL 2024 Final,Sports,105.0,210,50.0,Laptop,Premium,Bangalore,Tier 1,2024-01-03 18:00:00,OTT_APP
EVT_002909,U00357,C001,Anupamaa S1,Series,22.5,45,50.0,Smart TV,Free,Mumbai,Tier 1,2024-02-01 17:00:00,OTT_APP
EVT_002910,U00422,C003,IPL 2024 Final,Sports,52.5,210,25.0,Smart TV,Annual,Mumbai,Tier 1,2024-02-22 15:00:00,OTT_APP
EVT_002911,U00187,C001,Anupamaa S1,Series,11.2,45,25.0,Mobile,Premium,Mumbai,Tier 1,2024-01-28 12:00:00,OTT_APP
EVT_002912,U00318,C002,KBC Season 15,GameShow,30.0,60,50.0,Smart TV,Basic,Delhi,Tier 1,2024-03-30 09:00:00,OTT_APP
EVT_002913,U00113,C003,IPL 2024 Final,Sports,157.5,210,75.0,Mobile,Free,Chennai,Tier 1,2024-03-05 08:00:00,OTT_APP
EVT_002914,U00417,C003,IPL 2024 Final,Sports,210.0,210,100.0,Mobile,Premium,Bangalore,Tier 1,2024-03-17 08:00:00,OTT_APP
EVT_002915,U00194,C002,KBC Season 15,GameShow,15.0,60,25.0,Laptop,Premium,Mumbai,Tier 1,2024-02-17 08:00:00,OTT_APP
EVT_002916,U00119,C005,Mirzapur S3,Thriller,55.0,55,100.0,Tablet,Basic,Chennai,Tier 1,2024-02-21 13:00:00,OTT_APP
EVT_002917,U00009,C003,IPL 2024 Final,Sports,157.5,210,75.0,Mobile,Premium,Mumbai,Tier 1,2024-01-01 16:00:00,OTT_APP
EVT_002918,U00420,C004,Panchayat S3,Series,15.0,30,50.0,Laptop,Free,Delhi,Tier 1,2024-03-03 22:00:00,OTT_APP
EVT_002919,U00382,C003,IPL 2024 Final,Sports,105.0,210,50.0,Mobile,Basic,Hyderabad,Tier 2,2024-02-13 16:00:00,OTT_APP
EVT_002920,U00414,C005,Mirzapur S3,Thriller,55.0,55,100.0,Mobile,Basic,Bangalore,Tier 1,2024-03-04 16:00:00,OTT_APP
EVT_002921,U00051,C002,KBC Season 15,GameShow,45.0,60,75.0,Tablet,Premium,Hyderabad,Tier 2,2024-03-04 22:00:00,OTT_APP
EVT_002922,U00083,C003,IPL 2024 Final,Sports,52.5,210,25.0,Smart TV,Annual,Mumbai,Tier 1,2024-03-26 20:00:00,OTT_APP
EVT_002923,U00396,C001,Anupamaa S1,Series,11.2,45,25.0,Tablet,Annual,Chennai,Tier 1,2024-02-25 17:00:00,OTT_APP
EVT_002924,U00227,C004,Panchayat S3,Series,15.0,30,50.0,Mobile,Free,Mumbai,Tier 1,2024-02-15 08:00:00,OTT_APP
EVT_002925,U00186,C004,Panchayat S3,Series,15.0,30,50.0,Laptop,Premium,Hyderabad,Tier 2,2024-02-29 09:00:00,OTT_APP
EVT_002926,U00111,C004,Panchayat S3,Series,22.5,30,75.0,Mobile,Annual,Delhi,Tier 1,2024-03-02 07:00:00,OTT_APP
EVT_002927,U00398,C003,IPL 2024 Final,Sports,105.0,210,50.0,Smart TV,Annual,Delhi,Tier 1,2024-03-08 06:00:00,OTT_APP
EVT_002928,U00362,C003,IPL 2024 Final,Sports,210.0,210,100.0,Laptop,Basic,Chennai,Tier 1,2024-03-05 16:00:00,OTT_APP
EVT_002929,U00133,C004,Panchayat S3,Series,7.5,30,25.0,Laptop,Annual,Hyderabad,Tier 2,2024-01-23 16:00:00,OTT_APP
EVT_002930,U00427,C002,KBC Season 15,GameShow,60.0,60,100.0,Tablet,Free,Delhi,Tier 1,2024-03-12 22:00:00,OTT_APP
EVT_002931,U00229,C004,Panchayat S3,Series,15.0,30,50.0,Laptop,Basic,Chennai,Tier 1,2024-01-18 06:00:00,OTT_APP
EVT_002932,U00483,C002,KBC Season 15,GameShow,30.0,60,50.0,Tablet,Basic,Mumbai,Tier 1,2024-03-31 12:00:00,OTT_APP
EVT_002933,U00355,C005,Mirzapur S3,Thriller,55.0,55,100.0,Smart TV,Premium,Bangalore,Tier 1,2024-03-01 19:00:00,OTT_APP
EVT_002934,U00428,C005,Mirzapur S3,Thriller,13.8,55,25.0,Laptop,Free,Hyderabad,Tier 2,2024-02-25 22:00:00,OTT_APP
EVT_002935,U00471,C004,Panchayat S3,Series,30.0,30,100.0,Laptop,Basic,Mumbai,Tier 1,2024-02-03 22:00:00,OTT_APP
EVT_002936,U00133,C002,KBC Season 15,GameShow,15.0,60,25.0,Mobile,Premium,Chennai,Tier 1,2024-02-17 13:00:00,OTT_APP
EVT_002937,U00103,C001,Anupamaa S1,Series,33.8,45,75.0,Laptop,Free,Hyderabad,Tier 2,2024-01-19 21:00:00,OTT_APP
EVT_002938,U00398,C003,IPL 2024 Final,Sports,157.5,210,75.0,Mobile,Premium,Bangalore,Tier 1,2024-02-24 14:00:00,OTT_APP
EVT_002939,U00030,C002,KBC Season 15,GameShow,45.0,60,75.0,Laptop,Annual,Chennai,Tier 1,2024-02-22 20:00:00,OTT_APP
EVT_002940,U00224,C004,Panchayat S3,Series,22.5,30,75.0,Mobile,Free,Chennai,Tier 1,2024-02-02 11:00:00,OTT_APP
EVT_002941,U00433,C002,KBC Season 15,GameShow,60.0,60,100.0,Smart TV,Annual,Hyderabad,Tier 2,2024-02-03 10:00:00,OTT_APP
EVT_002942,U00093,C002,KBC Season 15,GameShow,60.0,60,100.0,Mobile,Basic,Delhi,Tier 1,2024-02-28 12:00:00,OTT_APP
EVT_002943,U00055,C002,KBC Season 15,GameShow,60.0,60,100.0,Mobile,Annual,Delhi,Tier 1,2024-03-02 09:00:00,OTT_APP
EVT_002944,U00496,C003,IPL 2024 Final,Sports,157.5,210,75.0,Laptop,Free,Bangalore,Tier 1,2024-02-24 09:00:00,OTT_APP
EVT_002945,U00191,C004,Panchayat S3,Series,7.5,30,25.0,Mobile,Premium,Chennai,Tier 1,2024-01-21 23:00:00,OTT_APP
EVT_002946,U00120,C003,IPL 2024 Final,Sports,210.0,210,100.0,Mobile,Premium,Bangalore,Tier 1,2024-03-14 23:00:00,OTT_APP
EVT_002947,U00107,C002,KBC Season 15,GameShow,60.0,60,100.0,Smart TV,Basic,Bangalore,Tier 1,2024-03-15 06:00:00,OTT_APP
EVT_002948,U00008,C001,Anupamaa S1,Series,45.0,45,100.0,Mobile,Premium,Bangalore,Tier 1,2024-03-13 23:00:00,OTT_APP
EVT_002949,U00032,C002,KBC Season 15,GameShow,45.0,60,75.0,Laptop,Free,Chennai,Tier 1,2024-03-04 08:00:00,OTT_APP
EVT_002950,U00205,C001,Anupamaa S1,Series,90.0,45,50.0,Smart TV,Annual,Mumbai,Tier 1,2024-01-28 08:00:00,OTT_APP
EVT_002951,U00299,C001,Anupamaa S1,Series,45.0,45,100.0,Smart TV,Basic,Mumbai,Tier 1,2024-01-05 15:00:00,OTT_APP
EVT_002952,U00470,C002,KBC Season 15,GameShow,30.0,60,50.0,Tablet,Annual,Bangalore,Tier 1,2024-01-24 14:00:00,OTT_APP
EVT_002953,U00289,C005,Mirzapur S3,Thriller,27.5,55,50.0,Tablet,Annual,Mumbai,Tier 1,2024-02-26 11:00:00,OTT_APP
EVT_002954,U00114,C004,Panchayat S3,Series,30.0,30,100.0,Mobile,Annual,Hyderabad,Tier 2,2024-01-01 23:00:00,OTT_APP
EVT_002955,U00167,C003,IPL 2024 Final,Sports,105.0,210,50.0,Mobile,Basic,Delhi,Tier 1,2024-02-14 23:00:00,OTT_APP
EVT_002956,U00389,C005,Mirzapur S3,Thriller,27.5,55,50.0,Laptop,Basic,Bangalore,Tier 1,2024-03-30 11:00:00,OTT_APP
EVT_002957,U00421,C005,Mirzapur S3,Thriller,55.0,55,100.0,Laptop,Basic,Delhi,Tier 1,2024-03-14 09:00:00,OTT_APP
EVT_002958,U00031,C003,IPL 2024 Final,Sports,157.5,210,75.0,Smart TV,Annual,Chennai,Tier 1,2024-03-13 19:00:00,OTT_APP
EVT_002959,U00442,C004,Panchayat S3,Series,15.0,30,50.0,Smart TV,Premium,Chennai,Tier 1,2024-01-22 20:00:00,OTT_APP
EVT_002960,U00320,C003,IPL 2024 Final,Sports,210.0,210,100.0,Tablet,Free,Hyderabad,Tier 2,2024-03-03 14:00:00,OTT_APP
EVT_002961,U00155,C004,Panchayat S3,Series,22.5,30,75.0,Mobile,Annual,Hyderabad,Tier 2,2024-03-10 19:00:00,OTT_APP
EVT_002962,U00023,C004,Panchayat S3,Series,30.0,30,100.0,Mobile,Free,Bangalore,Tier 1,2024-01-03 11:00:00,OTT_APP
EVT_002963,U00085,C005,Mirzapur S3,Thriller,55.0,55,100.0,Smart TV,Free,Delhi,Tier 1,2024-03-17 07:00:00,OTT_APP
EVT_002964,U00144,C003,IPL 2024 Final,Sports,210.0,210,100.0,Tablet,Free,Chennai,Tier 1,2024-01-31 07:00:00,OTT_APP
EVT_002965,U00127,C005,Mirzapur S3,Thriller,27.5,55,50.0,Smart TV,Basic,Delhi,Tier 1,2024-02-14 12:00:00,OTT_APP
EVT_002966,U00021,C001,Anupamaa S1,Series,45.0,45,100.0,Smart TV,Premium,Delhi,Tier 1,2024-02-15 08:00:00,OTT_APP
EVT_002967,U00173,C003,IPL 2024 Final,Sports,105.0,210,50.0,Tablet,Premium,Mumbai,Tier 1,2024-01-15 13:00:00,OTT_APP
EVT_002968,U00417,C001,Anupamaa S1,Series,22.5,45,50.0,Tablet,Basic,Bangalore,Tier 1,2024-03-15 22:00:00,OTT_APP
EVT_002969,U00151,C005,Mirzapur S3,Thriller,13.8,55,25.0,Smart TV,Annual,Delhi,Tier 1,2024-01-25 11:00:00,OTT_APP
EVT_002970,U00014,C002,KBC Season 15,GameShow,45.0,60,75.0,Tablet,Basic,Delhi,Tier 1,2024-01-01 23:00:00,OTT_APP
EVT_002971,U00083,C001,Anupamaa S1,Series,11.2,45,25.0,Mobile,Annual,Chennai,Tier 1,2024-02-04 08:00:00,OTT_APP
EVT_002972,U00488,C003,IPL 2024 Final,Sports,210.0,210,100.0,Mobile,Free,Bangalore,Tier 1,2024-02-10 10:00:00,OTT_APP
EVT_002973,U00039,C002,KBC Season 15,GameShow,30.0,60,50.0,Laptop,Annual,Bangalore,Tier 1,2024-02-21 12:00:00,OTT_APP
EVT_002974,U00465,C003,IPL 2024 Final,Sports,157.5,210,75.0,Mobile,Annual,Chennai,Tier 1,2024-01-21 08:00:00,OTT_APP
EVT_002975,U00290,C002,KBC Season 15,GameShow,45.0,60,75.0,Smart TV,Annual,Chennai,Tier 1,2024-03-23 08:00:00,OTT_APP
EVT_002976,U00093,C003,IPL 2024 Final,Sports,157.5,210,75.0,Laptop,Annual,Mumbai,Tier 1,2024-03-16 10:00:00,OTT_APP
EVT_002977,U00119,C001,Anupamaa S1,Series,33.8,45,75.0,Laptop,Basic,Mumbai,Tier 1,2024-03-02 17:00:00,OTT_APP
EVT_002978,U00078,C004,Panchayat S3,Series,30.0,30,100.0,Laptop,Premium,Chennai,Tier 1,2024-03-01 16:00:00,OTT_APP
EVT_002979,U00456,C004,Panchayat S3,Series,7.5,30,25.0,Laptop,Free,Delhi,Tier 1,2024-03-30 06:00:00,OTT_APP
EVT_002980,U00293,C004,Panchayat S3,Series,30.0,30,100.0,Smart TV,Premium,Delhi,Tier 1,2024-01-04 06:00:00,OTT_APP
EVT_002981,U00086,C003,IPL 2024 Final,Sports,210.0,210,100.0,Mobile,Free,Chennai,Tier 1,2024-01-08 12:00:00,OTT_APP
EVT_002982,U00163,C003,IPL 2024 Final,Sports,157.5,210,75.0,Mobile,Premium,Chennai,Tier 1,2024-02-15 06:00:00,OTT_APP
EVT_002983,U00154,C002,KBC Season 15,GameShow,45.0,60,75.0,Smart TV,Free,Delhi,Tier 1,2024-01-13 09:00:00,OTT_APP
EVT_002984,U00327,C005,Mirzapur S3,Thriller,55.0,55,100.0,Smart TV,Premium,Bangalore,Tier 1,2024-03-16 20:00:00,OTT_APP
EVT_002985,U00441,C004,Panchayat S3,Series,22.5,30,75.0,Smart TV,Basic,Delhi,Tier 1,2024-02-17 14:00:00,OTT_APP
EVT_002986,U00322,C001,Anupamaa S1,Series,33.8,45,75.0,Tablet,Free,Delhi,Tier 1,2024-03-31 14:00:00,OTT_APP
EVT_002987,U00248,C005,Mirzapur S3,Thriller,13.8,55,25.0,Laptop,Free,Mumbai,Tier 1,2024-02-08 23:00:00,OTT_APP
EVT_002988,U00493,C004,Panchayat S3,Series,15.0,30,50.0,Smart TV,Basic,Bangalore,Tier 1,2024-03-14 12:00:00,OTT_APP
EVT_002989,U00049,C002,KBC Season 15,GameShow,45.0,60,75.0,Tablet,Free,Hyderabad,Tier 2,2024-02-25 17:00:00,OTT_APP
EVT_002990,U00492,C002,KBC Season 15,GameShow,30.0,60,50.0,Laptop,Premium,Hyderabad,Tier 2,2024-03-26 15:00:00,OTT_APP
EVT_002991,U00403,C001,Anupamaa S1,Series,45.0,45,100.0,Tablet,Basic,Chennai,Tier 1,2024-03-22 22:00:00,OTT_APP
EVT_002992,U00364,C005,Mirzapur S3,Thriller,13.8,55,25.0,Laptop,Basic,Chennai,Tier 1,2024-03-30 19:00:00,OTT_APP
EVT_002993,U00204,C004,Panchayat S3,Series,30.0,30,100.0,Laptop,Basic,Mumbai,Tier 1,2024-03-06 14:00:00,OTT_APP
EVT_002994,U00442,C005,Mirzapur S3,Thriller,55.0,55,100.0,Tablet,Premium,Chennai,Tier 1,2024-02-09 12:00:00,OTT_APP
EVT_002995,U00082,C001,Anupamaa S1,Series,45.0,45,100.0,Smart TV,Basic,Bangalore,Tier 1,2024-01-22 23:00:00,OTT_APP
EVT_002996,U00181,C003,IPL 2024 Final,Sports,52.5,210,25.0,Laptop,Basic,Mumbai,Tier 1,2024-03-09 11:00:00,OTT_APP
EVT_002997,U00302,C003,IPL 2024 Final,Sports,105.0,210,50.0,Tablet,Basic,Hyderabad,Tier 2,2024-02-22 12:00:00,OTT_APP
EVT_002998,U00473,C001,Anupamaa S1,Series,11.2,45,25.0,Tablet,Free,Delhi,Tier 1,2024-01-21 13:00:00,OTT_APP
EVT_002999,U00404,C003,IPL 2024 Final,Sports,157.5,210,75.0,Mobile,Annual,Delhi,Tier 1,2024-03-17 06:00:00,OTT_APP
EVT_003000,U00210,C004,Panchayat S3,Series,7.5,30,25.0,Laptop,Free,Bangalore,Tier 1,2024-01-06 10:00:00,OTT_APP
EVT_003001,U00221,C003,IPL 2024 Final,Sports,210.0,210,100.0,Smart TV,Basic,Chennai,Tier 1,2024-01-07 17:00:00,OTT_APP
EVT_003002,U00010,C001,Anupamaa S1,Series,22.5,45,50.0,Smart TV,Free,Chennai,Tier 1,2024-03-23 07:00:00,OTT_APP
EVT_003003,U00126,C001,Anupamaa S1,Series,33.8,45,75.0,Tablet,Basic,Mumbai,Tier 1,2024-03-14 13:00:00,OTT_APP
EVT_003004,U00429,C005,Mirzapur S3,Thriller,41.2,55,75.0,Laptop,Free,Delhi,Tier 1,2024-01-21 15:00:00,OTT_APP
EVT_003005,U00356,C001,Anupamaa S1,Series,45.0,45,100.0,Mobile,Annual,Delhi,Tier 1,2024-02-18 06:00:00,OTT_APP
EVT_003006,U00338,C001,Anupamaa S1,Series,45.0,45,100.0,Mobile,Premium,Delhi,Tier 1,2024-02-29 21:00:00,OTT_APP
EVT_003007,U00426,C004,Panchayat S3,Series,15.0,30,50.0,Mobile,Annual,Mumbai,Tier 1,2024-03-28 19:00:00,OTT_APP
EVT_003008,U00363,C004,Panchayat S3,Series,30.0,30,100.0,Tablet,Free,Bangalore,Tier 1,2024-02-06 12:00:00,OTT_APP
EVT_003009,U00103,C001,Anupamaa S1,Series,33.8,45,75.0,Tablet,Annual,Delhi,Tier 1,2024-02-29 11:00:00,OTT_APP
EVT_003010,U00439,C001,Anupamaa S1,Series,22.5,45,50.0,Smart TV,Free,Bangalore,Tier 1,2024-03-25 10:00:00,OTT_APP
EVT_003011,U00007,C002,KBC Season 15,GameShow,60.0,60,100.0,Tablet,Premium,Delhi,Tier 1,2024-02-22 09:00:00,OTT_APP
EVT_003012,U00367,C001,Anupamaa S1,Series,45.0,45,100.0,Mobile,Annual,Chennai,Tier 1,2024-01-18 12:00:00,OTT_APP
EVT_003013,,C003,IPL 2024 Final,Sports,105.0,210,50.0,Smart TV,Annual,Chennai,Tier 1,2024-01-15 12:00:00,OTT_APP
EVT_003014,U00245,C004,Panchayat S3,Series,22.5,30,75.0,Laptop,Free,Bangalore,Tier 1,2024-03-07 17:00:00,OTT_APP
EVT_003015,U00093,C004,Panchayat S3,Series,30.0,30,100.0,Mobile,Premium,Delhi,Tier 1,2024-02-02 15:00:00,OTT_APP
EVT_003016,U00052,C004,Panchayat S3,Series,30.0,30,100.0,Laptop,Free,Bangalore,Tier 1,2024-02-11 16:00:00,OTT_APP
EVT_003017,U00089,C001,Anupamaa S1,Series,45.0,45,100.0,Tablet,Basic,Bangalore,Tier 1,2024-03-20 12:00:00,OTT_APP
EVT_003018,U00228,C001,Anupamaa S1,Series,45.0,45,100.0,Tablet,Premium,Chennai,Tier 1,2024-03-12 13:00:00,OTT_APP
EVT_003019,,C003,IPL 2024 Final,Sports,52.5,210,25.0,Tablet,Annual,Bangalore,Tier 1,2024-01-22 13:00:00,OTT_APP
EVT_003020,U00230,C003,IPL 2024 Final,Sports,420.0,210,100.0,Mobile,Basic,Hyderabad,Tier 2,2024-02-19 14:00:00,OTT_APP
EVT_003021,U00194,C003,IPL 2024 Final,Sports,210.0,210,100.0,Smart TV,Annual,Hyderabad,Tier 2,2024-02-17 13:00:00,OTT_APP
EVT_003022,U00089,C005,Mirzapur S3,Thriller,41.2,55,75.0,Smart TV,Annual,Chennai,Tier 1,2024-03-29 20:00:00,OTT_APP
EVT_003023,U00117,C003,IPL 2024 Final,Sports,52.5,210,25.0,Tablet,Premium,Mumbai,Tier 1,2024-01-01 16:00:00,OTT_APP
EVT_003024,,C004,Panchayat S3,Series,22.5,30,75.0,Tablet,Basic,Chennai,Tier 1,2024-01-23 08:00:00,OTT_APP
EVT_003025,U00298,C003,IPL 2024 Final,Sports,210.0,210,100.0,Smart TV,Annual,Hyderabad,Tier 2,2024-01-03 07:00:00,OTT_APP
EVT_003026,U00251,C005,Mirzapur S3,Thriller,13.8,55,25.0,Laptop,Free,Bangalore,Tier 1,2024-01-07 15:00:00,OTT_APP
EVT_003027,U00142,C003,IPL 2024 Final,Sports,105.0,210,50.0,Smart TV,Annual,Hyderabad,Tier 2,2024-03-07 14:00:00,OTT_APP
EVT_003028,U00386,C001,Anupamaa S1,Series,22.5,45,50.0,Laptop,Premium,Bangalore,Tier 1,2024-01-11 23:00:00,OTT_APP
EVT_003029,U00348,C004,Panchayat S3,Series,15.0,30,50.0,Laptop,Basic,Bangalore,Tier 1,2024-02-29 10:00:00,OTT_APP
EVT_003030,U00452,C004,Panchayat S3,Series,22.5,30,75.0,Mobile,Premium,Mumbai,Tier 1,2024-02-17 15:00:00,OTT_APP
EVT_003031,,C005,Mirzapur S3,Thriller,41.2,55,75.0,Laptop,Annual,Hyderabad,Tier 2,2024-01-05 07:00:00,OTT_APP
EVT_003032,U00158,C002,KBC Season 15,GameShow,45.0,60,75.0,Tablet,Free,Mumbai,Tier 1,2024-01-02 22:00:00,OTT_APP
EVT_003033,U00149,C004,Panchayat S3,Series,22.5,30,75.0,Smart TV,Premium,Hyderabad,Tier 2,2024-02-19 06:00:00,OTT_APP
EVT_003034,U00461,C004,Panchayat S3,Series,30.0,30,100.0,Mobile,Basic,Bangalore,Tier 1,2024-01-05 16:00:00,OTT_APP
EVT_003035,U00126,C002,KBC Season 15,GameShow,30.0,60,50.0,Smart TV,Free,Bangalore,Tier 1,2024-03-16 22:00:00,OTT_APP
EVT_003036,U00012,C004,Panchayat S3,Series,15.0,30,50.0,Laptop,Annual,Bangalore,Tier 1,2024-03-26 12:00:00,OTT_APP
EVT_003037,,C001,Anupamaa S1,Series,33.8,45,75.0,Laptop,Annual,Delhi,Tier 1,2024-01-24 11:00:00,OTT_APP
EVT_003038,U00395,C005,Mirzapur S3,Thriller,41.2,55,75.0,Laptop,Annual,Mumbai,Tier 1,2024-03-19 06:00:00,OTT_APP
EVT_003039,U00199,C003,IPL 2024 Final,Sports,105.0,210,50.0,Laptop,Basic,Chennai,Tier 1,2024-03-27 07:00:00,OTT_APP
EVT_003040,U00357,C005,Mirzapur S3,Thriller,27.5,55,50.0,Laptop,Annual,Chennai,Tier 1,2024-03-28 11:00:00,OTT_APP
EVT_003041,U00435,C001,Anupamaa S1,Series,33.8,45,75.0,Mobile,Premium,Chennai,Tier 1,2024-03-22 16:00:00,OTT_APP
EVT_003042,U00031,C005,Mirzapur S3,Thriller,13.8,55,25.0,Tablet,Annual,Mumbai,Tier 1,2024-03-29 20:00:00,OTT_APP
EVT_003043,U00016,C001,Anupamaa S1,Series,33.8,45,75.0,Laptop,Annual,Bangalore,Tier 1,2024-03-28 20:00:00,OTT_APP
EVT_003044,,C002,KBC Season 15,GameShow,15.0,60,25.0,Smart TV,Free,Mumbai,Tier 1,2024-01-09 18:00:00,OTT_APP
EVT_003045,,C004,Panchayat S3,Series,7.5,30,25.0,Mobile,Basic,Hyderabad,Tier 2,2024-03-15 11:00:00,OTT_APP
EVT_003046,U00495,C004,Panchayat S3,Series,7.5,30,25.0,Smart TV,Basic,Delhi,Tier 1,2024-02-23 16:00:00,OTT_APP
EVT_003047,U00422,C004,Panchayat S3,Series,7.5,30,25.0,Tablet,Premium,Mumbai,Tier 1,2024-03-09 19:00:00,OTT_APP
EVT_003048,U00106,C002,KBC Season 15,GameShow,30.0,60,50.0,Smart TV,Free,Chennai,Tier 1,2024-01-21 06:00:00,OTT_APP
EVT_003049,U00058,C002,KBC Season 15,GameShow,60.0,60,100.0,Tablet,Premium,Chennai,Tier 1,2024-03-28 06:00:00,OTT_APP
EVT_003050,U00195,C005,Mirzapur S3,Thriller,41.2,55,75.0,Smart TV,Free,Bangalore,Tier 1,2024-02-27 06:00:00,OTT_APP
EVT_003051,U00002,C005,Mirzapur S3,Thriller,27.5,55,50.0,Tablet,Premium,Hyderabad,Tier 2,2024-02-26 12:00:00,OTT_APP
EVT_003052,U00468,C005,Mirzapur S3,Thriller,41.2,55,75.0,Tablet,Basic,Chennai,Tier 1,2024-01-30 23:00:00,OTT_APP
EVT_003053,U00058,C001,Anupamaa S1,Series,33.8,45,75.0,Laptop,Annual,Mumbai,Tier 1,2024-02-29 23:00:00,OTT_APP
EVT_003054,U00489,C005,Mirzapur S3,Thriller,55.0,55,100.0,Tablet,Basic,Mumbai,Tier 1,2024-02-19 18:00:00,OTT_APP
EVT_003055,U00053,C001,Anupamaa S1,Series,22.5,45,50.0,Laptop,Premium,Hyderabad,Tier 2,2024-03-15 07:00:00,OTT_APP
EVT_003056,U00048,C005,Mirzapur S3,Thriller,55.0,55,100.0,Tablet,Free,Delhi,Tier 1,2024-03-24 22:00:00,OTT_APP
EVT_003057,U00028,C002,KBC Season 15,GameShow,60.0,60,100.0,Smart TV,Annual,Mumbai,Tier 1,2024-01-15 21:00:00,OTT_APP
EVT_003058,U00263,C003,IPL 2024 Final,Sports,52.5,210,25.0,Mobile,Free,Mumbai,Tier 1,2024-01-27 06:00:00,OTT_APP
EVT_003059,U00308,C004,Panchayat S3,Series,7.5,30,25.0,Laptop,Basic,Delhi,Tier 1,2024-03-08 11:00:00,OTT_APP
EVT_003060,U00339,C003,IPL 2024 Final,Sports,210.0,210,100.0,Mobile,Annual,Hyderabad,Tier 2,2024-02-11 06:00:00,OTT_APP
EVT_003061,U00329,C002,KBC Season 15,GameShow,45.0,60,75.0,Laptop,Premium,Hyderabad,Tier 2,2024-02-13 11:00:00,OTT_APP
EVT_003062,U00480,C001,Anupamaa S1,Series,11.2,45,25.0,Mobile,Annual,Hyderabad,Tier 2,2024-01-01 19:00:00,OTT_APP
EVT_003063,U00068,C001,Anupamaa S1,Series,11.2,45,25.0,Mobile,Free,Bangalore,Tier 1,2024-02-21 18:00:00,OTT_APP
EVT_003064,U00234,C005,Mirzapur S3,Thriller,13.8,55,25.0,Mobile,Basic,Mumbai,Tier 1,2024-01-31 09:00:00,OTT_APP
EVT_003065,U00112,C004,Panchayat S3,Series,7.5,30,25.0,Tablet,Annual,Chennai,Tier 1,2024-02-05 14:00:00,OTT_APP
EVT_003066,U00461,C002,KBC Season 15,GameShow,45.0,60,75.0,Mobile,Free,Chennai,Tier 1,2024-03-07 21:00:00,OTT_APP
EVT_003067,U00153,C002,KBC Season 15,GameShow,15.0,60,25.0,Smart TV,Premium,Chennai,Tier 1,2024-03-25 10:00:00,OTT_APP
EVT_003068,U00481,C002,KBC Season 15,GameShow,30.0,60,50.0,Smart TV,Basic,Mumbai,Tier 1,2024-03-15 08:00:00,OTT_APP
EVT_003069,U00466,C004,Panchayat S3,Series,15.0,30,50.0,Tablet,Annual,Mumbai,Tier 1,2024-01-24 23:00:00,OTT_APP
EVT_003070,U00333,C004,Panchayat S3,Series,30.0,30,100.0,Laptop,Free,Mumbai,Tier 1,2024-02-01 18:00:00,OTT_APP
EVT_003071,U00163,C002,KBC Season 15,GameShow,60.0,60,100.0,Smart TV,Premium,Chennai,Tier 1,2024-02-01 18:00:00,OTT_APP
EVT_003072,U00131,C001,Anupamaa S1,Series,22.5,45,50.0,Mobile,Annual,Delhi,Tier 1,2024-03-30 19:00:00,OTT_APP
EVT_003073,,C003,IPL 2024 Final,Sports,210.0,210,100.0,Smart TV,Annual,Chennai,Tier 1,2024-03-27 06:00:00,OTT_APP
EVT_003074,U00061,C003,IPL 2024 Final,Sports,210.0,210,100.0,Tablet,Annual,Hyderabad,Tier 2,2024-03-10 10:00:00,OTT_APP
EVT_003075,,C004,Panchayat S3,Series,15.0,30,50.0,Smart TV,Basic,Chennai,Tier 1,2024-02-05 18:00:00,OTT_APP
EVT_003076,U00414,C002,KBC Season 15,GameShow,30.0,60,50.0,Laptop,Annual,Mumbai,Tier 1,2024-02-18 18:00:00,OTT_APP
EVT_003077,U00291,C003,IPL 2024 Final,Sports,157.5,210,75.0,Laptop,Basic,Delhi,Tier 1,2024-02-17 15:00:00,OTT_APP
EVT_003078,U00199,C002,KBC Season 15,GameShow,45.0,60,75.0,Smart TV,Basic,Chennai,Tier 1,2024-01-24 22:00:00,OTT_APP
EVT_003079,U00214,C004,Panchayat S3,Series,22.5,30,75.0,Laptop,Free,Delhi,Tier 1,2024-01-02 18:00:00,OTT_APP
EVT_003080,,C004,Panchayat S3,Series,30.0,30,100.0,Smart TV,Premium,Hyderabad,Tier 2,2024-03-15 19:00:00,OTT_APP
EVT_003081,U00302,C004,Panchayat S3,Series,22.5,30,75.0,Smart TV,Basic,Hyderabad,Tier 2,2024-03-17 10:00:00,OTT_APP
EVT_003082,U00264,C003,IPL 2024 Final,Sports,210.0,210,100.0,Laptop,Annual,Bangalore,Tier 1,2024-02-21 23:00:00,OTT_APP
EVT_003083,,C004,Panchayat S3,Series,22.5,30,75.0,Mobile,Basic,Chennai,Tier 1,2024-02-25 06:00:00,OTT_APP
EVT_003084,U00459,C003,IPL 2024 Final,Sports,157.5,210,75.0,Smart TV,Free,Mumbai,Tier 1,2024-03-07 14:00:00,OTT_APP
EVT_003085,U00080,C003,IPL 2024 Final,Sports,105.0,210,50.0,Smart TV,Annual,Hyderabad,Tier 2,2024-01-25 08:00:00,OTT_APP
EVT_003086,U00026,C001,Anupamaa S1,Series,11.2,45,25.0,Laptop,Annual,Mumbai,Tier 1,2024-02-07 15:00:00,OTT_APP
EVT_003087,U00437,C002,KBC Season 15,GameShow,60.0,60,100.0,Mobile,Premium,Mumbai,Tier 1,2024-02-09 13:00:00,OTT_APP
EVT_003088,U00105,C005,Mirzapur S3,Thriller,13.8,55,25.0,Laptop,Premium,Chennai,Tier 1,2024-01-16 06:00:00,OTT_APP
EVT_003089,U00017,C002,KBC Season 15,GameShow,60.0,60,100.0,Laptop,Premium,Hyderabad,Tier 2,2024-03-01 10:00:00,OTT_APP
EVT_003090,U00169,C004,Panchayat S3,Series,15.0,30,50.0,Smart TV,Free,Delhi,Tier 1,2024-02-07 06:00:00,OTT_APP
EVT_003091,U00292,C005,Mirzapur S3,Thriller,13.8,55,25.0,Laptop,Annual,Chennai,Tier 1,2024-01-30 06:00:00,OTT_APP
EVT_003092,U00287,C004,Panchayat S3,Series,22.5,30,75.0,Laptop,Basic,Mumbai,Tier 1,2024-03-20 14:00:00,OTT_APP
EVT_003093,U00206,C005,Mirzapur S3,Thriller,55.0,55,100.0,Smart TV,Free,Hyderabad,Tier 2,2024-01-05 17:00:00,OTT_APP
EVT_003094,U00230,C001,Anupamaa S1,Series,22.5,45,50.0,Laptop,Annual,Chennai,Tier 1,2024-02-01 06:00:00,OTT_APP
EVT_003095,U00246,C001,Anupamaa S1,Series,45.0,45,100.0,Smart TV,Premium,Bangalore,Tier 1,2024-03-14 16:00:00,OTT_APP
EVT_003096,U00062,C001,Anupamaa S1,Series,22.5,45,50.0,Smart TV,Premium,Chennai,Tier 1,2024-03-03 14:00:00,OTT_APP
EVT_003097,U00436,C002,KBC Season 15,GameShow,60.0,60,100.0,Laptop,Free,Delhi,Tier 1,2024-03-02 16:00:00,OTT_APP
EVT_003098,U00329,C001,Anupamaa S1,Series,11.2,45,25.0,Smart TV,Free,Bangalore,Tier 1,2024-03-04 12:00:00,OTT_APP
EVT_003099,U00215,C004,Panchayat S3,Series,30.0,30,100.0,Mobile,Basic,Chennai,Tier 1,2024-01-08 13:00:00,OTT_APP
EVT_003100,U00303,C001,Anupamaa S1,Series,11.2,45,25.0,Smart TV,Annual,Chennai,Tier 1,2024-03-20 08:00:00,OTT_APP
EVT_003101,U00375,C002,KBC Season 15,GameShow,30.0,60,50.0,Smart TV,Premium,Mumbai,Tier 1,2024-01-25 15:00:00,OTT_APP
EVT_003102,U00312,C003,IPL 2024 Final,Sports,105.0,210,50.0,Mobile,Premium,Bangalore,Tier 1,2024-02-06 23:00:00,OTT_APP
EVT_003103,U00444,C004,Panchayat S3,Series,15.0,30,50.0,Smart TV,Basic,Bangalore,Tier 1,2024-03-09 19:00:00,OTT_APP
EVT_003104,U00212,C003,IPL 2024 Final,Sports,210.0,210,100.0,Tablet,Free,Mumbai,Tier 1,2024-03-29 21:00:00,OTT_APP
EVT_003105,U00471,C005,Mirzapur S3,Thriller,13.8,55,25.0,Tablet,Free,Bangalore,Tier 1,2024-03-21 07:00:00,OTT_APP
EVT_003106,U00041,C004,Panchayat S3,Series,22.5,30,75.0,Tablet,Premium,Delhi,Tier 1,2024-03-09 17:00:00,OTT_APP
EVT_003107,U00286,C004,Panchayat S3,Series,7.5,30,25.0,Tablet,Free,Chennai,Tier 1,2024-01-05 08:00:00,OTT_APP
EVT_003108,U00459,C003,IPL 2024 Final,Sports,105.0,210,50.0,Laptop,Premium,Mumbai,Tier 1,2024-01-13 16:00:00,OTT_APP
EVT_003109,U00128,C003,IPL 2024 Final,Sports,157.5,210,75.0,Mobile,Annual,Hyderabad,Tier 2,2024-02-20 17:00:00,OTT_APP
EVT_003110,U00146,C001,Anupamaa S1,Series,33.8,45,75.0,Mobile,Basic,Bangalore,Tier 1,2024-01-01 07:00:00,OTT_APP
EVT_003111,U00277,C001,Anupamaa S1,Series,33.8,45,75.0,Tablet,Free,Chennai,Tier 1,2024-02-09 09:00:00,OTT_APP
EVT_003112,U00042,C002,KBC Season 15,GameShow,45.0,60,75.0,Mobile,Basic,Hyderabad,Tier 2,2024-01-20 11:00:00,OTT_APP
EVT_003113,U00264,C005,Mirzapur S3,Thriller,27.5,55,50.0,Tablet,Annual,Delhi,Tier 1,2024-01-06 13:00:00,OTT_APP
EVT_003114,U00274,C003,IPL 2024 Final,Sports,157.5,210,75.0,Mobile,Basic,Mumbai,Tier 1,2024-03-25 20:00:00,OTT_APP
EVT_003115,U00047,C004,Panchayat S3,Series,15.0,30,50.0,Laptop,Premium,Hyderabad,Tier 2,2024-03-30 16:00:00,OTT_APP
EVT_003116,U00176,C004,Panchayat S3,Series,22.5,30,75.0,Laptop,Basic,Delhi,Tier 1,2024-01-27 13:00:00,OTT_APP
EVT_003117,U00154,C002,KBC Season 15,GameShow,15.0,60,25.0,Tablet,Free,Delhi,Tier 1,2024-03-18 20:00:00,OTT_APP
EVT_003118,U00022,C005,Mirzapur S3,Thriller,55.0,55,100.0,Laptop,Free,Mumbai,Tier 1,2024-02-25 21:00:00,OTT_APP
EVT_003119,U00277,C005,Mirzapur S3,Thriller,13.8,55,25.0,Tablet,Basic,Mumbai,Tier 1,2024-03-17 08:00:00,OTT_APP
EVT_003120,U00052,C001,Anupamaa S1,Series,11.2,45,25.0,Mobile,Premium,Delhi,Tier 1,2024-02-19 18:00:00,OTT_APP
EVT_003121,U00176,C005,Mirzapur S3,Thriller,27.5,55,50.0,Smart TV,Annual,Chennai,Tier 1,2024-03-12 07:00:00,OTT_APP
EVT_003122,U00017,C002,KBC Season 15,GameShow,15.0,60,25.0,Tablet,Annual,Mumbai,Tier 1,2024-01-15 18:00:00,OTT_APP
EVT_003123,U00348,C002,KBC Season 15,GameShow,15.0,60,25.0,Mobile,Annual,Chennai,Tier 1,2024-01-29 21:00:00,OTT_APP
EVT_003124,U00246,C004,Panchayat S3,Series,30.0,30,100.0,Mobile,Basic,Chennai,Tier 1,2024-02-05 15:00:00,OTT_APP
EVT_003125,U00382,C002,KBC Season 15,GameShow,15.0,60,25.0,Mobile,Premium,Mumbai,Tier 1,2024-02-07 18:00:00,OTT_APP
EVT_003126,U00209,C002,KBC Season 15,GameShow,45.0,60,75.0,Smart TV,Annual,Bangalore,Tier 1,2024-03-03 18:00:00,OTT_APP
EVT_003127,U00187,C002,KBC Season 15,GameShow,30.0,60,50.0,Smart TV,Free,Hyderabad,Tier 2,2024-02-18 06:00:00,OTT_APP
EVT_003128,U00009,C002,KBC Season 15,GameShow,45.0,60,75.0,Smart TV,Premium,Mumbai,Tier 1,2024-03-09 15:00:00,OTT_APP
EVT_003129,U00465,C004,Panchayat S3,Series,30.0,30,100.0,Laptop,Annual,Bangalore,Tier 1,2024-01-01 12:00:00,OTT_APP
EVT_003130,U00022,C001,Anupamaa S1,Series,22.5,45,50.0,Laptop,Annual,Mumbai,Tier 1,2024-02-20 13:00:00,OTT_APP
EVT_003131,U00067,C002,KBC Season 15,GameShow,30.0,60,50.0,Mobile,Annual,Mumbai,Tier 1,2024-02-17 07:00:00,OTT_APP
EVT_003132,U00006,C003,IPL 2024 Final,Sports,210.0,210,100.0,Smart TV,Free,Hyderabad,Tier 2,2024-03-10 09:00:00,OTT_APP
EVT_003133,,C005,Mirzapur S3,Thriller,13.8,55,25.0,Mobile,Basic,Delhi,Tier 1,2024-01-08 13:00:00,OTT_APP
EVT_003134,U00081,C003,IPL 2024 Final,Sports,52.5,210,25.0,Smart TV,Annual,Hyderabad,Tier 2,2024-02-03 16:00:00,OTT_APP
EVT_003135,U00440,C003,IPL 2024 Final,Sports,157.5,210,75.0,Mobile,Basic,Hyderabad,Tier 2,2024-02-16 13:00:00,OTT_APP
EVT_003136,U00023,C004,Panchayat S3,Series,7.5,30,25.0,Smart TV,Annual,Hyderabad,Tier 2,2024-03-09 19:00:00,OTT_APP
EVT_003137,U00132,C003,IPL 2024 Final,Sports,210.0,210,100.0,Tablet,Basic,Bangalore,Tier 1,2024-02-07 16:00:00,OTT_APP
EVT_003138,,C001,Anupamaa S1,Series,22.5,45,50.0,Tablet,Premium,Hyderabad,Tier 2,2024-03-18 15:00:00,OTT_APP
EVT_003139,U00323,C002,KBC Season 15,GameShow,45.0,60,75.0,Mobile,Annual,Mumbai,Tier 1,2024-03-12 06:00:00,OTT_APP
EVT_003140,U00454,C003,IPL 2024 Final,Sports,157.5,210,75.0,Tablet,Premium,Hyderabad,Tier 2,2024-01-28 15:00:00,OTT_APP
EVT_003141,U00077,C004,Panchayat S3,Series,30.0,30,100.0,Mobile,Annual,Delhi,Tier 1,2024-01-22 17:00:00,OTT_APP
EVT_003142,U00195,C005,Mirzapur S3,Thriller,27.5,55,50.0,Mobile,Basic,Chennai,Tier 1,2024-03-30 19:00:00,OTT_APP
EVT_003143,U00278,C004,Panchayat S3,Series,7.5,30,25.0,Laptop,Free,Bangalore,Tier 1,2024-01-18 15:00:00,OTT_APP
EVT_003144,U00388,C004,Panchayat S3,Series,7.5,30,25.0,Laptop,Annual,Bangalore,Tier 1,2024-03-22 10:00:00,OTT_APP
EVT_003145,U00259,C001,Anupamaa S1,Series,11.2,45,25.0,Tablet,Free,Chennai,Tier 1,2024-01-09 17:00:00,OTT_APP
EVT_003146,,C001,Anupamaa S1,Series,22.5,45,50.0,Laptop,Basic,Delhi,Tier 1,2024-03-28 06:00:00,OTT_APP
EVT_003147,U00028,C001,Anupamaa S1,Series,22.5,45,50.0,Tablet,Annual,Mumbai,Tier 1,2024-02-10 19:00:00,OTT_APP
EVT_003148,U00155,C005,Mirzapur S3,Thriller,13.8,55,25.0,Mobile,Basic,Delhi,Tier 1,2024-01-23 14:00:00,OTT_APP
EVT_003149,U00029,C002,KBC Season 15,GameShow,45.0,60,75.0,Laptop,Premium,Chennai,Tier 1,2024-02-26 14:00:00,OTT_APP
EVT_003150,U00299,C003,IPL 2024 Final,Sports,105.0,210,50.0,Mobile,Premium,Chennai,Tier 1,2024-03-29 20:00:00,OTT_APP
EVT_003151,U00327,C004,Panchayat S3,Series,7.5,30,25.0,Laptop,Annual,Mumbai,Tier 1,2024-03-23 22:00:00,OTT_APP
EVT_003152,U00220,C003,IPL 2024 Final,Sports,210.0,210,100.0,Tablet,Annual,Bangalore,Tier 1,2024-03-15 12:00:00,OTT_APP
EVT_003153,U00136,C001,Anupamaa S1,Series,33.8,45,75.0,Laptop,Annual,Delhi,Tier 1,2024-02-11 21:00:00,OTT_APP
EVT_003154,U00026,C005,Mirzapur S3,Thriller,55.0,55,100.0,Smart TV,Basic,Chennai,Tier 1,2024-03-28 20:00:00,OTT_APP
EVT_003155,U00126,C004,Panchayat S3,Series,30.0,30,100.0,Mobile,Free,Mumbai,Tier 1,2024-03-10 14:00:00,OTT_APP
EVT_003156,U00222,C005,Mirzapur S3,Thriller,13.8,55,25.0,Laptop,Basic,Mumbai,Tier 1,2024-03-18 17:00:00,OTT_APP
EVT_003157,U00109,C002,KBC Season 15,GameShow,15.0,60,25.0,Smart TV,Basic,Delhi,Tier 1,2024-03-29 21:00:00,OTT_APP
EVT_003158,U00021,C005,Mirzapur S3,Thriller,55.0,55,100.0,Smart TV,Basic,Bangalore,Tier 1,2024-02-07 14:00:00,OTT_APP
EVT_003159,U00193,C003,IPL 2024 Final,Sports,105.0,210,50.0,Smart TV,Premium,Delhi,Tier 1,2024-02-20 20:00:00,OTT_APP
EVT_003160,U00115,C002,KBC Season 15,GameShow,30.0,60,50.0,Tablet,Basic,Delhi,Tier 1,2024-03-20 11:00:00,OTT_APP
EVT_003161,U00129,C001,Anupamaa S1,Series,11.2,45,25.0,Mobile,Free,Delhi,Tier 1,2024-01-03 09:00:00,OTT_APP
EVT_003162,U00143,C004,Panchayat S3,Series,22.5,30,75.0,Tablet,Basic,Delhi,Tier 1,2024-01-23 22:00:00,OTT_APP
EVT_003163,U00310,C002,KBC Season 15,GameShow,60.0,60,100.0,Smart TV,Free,Bangalore,Tier 1,2024-03-25 08:00:00,OTT_APP
EVT_003164,U00432,C004,Panchayat S3,Series,15.0,30,50.0,Tablet,Premium,Chennai,Tier 1,2024-01-11 16:00:00,OTT_APP
EVT_003165,U00224,C002,KBC Season 15,GameShow,60.0,60,100.0,Mobile,Basic,Mumbai,Tier 1,2024-02-26 16:00:00,OTT_APP
EVT_003166,U00367,C005,Mirzapur S3,Thriller,55.0,55,100.0,Laptop,Premium,Mumbai,Tier 1,2024-01-04 06:00:00,OTT_APP
EVT_003167,U00321,C002,KBC Season 15,GameShow,30.0,60,50.0,Smart TV,Basic,Delhi,Tier 1,2024-01-24 19:00:00,OTT_APP
EVT_003168,,C004,Panchayat S3,Series,15.0,30,50.0,Mobile,Annual,Bangalore,Tier 1,2024-01-28 12:00:00,OTT_APP
EVT_003169,U00476,C005,Mirzapur S3,Thriller,41.2,55,75.0,Tablet,Annual,Mumbai,Tier 1,2024-02-20 18:00:00,OTT_APP
EVT_003170,U00286,C001,Anupamaa S1,Series,45.0,45,100.0,Tablet,Free,Bangalore,Tier 1,2024-01-01 12:00:00,OTT_APP
EVT_003171,U00087,C002,KBC Season 15,GameShow,30.0,60,50.0,Tablet,Basic,Mumbai,Tier 1,2024-02-12 16:00:00,OTT_APP
EVT_003172,U00406,C003,IPL 2024 Final,Sports,52.5,210,25.0,Tablet,Free,Mumbai,Tier 1,2024-03-22 21:00:00,OTT_APP
EVT_003173,U00243,C002,KBC Season 15,GameShow,60.0,60,100.0,Tablet,Basic,Chennai,Tier 1,2024-01-03 19:00:00,OTT_APP
EVT_003174,U00432,C004,Panchayat S3,Series,15.0,30,50.0,Laptop,Basic,Delhi,Tier 1,2024-02-17 06:00:00,OTT_APP
EVT_003175,U00098,C001,Anupamaa S1,Series,45.0,45,100.0,Tablet,Annual,Delhi,Tier 1,2024-03-31 18:00:00,OTT_APP
EVT_003176,U00137,C003,IPL 2024 Final,Sports,210.0,210,100.0,Tablet,Annual,Mumbai,Tier 1,2024-02-06 20:00:00,OTT_APP
EVT_003177,U00384,C005,Mirzapur S3,Thriller,27.5,55,50.0,Tablet,Free,Hyderabad,Tier 2,2024-01-28 21:00:00,OTT_APP
EVT_003178,U00302,C003,IPL 2024 Final,Sports,157.5,210,75.0,Tablet,Premium,Hyderabad,Tier 2,2024-02-24 07:00:00,OTT_APP
EVT_003179,U00074,C001,Anupamaa S1,Series,45.0,45,100.0,Laptop,Annual,Hyderabad,Tier 2,2024-03-30 12:00:00,OTT_APP
EVT_003180,U00458,C003,IPL 2024 Final,Sports,105.0,210,50.0,Laptop,Free,Delhi,Tier 1,2024-01-29 14:00:00,OTT_APP
EVT_003181,U00413,C002,KBC Season 15,GameShow,15.0,60,25.0,Mobile,Free,Hyderabad,Tier 2,2024-03-15 23:00:00,OTT_APP
EVT_003182,U00129,C003,IPL 2024 Final,Sports,157.5,210,75.0,Mobile,Free,Hyderabad,Tier 2,2024-02-13 13:00:00,OTT_APP
EVT_003183,U00071,C001,Anupamaa S1,Series,11.2,45,25.0,Smart TV,Premium,Bangalore,Tier 1,2024-02-25 11:00:00,OTT_APP
EVT_003184,U00367,C004,Panchayat S3,Series,15.0,30,50.0,Laptop,Annual,Delhi,Tier 1,2024-02-13 18:00:00,OTT_APP
EVT_003185,U00466,C001,Anupamaa S1,Series,45.0,45,100.0,Smart TV,Basic,Hyderabad,Tier 2,2024-03-08 10:00:00,OTT_APP
EVT_003186,U00030,C004,Panchayat S3,Series,22.5,30,75.0,Tablet,Premium,Hyderabad,Tier 2,2024-03-24 21:00:00,OTT_APP
EVT_003187,U00375,C001,Anupamaa S1,Series,22.5,45,50.0,Smart TV,Premium,Mumbai,Tier 1,2024-02-19 08:00:00,OTT_APP
EVT_003188,U00383,C005,Mirzapur S3,Thriller,41.2,55,75.0,Tablet,Annual,Bangalore,Tier 1,2024-02-09 20:00:00,OTT_APP
EVT_003189,U00352,C001,Anupamaa S1,Series,45.0,45,100.0,Laptop,Premium,Chennai,Tier 1,2024-03-06 19:00:00,OTT_APP
EVT_003190,U00124,C005,Mirzapur S3,Thriller,55.0,55,100.0,Mobile,Annual,Bangalore,Tier 1,2024-01-25 23:00:00,OTT_APP
EVT_003191,U00031,C002,KBC Season 15,GameShow,30.0,60,50.0,Smart TV,Annual,Mumbai,Tier 1,2024-01-07 23:00:00,OTT_APP
EVT_003192,U00215,C001,Anupamaa S1,Series,22.5,45,50.0,Tablet,Premium,Delhi,Tier 1,2024-01-01 09:00:00,OTT_APP
EVT_003193,U00170,C003,IPL 2024 Final,Sports,157.5,210,75.0,Laptop,Annual,Hyderabad,Tier 2,2024-02-22 14:00:00,OTT_APP
EVT_003194,U00052,C003,IPL 2024 Final,Sports,105.0,210,50.0,Smart TV,Premium,Chennai,Tier 1,2024-03-04 17:00:00,OTT_APP
EVT_003195,U00198,C004,Panchayat S3,Series,15.0,30,50.0,Laptop,Premium,Mumbai,Tier 1,2024-01-01 07:00:00,OTT_APP
EVT_003196,U00150,C005,Mirzapur S3,Thriller,55.0,55,100.0,Mobile,Premium,Bangalore,Tier 1,2024-03-08 10:00:00,OTT_APP
EVT_003197,U00055,C001,Anupamaa S1,Series,22.5,45,50.0,Smart TV,Basic,Chennai,Tier 1,2024-02-02 16:00:00,OTT_APP
EVT_003198,U00302,C003,IPL 2024 Final,Sports,210.0,210,100.0,Laptop,Premium,Chennai,Tier 1,2024-01-09 22:00:00,OTT_APP
EVT_003199,U00209,C001,Anupamaa S1,Series,11.2,45,25.0,Laptop,Free,Delhi,Tier 1,2024-01-26 22:00:00,OTT_APP
EVT_003200,U00374,C005,Mirzapur S3,Thriller,55.0,55,100.0,Mobile,Annual,Chennai,Tier 1,2024-03-01 07:00:00,OTT_APP
EVT_003201,U00452,C001,Anupamaa S1,Series,45.0,45,100.0,Tablet,Premium,Bangalore,Tier 1,2024-01-25 07:00:00,OTT_APP
EVT_003202,U00032,C002,KBC Season 15,GameShow,60.0,60,100.0,Smart TV,Free,Hyderabad,Tier 2,2024-03-23 19:00:00,OTT_APP
EVT_003203,U00115,C003,IPL 2024 Final,Sports,157.5,210,75.0,Mobile,Premium,Hyderabad,Tier 2,2024-03-19 23:00:00,OTT_APP
EVT_003204,U00327,C001,Anupamaa S1,Series,22.5,45,50.0,Mobile,Annual,Hyderabad,Tier 2,2024-01-02 19:00:00,OTT_APP
EVT_003205,U00431,C005,Mirzapur S3,Thriller,110.0,55,50.0,Tablet,Premium,Hyderabad,Tier 2,2024-03-03 10:00:00,OTT_APP
EVT_003206,U00200,C002,KBC Season 15,GameShow,45.0,60,75.0,Tablet,Free,Mumbai,Tier 1,2024-01-27 17:00:00,OTT_APP
EVT_003207,U00182,C003,IPL 2024 Final,Sports,105.0,210,50.0,Laptop,Annual,Mumbai,Tier 1,2024-02-29 12:00:00,OTT_APP
EVT_003208,U00256,C003,IPL 2024 Final,Sports,210.0,210,100.0,Smart TV,Premium,Mumbai,Tier 1,2024-03-14 16:00:00,OTT_APP
EVT_003209,U00024,C001,Anupamaa S1,Series,45.0,45,100.0,Smart TV,Annual,Hyderabad,Tier 2,2024-03-21 23:00:00,OTT_APP
EVT_003210,U00076,C001,Anupamaa S1,Series,11.2,45,25.0,Mobile,Basic,Hyderabad,Tier 2,2024-02-02 14:00:00,OTT_APP
EVT_003211,U00171,C001,Anupamaa S1,Series,22.5,45,50.0,Tablet,Free,Hyderabad,Tier 2,2024-03-17 10:00:00,OTT_APP
EVT_003212,U00117,C004,Panchayat S3,Series,7.5,30,25.0,Mobile,Annual,Chennai,Tier 1,2024-01-20 07:00:00,OTT_APP
EVT_003213,U00186,C004,Panchayat S3,Series,15.0,30,50.0,Tablet,Free,Hyderabad,Tier 2,2024-02-25 20:00:00,OTT_APP
EVT_003214,U00370,C003,IPL 2024 Final,Sports,52.5,210,25.0,Smart TV,Basic,Bangalore,Tier 1,2024-02-04 22:00:00,OTT_APP
EVT_003215,U00403,C001,Anupamaa S1,Series,33.8,45,75.0,Laptop,Premium,Delhi,Tier 1,2024-03-18 16:00:00,OTT_APP
EVT_003216,U00087,C001,Anupamaa S1,Series,33.8,45,75.0,Laptop,Free,Delhi,Tier 1,2024-02-01 13:00:00,OTT_APP
EVT_003217,U00085,C003,IPL 2024 Final,Sports,157.5,210,75.0,Laptop,Annual,Bangalore,Tier 1,2024-03-20 14:00:00,OTT_APP
EVT_003218,U00435,C004,Panchayat S3,Series,15.0,30,50.0,Laptop,Basic,Hyderabad,Tier 2,2024-01-27 09:00:00,OTT_APP
EVT_003219,U00337,C001,Anupamaa S1,Series,22.5,45,50.0,Mobile,Premium,Delhi,Tier 1,2024-03-16 12:00:00,OTT_APP
EVT_003220,U00277,C001,Anupamaa S1,Series,45.0,45,100.0,Smart TV,Premium,Hyderabad,Tier 2,2024-01-12 20:00:00,OTT_APP
EVT_003221,U00213,C002,KBC Season 15,GameShow,60.0,60,100.0,Mobile,Annual,Chennai,Tier 1,2024-02-13 15:00:00,OTT_APP
EVT_003222,U00335,C002,KBC Season 15,GameShow,30.0,60,50.0,Laptop,Free,Bangalore,Tier 1,2024-01-19 13:00:00,OTT_APP
EVT_003223,U00453,C004,Panchayat S3,Series,22.5,30,75.0,Smart TV,Basic,Hyderabad,Tier 2,2024-01-04 10:00:00,OTT_APP
EVT_003224,U00363,C004,Panchayat S3,Series,22.5,30,75.0,Laptop,Premium,Hyderabad,Tier 2,2024-01-08 07:00:00,OTT_APP
EVT_003225,U00029,C003,IPL 2024 Final,Sports,210.0,210,100.0,Tablet,Annual,Hyderabad,Tier 2,2024-03-21 20:00:00,OTT_APP
EVT_003226,U00216,C004,Panchayat S3,Series,22.5,30,75.0,Laptop,Premium,Chennai,Tier 1,2024-01-10 20:00:00,OTT_APP
EVT_003227,U00277,C003,IPL 2024 Final,Sports,105.0,210,50.0,Mobile,Annual,Hyderabad,Tier 2,2024-01-10 23:00:00,OTT_APP
EVT_003228,U00165,C002,KBC Season 15,GameShow,30.0,60,50.0,Laptop,Free,Mumbai,Tier 1,2024-02-15 08:00:00,OTT_APP
EVT_003229,U00086,C005,Mirzapur S3,Thriller,41.2,55,75.0,Laptop,Basic,Chennai,Tier 1,2024-03-06 18:00:00,OTT_APP
EVT_003230,U00106,C005,Mirzapur S3,Thriller,27.5,55,50.0,Mobile,Basic,Hyderabad,Tier 2,2024-02-26 19:00:00,OTT_APP
EVT_003231,U00122,C001,Anupamaa S1,Series,33.8,45,75.0,Laptop,Free,Bangalore,Tier 1,2024-01-11 10:00:00,OTT_APP
EVT_003232,U00378,C002,KBC Season 15,GameShow,15.0,60,25.0,Mobile,Free,Hyderabad,Tier 2,2024-01-04 16:00:00,OTT_APP
EVT_003233,U00434,C002,KBC Season 15,GameShow,60.0,60,100.0,Mobile,Basic,Hyderabad,Tier 2,2024-03-07 18:00:00,OTT_APP
EVT_003234,U00199,C001,Anupamaa S1,Series,33.8,45,75.0,Mobile,Free,Bangalore,Tier 1,2024-01-01 18:00:00,OTT_APP
EVT_003235,U00400,C001,Anupamaa S1,Series,22.5,45,50.0,Smart TV,Basic,Delhi,Tier 1,2024-01-29 21:00:00,OTT_APP
EVT_003236,U00464,C004,Panchayat S3,Series,22.5,30,75.0,Laptop,Premium,Delhi,Tier 1,2024-01-29 14:00:00,OTT_APP
EVT_003237,U00023,C005,Mirzapur S3,Thriller,55.0,55,100.0,Laptop,Annual,Mumbai,Tier 1,2024-02-01 16:00:00,OTT_APP
EVT_003238,U00401,C003,IPL 2024 Final,Sports,105.0,210,50.0,Smart TV,Basic,Hyderabad,Tier 2,2024-02-22 22:00:00,OTT_APP
EVT_003239,U00227,C003,IPL 2024 Final,Sports,105.0,210,50.0,Smart TV,Free,Bangalore,Tier 1,2024-01-02 21:00:00,OTT_APP
EVT_003240,U00169,C002,KBC Season 15,GameShow,60.0,60,100.0,Tablet,Free,Delhi,Tier 1,2024-01-13 16:00:00,OTT_APP
EVT_003241,U00330,C003,IPL 2024 Final,Sports,105.0,210,50.0,Mobile,Annual,Mumbai,Tier 1,2024-02-15 10:00:00,OTT_APP
EVT_003242,U00364,C005,Mirzapur S3,Thriller,41.2,55,75.0,Tablet,Premium,Delhi,Tier 1,2024-03-07 14:00:00,OTT_APP
EVT_003243,U00054,C001,Anupamaa S1,Series,22.5,45,50.0,Mobile,Premium,Hyderabad,Tier 2,2024-03-09 12:00:00,OTT_APP
EVT_003244,U00386,C001,Anupamaa S1,Series,22.5,45,50.0,Smart TV,Basic,Bangalore,Tier 1,2024-01-07 09:00:00,OTT_APP
EVT_003245,U00228,C003,IPL 2024 Final,Sports,210.0,210,100.0,Mobile,Premium,Delhi,Tier 1,2024-02-21 23:00:00,OTT_APP
EVT_003246,U00381,C004,Panchayat S3,Series,30.0,30,100.0,Mobile,Annual,Hyderabad,Tier 2,2024-03-18 08:00:00,OTT_APP
EVT_003247,U00119,C004,Panchayat S3,Series,22.5,30,75.0,Tablet,Premium,Hyderabad,Tier 2,2024-01-07 10:00:00,OTT_APP
EVT_003248,U00500,C003,IPL 2024 Final,Sports,105.0,210,50.0,Laptop,Premium,Chennai,Tier 1,2024-02-03 19:00:00,OTT_APP
EVT_003249,U00489,C001,Anupamaa S1,Series,45.0,45,100.0,Tablet,Free,Delhi,Tier 1,2024-02-24 19:00:00,OTT_APP
EVT_003250,U00246,C001,Anupamaa S1,Series,22.5,45,50.0,Smart TV,Annual,Delhi,Tier 1,2024-03-19 16:00:00,OTT_APP
EVT_003251,U00188,C005,Mirzapur S3,Thriller,41.2,55,75.0,Laptop,Basic,Mumbai,Tier 1,2024-02-15 21:00:00,OTT_APP
EVT_003252,U00120,C005,Mirzapur S3,Thriller,55.0,55,100.0,Mobile,Annual,Delhi,Tier 1,2024-03-25 20:00:00,OTT_APP
EVT_003253,U00070,C005,Mirzapur S3,Thriller,55.0,55,100.0,Mobile,Premium,Delhi,Tier 1,2024-03-31 07:00:00,OTT_APP
EVT_003254,U00421,C005,Mirzapur S3,Thriller,27.5,55,50.0,Smart TV,Basic,Chennai,Tier 1,2024-03-23 11:00:00,OTT_APP
EVT_003255,U00282,C002,KBC Season 15,GameShow,30.0,60,50.0,Tablet,Premium,Bangalore,Tier 1,2024-02-17 08:00:00,OTT_APP
EVT_003256,U00485,C005,Mirzapur S3,Thriller,27.5,55,50.0,Laptop,Basic,Bangalore,Tier 1,2024-02-19 06:00:00,OTT_APP
EVT_003257,U00200,C003,IPL 2024 Final,Sports,105.0,210,50.0,Smart TV,Free,Bangalore,Tier 1,2024-03-01 14:00:00,OTT_APP
EVT_003258,U00146,C003,IPL 2024 Final,Sports,157.5,210,75.0,Mobile,Annual,Hyderabad,Tier 2,2024-02-15 23:00:00,OTT_APP
EVT_003259,U00033,C003,IPL 2024 Final,Sports,157.5,210,75.0,Laptop,Free,Hyderabad,Tier 2,2024-01-15 19:00:00,OTT_APP
EVT_003260,U00263,C003,IPL 2024 Final,Sports,52.5,210,25.0,Mobile,Annual,Delhi,Tier 1,2024-01-22 08:00:00,OTT_APP
EVT_003261,U00404,C005,Mirzapur S3,Thriller,41.2,55,75.0,Tablet,Premium,Chennai,Tier 1,2024-01-13 13:00:00,OTT_APP
EVT_003262,U00419,C004,Panchayat S3,Series,15.0,30,50.0,Smart TV,Annual,Mumbai,Tier 1,2024-03-31 14:00:00,OTT_APP
EVT_003263,U00275,C004,Panchayat S3,Series,15.0,30,50.0,Laptop,Premium,Delhi,Tier 1,2024-03-16 10:00:00,OTT_APP
EVT_003264,U00493,C002,KBC Season 15,GameShow,60.0,60,100.0,Tablet,Free,Mumbai,Tier 1,2024-01-20 19:00:00,OTT_APP
EVT_003265,U00060,C005,Mirzapur S3,Thriller,41.2,55,75.0,Smart TV,Annual,Hyderabad,Tier 2,2024-02-19 11:00:00,OTT_APP
EVT_003266,U00213,C004,Panchayat S3,Series,15.0,30,50.0,Laptop,Annual,Mumbai,Tier 1,2024-03-17 18:00:00,OTT_APP
EVT_003267,U00143,C001,Anupamaa S1,Series,11.2,45,25.0,Smart TV,Free,Chennai,Tier 1,2024-02-20 13:00:00,OTT_APP
EVT_003268,U00138,C002,KBC Season 15,GameShow,60.0,60,100.0,Mobile,Free,Delhi,Tier 1,2024-01-18 13:00:00,OTT_APP
EVT_003269,U00457,C002,KBC Season 15,GameShow,45.0,60,75.0,Laptop,Annual,Bangalore,Tier 1,2024-03-11 13:00:00,OTT_APP
EVT_003270,U00443,C003,IPL 2024 Final,Sports,157.5,210,75.0,Laptop,Free,Mumbai,Tier 1,2024-01-13 21:00:00,OTT_APP
EVT_003271,U00062,C003,IPL 2024 Final,Sports,52.5,210,25.0,Tablet,Premium,Chennai,Tier 1,2024-02-05 18:00:00,OTT_APP
EVT_003272,U00033,C001,Anupamaa S1,Series,33.8,45,75.0,Laptop,Premium,Delhi,Tier 1,2024-02-01 17:00:00,OTT_APP
EVT_003273,U00445,C004,Panchayat S3,Series,60.0,30,100.0,Laptop,Free,Bangalore,Tier 1,2024-02-09 10:00:00,OTT_APP
EVT_003274,U00195,C001,Anupamaa S1,Series,33.8,45,75.0,Smart TV,Free,Delhi,Tier 1,2024-03-03 10:00:00,OTT_APP
EVT_003275,U00458,C005,Mirzapur S3,Thriller,41.2,55,75.0,Tablet,Premium,Chennai,Tier 1,2024-03-23 18:00:00,OTT_APP
EVT_003276,U00193,C005,Mirzapur S3,Thriller,55.0,55,100.0,Tablet,Free,Delhi,Tier 1,2024-03-03 20:00:00,OTT_APP
EVT_003277,U00166,C003,IPL 2024 Final,Sports,157.5,210,75.0,Mobile,Basic,Mumbai,Tier 1,2024-01-28 23:00:00,OTT_APP
EVT_003278,U00474,C003,IPL 2024 Final,Sports,105.0,210,50.0,Tablet,Annual,Delhi,Tier 1,2024-02-04 15:00:00,OTT_APP
EVT_003279,U00294,C004,Panchayat S3,Series,7.5,30,25.0,Mobile,Premium,Hyderabad,Tier 2,2024-03-09 13:00:00,OTT_APP
EVT_003280,U00474,C004,Panchayat S3,Series,30.0,30,100.0,Tablet,Premium,Delhi,Tier 1,2024-01-09 14:00:00,OTT_APP
EVT_003281,U00150,C004,Panchayat S3,Series,22.5,30,75.0,Smart TV,Basic,Mumbai,Tier 1,2024-02-17 21:00:00,OTT_APP
EVT_003282,U00270,C003,IPL 2024 Final,Sports,52.5,210,25.0,Laptop,Premium,Chennai,Tier 1,2024-03-30 20:00:00,OTT_APP
EVT_003283,U00299,C002,KBC Season 15,GameShow,15.0,60,25.0,Tablet,Premium,Mumbai,Tier 1,2024-02-07 06:00:00,OTT_APP
EVT_003284,U00264,C002,KBC Season 15,GameShow,30.0,60,50.0,Smart TV,Free,Bangalore,Tier 1,2024-02-24 09:00:00,OTT_APP
EVT_003285,,C005,Mirzapur S3,Thriller,55.0,55,100.0,Laptop,Basic,Hyderabad,Tier 2,2024-01-07 07:00:00,OTT_APP
EVT_003286,U00048,C001,Anupamaa S1,Series,22.5,45,50.0,Mobile,Premium,Hyderabad,Tier 2,2024-01-11 16:00:00,OTT_APP
EVT_003287,U00324,C002,KBC Season 15,GameShow,30.0,60,50.0,Mobile,Free,Hyderabad,Tier 2,2024-02-22 11:00:00,OTT_APP
EVT_003288,U00050,C004,Panchayat S3,Series,30.0,30,100.0,Mobile,Annual,Mumbai,Tier 1,2024-03-11 20:00:00,OTT_APP
EVT_003289,U00390,C005,Mirzapur S3,Thriller,27.5,55,50.0,Laptop,Free,Chennai,Tier 1,2024-01-17 16:00:00,OTT_APP
EVT_003290,U00421,C004,Panchayat S3,Series,22.5,30,75.0,Smart TV,Basic,Mumbai,Tier 1,2024-01-19 19:00:00,OTT_APP
EVT_003291,U00007,C001,Anupamaa S1,Series,22.5,45,50.0,Laptop,Free,Chennai,Tier 1,2024-01-23 12:00:00,OTT_APP
EVT_003292,U00222,C001,Anupamaa S1,Series,11.2,45,25.0,Tablet,Premium,Mumbai,Tier 1,2024-01-24 22:00:00,OTT_APP
EVT_003293,U00380,C001,Anupamaa S1,Series,33.8,45,75.0,Mobile,Free,Delhi,Tier 1,2024-01-22 15:00:00,OTT_APP
EVT_003294,U00246,C003,IPL 2024 Final,Sports,210.0,210,100.0,Mobile,Free,Mumbai,Tier 1,2024-02-21 19:00:00,OTT_APP
EVT_003295,U00010,C003,IPL 2024 Final,Sports,52.5,210,25.0,Mobile,Annual,Chennai,Tier 1,2024-03-16 10:00:00,OTT_APP
EVT_003296,U00066,C004,Panchayat S3,Series,30.0,30,100.0,Smart TV,Basic,Delhi,Tier 1,2024-03-07 10:00:00,OTT_APP
EVT_003297,U00095,C003,IPL 2024 Final,Sports,52.5,210,25.0,Smart TV,Free,Chennai,Tier 1,2024-01-30 10:00:00,OTT_APP
EVT_003298,U00436,C003,IPL 2024 Final,Sports,105.0,210,50.0,Mobile,Free,Mumbai,Tier 1,2024-01-13 07:00:00,OTT_APP
EVT_003299,U00295,C002,KBC Season 15,GameShow,30.0,60,50.0,Mobile,Basic,Chennai,Tier 1,2024-01-27 13:00:00,OTT_APP
EVT_003300,U00194,C002,KBC Season 15,GameShow,45.0,60,75.0,Mobile,Basic,Chennai,Tier 1,2024-01-24 22:00:00,OTT_APP
EVT_003301,U00427,C002,KBC Season 15,GameShow,30.0,60,50.0,Laptop,Premium,Hyderabad,Tier 2,2024-02-02 16:00:00,OTT_APP
EVT_003302,U00205,C003,IPL 2024 Final,Sports,52.5,210,25.0,Tablet,Premium,Chennai,Tier 1,2024-01-24 22:00:00,OTT_APP
EVT_003303,U00299,C005,Mirzapur S3,Thriller,27.5,55,50.0,Laptop,Annual,Mumbai,Tier 1,2024-01-23 14:00:00,OTT_APP
EVT_003304,U00127,C002,KBC Season 15,GameShow,30.0,60,50.0,Laptop,Annual,Mumbai,Tier 1,2024-03-15 17:00:00,OTT_APP
EVT_003305,,C004,Panchayat S3,Series,22.5,30,75.0,Tablet,Basic,Delhi,Tier 1,2024-02-05 23:00:00,OTT_APP
EVT_003306,U00428,C005,Mirzapur S3,Thriller,27.5,55,50.0,Mobile,Premium,Delhi,Tier 1,2024-02-15 18:00:00,OTT_APP
EVT_003307,U00289,C002,KBC Season 15,GameShow,60.0,60,100.0,Mobile,Premium,Bangalore,Tier 1,2024-02-17 16:00:00,OTT_APP
EVT_003308,U00404,C004,Panchayat S3,Series,30.0,30,100.0,Smart TV,Free,Bangalore,Tier 1,2024-01-21 17:00:00,OTT_APP
EVT_003309,U00137,C005,Mirzapur S3,Thriller,55.0,55,100.0,Laptop,Premium,Bangalore,Tier 1,2024-02-08 09:00:00,OTT_APP
EVT_003310,U00082,C002,KBC Season 15,GameShow,30.0,60,50.0,Tablet,Annual,Hyderabad,Tier 2,2024-03-30 17:00:00,OTT_APP
EVT_003311,U00342,C003,IPL 2024 Final,Sports,210.0,210,100.0,Smart TV,Premium,Bangalore,Tier 1,2024-02-25 16:00:00,OTT_APP
EVT_003312,U00455,C002,KBC Season 15,GameShow,45.0,60,75.0,Tablet,Basic,Bangalore,Tier 1,2024-01-17 23:00:00,OTT_APP
EVT_003313,U00153,C002,KBC Season 15,GameShow,30.0,60,50.0,Mobile,Premium,Bangalore,Tier 1,2024-03-04 10:00:00,OTT_APP
EVT_003314,U00487,C004,Panchayat S3,Series,7.5,30,25.0,Smart TV,Basic,Bangalore,Tier 1,2024-03-23 19:00:00,OTT_APP
EVT_003315,U00169,C003,IPL 2024 Final,Sports,105.0,210,50.0,Laptop,Basic,Chennai,Tier 1,2024-02-22 23:00:00,OTT_APP
EVT_003316,U00076,C005,Mirzapur S3,Thriller,13.8,55,25.0,Tablet,Annual,Mumbai,Tier 1,2024-02-20 23:00:00,OTT_APP
EVT_003317,U00404,C005,Mirzapur S3,Thriller,41.2,55,75.0,Mobile,Annual,Hyderabad,Tier 2,2024-03-18 23:00:00,OTT_APP
EVT_003318,U00043,C001,Anupamaa S1,Series,22.5,45,50.0,Mobile,Annual,Delhi,Tier 1,2024-03-27 22:00:00,OTT_APP
EVT_003319,U00126,C005,Mirzapur S3,Thriller,41.2,55,75.0,Mobile,Annual,Bangalore,Tier 1,2024-01-12 06:00:00,OTT_APP
EVT_003320,U00354,C002,KBC Season 15,GameShow,30.0,60,50.0,Smart TV,Free,Bangalore,Tier 1,2024-01-08 21:00:00,OTT_APP
EVT_003321,U00491,C001,Anupamaa S1,Series,22.5,45,50.0,Mobile,Basic,Hyderabad,Tier 2,2024-02-24 21:00:00,OTT_APP
EVT_003322,U00068,C004,Panchayat S3,Series,22.5,30,75.0,Mobile,Premium,Hyderabad,Tier 2,2024-01-27 09:00:00,OTT_APP
EVT_003323,U00204,C004,Panchayat S3,Series,30.0,30,100.0,Smart TV,Premium,Hyderabad,Tier 2,2024-02-08 20:00:00,OTT_APP
EVT_003324,U00199,C003,IPL 2024 Final,Sports,420.0,210,100.0,Tablet,Premium,Hyderabad,Tier 2,2024-03-22 11:00:00,OTT_APP
EVT_003325,U00236,C004,Panchayat S3,Series,15.0,30,50.0,Smart TV,Premium,Delhi,Tier 1,2024-03-17 09:00:00,OTT_APP
EVT_003326,U00434,C001,Anupamaa S1,Series,22.5,45,50.0,Mobile,Free,Hyderabad,Tier 2,2024-02-03 22:00:00,OTT_APP
EVT_003327,U00046,C002,KBC Season 15,GameShow,45.0,60,75.0,Laptop,Annual,Bangalore,Tier 1,2024-02-07 20:00:00,OTT_APP
EVT_003328,U00169,C001,Anupamaa S1,Series,22.5,45,50.0,Smart TV,Free,Hyderabad,Tier 2,2024-01-29 12:00:00,OTT_APP
EVT_003329,U00180,C001,Anupamaa S1,Series,11.2,45,25.0,Mobile,Free,Bangalore,Tier 1,2024-01-14 11:00:00,OTT_APP
EVT_003330,U00375,C004,Panchayat S3,Series,30.0,30,100.0,Mobile,Free,Delhi,Tier 1,2024-03-13 14:00:00,OTT_APP
EVT_003331,U00244,C002,KBC Season 15,GameShow,30.0,60,50.0,Laptop,Annual,Chennai,Tier 1,2024-02-04 12:00:00,OTT_APP
EVT_003332,U00145,C002,KBC Season 15,GameShow,60.0,60,100.0,Mobile,Premium,Chennai,Tier 1,2024-03-09 09:00:00,OTT_APP
EVT_003333,U00308,C001,Anupamaa S1,Series,33.8,45,75.0,Smart TV,Free,Mumbai,Tier 1,2024-02-25 21:00:00,OTT_APP
EVT_003334,U00206,C001,Anupamaa S1,Series,45.0,45,100.0,Mobile,Premium,Hyderabad,Tier 2,2024-01-12 09:00:00,OTT_APP
EVT_003335,U00396,C005,Mirzapur S3,Thriller,41.2,55,75.0,Mobile,Free,Hyderabad,Tier 2,2024-03-25 08:00:00,OTT_APP
EVT_003336,U00272,C003,IPL 2024 Final,Sports,157.5,210,75.0,Laptop,Annual,Delhi,Tier 1,2024-01-05 10:00:00,OTT_APP
EVT_003337,U00449,C001,Anupamaa S1,Series,22.5,45,50.0,Mobile,Basic,Hyderabad,Tier 2,2024-01-05 08:00:00,OTT_APP
EVT_003338,U00459,C003,IPL 2024 Final,Sports,52.5,210,25.0,Tablet,Premium,Delhi,Tier 1,2024-02-03 22:00:00,OTT_APP
EVT_003339,U00164,C005,Mirzapur S3,Thriller,27.5,55,50.0,Smart TV,Free,Delhi,Tier 1,2024-01-08 12:00:00,OTT_APP
EVT_003340,U00249,C004,Panchayat S3,Series,7.5,30,25.0,Mobile,Basic,Bangalore,Tier 1,2024-03-13 09:00:00,OTT_APP
EVT_003341,U00051,C005,Mirzapur S3,Thriller,27.5,55,50.0,Mobile,Annual,Mumbai,Tier 1,2024-02-11 21:00:00,OTT_APP
EVT_003342,U00299,C001,Anupamaa S1,Series,22.5,45,50.0,Tablet,Free,Delhi,Tier 1,2024-03-31 09:00:00,OTT_APP
EVT_003343,U00083,C002,KBC Season 15,GameShow,30.0,60,50.0,Mobile,Premium,Bangalore,Tier 1,2024-03-26 06:00:00,OTT_APP
EVT_003344,U00163,C001,Anupamaa S1,Series,11.2,45,25.0,Smart TV,Annual,Hyderabad,Tier 2,2024-02-28 15:00:00,OTT_APP
EVT_003345,U00244,C001,Anupamaa S1,Series,45.0,45,100.0,Tablet,Annual,Hyderabad,Tier 2,2024-01-28 19:00:00,OTT_APP
EVT_003346,U00123,C004,Panchayat S3,Series,15.0,30,50.0,Mobile,Free,Bangalore,Tier 1,2024-01-25 08:00:00,OTT_APP
EVT_003347,U00063,C004,Panchayat S3,Series,15.0,30,50.0,Tablet,Basic,Mumbai,Tier 1,2024-03-25 18:00:00,OTT_APP
EVT_003348,U00450,C002,KBC Season 15,GameShow,45.0,60,75.0,Mobile,Free,Mumbai,Tier 1,2024-02-14 15:00:00,OTT_APP
EVT_003349,U00027,C002,KBC Season 15,GameShow,15.0,60,25.0,Laptop,Annual,Chennai,Tier 1,2024-01-28 16:00:00,OTT_APP
EVT_003350,U00417,C002,KBC Season 15,GameShow,30.0,60,50.0,Tablet,Premium,Bangalore,Tier 1,2024-03-11 14:00:00,OTT_APP
EVT_003351,U00379,C002,KBC Season 15,GameShow,60.0,60,100.0,Tablet,Free,Delhi,Tier 1,2024-03-24 21:00:00,OTT_APP
EVT_003352,U00369,C001,Anupamaa S1,Series,11.2,45,25.0,Mobile,Annual,Chennai,Tier 1,2024-02-06 21:00:00,OTT_APP
EVT_003353,U00270,C005,Mirzapur S3,Thriller,41.2,55,75.0,Tablet,Annual,Hyderabad,Tier 2,2024-02-05 22:00:00,OTT_APP
EVT_003354,U00030,C004,Panchayat S3,Series,22.5,30,75.0,Mobile,Premium,Hyderabad,Tier 2,2024-03-13 13:00:00,OTT_APP
EVT_003355,U00179,C001,Anupamaa S1,Series,33.8,45,75.0,Laptop,Basic,Chennai,Tier 1,2024-02-25 20:00:00,OTT_APP
EVT_003356,U00437,C003,IPL 2024 Final,Sports,105.0,210,50.0,Smart TV,Annual,Hyderabad,Tier 2,2024-02-07 10:00:00,OTT_APP
EVT_003357,U00390,C001,Anupamaa S1,Series,22.5,45,50.0,Tablet,Annual,Bangalore,Tier 1,2024-02-21 10:00:00,OTT_APP
EVT_003358,U00012,C003,IPL 2024 Final,Sports,52.5,210,25.0,Mobile,Free,Bangalore,Tier 1,2024-01-02 21:00:00,OTT_APP
EVT_003359,U00003,C003,IPL 2024 Final,Sports,210.0,210,100.0,Laptop,Annual,Chennai,Tier 1,2024-01-15 13:00:00,OTT_APP
EVT_003360,U00449,C002,KBC Season 15,GameShow,30.0,60,50.0,Mobile,Free,Hyderabad,Tier 2,2024-02-26 09:00:00,OTT_APP
EVT_003361,U00498,C004,Panchayat S3,Series,15.0,30,50.0,Mobile,Annual,Hyderabad,Tier 2,2024-01-08 14:00:00,OTT_APP
EVT_003362,,C002,KBC Season 15,GameShow,45.0,60,75.0,Smart TV,Free,Mumbai,Tier 1,2024-03-01 19:00:00,OTT_APP
EVT_003363,U00074,C001,Anupamaa S1,Series,22.5,45,50.0,Smart TV,Basic,Delhi,Tier 1,2024-01-18 13:00:00,OTT_APP
EVT_003364,,C002,KBC Season 15,GameShow,45.0,60,75.0,Laptop,Premium,Chennai,Tier 1,2024-01-02 23:00:00,OTT_APP
EVT_003365,U00017,C002,KBC Season 15,GameShow,45.0,60,75.0,Mobile,Premium,Chennai,Tier 1,2024-03-18 15:00:00,OTT_APP
EVT_003366,U00310,C001,Anupamaa S1,Series,11.2,45,25.0,Mobile,Basic,Hyderabad,Tier 2,2024-02-04 20:00:00,OTT_APP
EVT_003367,U00480,C003,IPL 2024 Final,Sports,210.0,210,100.0,Smart TV,Premium,Mumbai,Tier 1,2024-03-31 09:00:00,OTT_APP
EVT_003368,U00496,C001,Anupamaa S1,Series,45.0,45,100.0,Laptop,Basic,Chennai,Tier 1,2024-01-25 16:00:00,OTT_APP
EVT_003369,U00473,C002,KBC Season 15,GameShow,60.0,60,100.0,Mobile,Annual,Hyderabad,Tier 2,2024-03-16 10:00:00,OTT_APP
EVT_003370,U00021,C003,IPL 2024 Final,Sports,52.5,210,25.0,Laptop,Basic,Chennai,Tier 1,2024-03-03 23:00:00,OTT_APP
EVT_003371,U00013,C001,Anupamaa S1,Series,11.2,45,25.0,Tablet,Free,Hyderabad,Tier 2,2024-01-03 08:00:00,OTT_APP
EVT_003372,U00040,C005,Mirzapur S3,Thriller,27.5,55,50.0,Tablet,Basic,Chennai,Tier 1,2024-02-01 15:00:00,OTT_APP
EVT_003373,U00148,C005,Mirzapur S3,Thriller,55.0,55,100.0,Laptop,Annual,Mumbai,Tier 1,2024-03-24 14:00:00,OTT_APP
EVT_003374,U00090,C004,Panchayat S3,Series,15.0,30,50.0,Mobile,Basic,Delhi,Tier 1,2024-03-11 07:00:00,OTT_APP
EVT_003375,U00329,C001,Anupamaa S1,Series,22.5,45,50.0,Mobile,Basic,Chennai,Tier 1,2024-03-04 23:00:00,OTT_APP
EVT_003376,U00050,C004,Panchayat S3,Series,22.5,30,75.0,Smart TV,Annual,Mumbai,Tier 1,2024-03-26 10:00:00,OTT_APP
EVT_003377,U00164,C003,IPL 2024 Final,Sports,210.0,210,100.0,Tablet,Premium,Delhi,Tier 1,2024-02-21 06:00:00,OTT_APP
EVT_003378,U00358,C003,IPL 2024 Final,Sports,210.0,210,100.0,Mobile,Premium,Chennai,Tier 1,2024-03-16 15:00:00,OTT_APP
EVT_003379,U00291,C002,KBC Season 15,GameShow,45.0,60,75.0,Mobile,Premium,Mumbai,Tier 1,2024-02-23 19:00:00,OTT_APP
EVT_003380,U00220,C003,IPL 2024 Final,Sports,210.0,210,100.0,Mobile,Annual,Hyderabad,Tier 2,2024-03-18 23:00:00,OTT_APP
EVT_003381,U00236,C001,Anupamaa S1,Series,33.8,45,75.0,Smart TV,Basic,Bangalore,Tier 1,2024-02-12 19:00:00,OTT_APP
EVT_003382,U00043,C004,Panchayat S3,Series,30.0,30,100.0,Laptop,Premium,Chennai,Tier 1,2024-02-26 07:00:00,OTT_APP
EVT_003383,U00340,C002,KBC Season 15,GameShow,30.0,60,50.0,Mobile,Premium,Mumbai,Tier 1,2024-01-29 19:00:00,OTT_APP
EVT_003384,U00113,C005,Mirzapur S3,Thriller,55.0,55,100.0,Mobile,Premium,Mumbai,Tier 1,2024-01-18 17:00:00,OTT_APP
EVT_003385,U00328,C002,KBC Season 15,GameShow,30.0,60,50.0,Laptop,Premium,Bangalore,Tier 1,2024-03-19 11:00:00,OTT_APP
EVT_003386,U00411,C003,IPL 2024 Final,Sports,105.0,210,50.0,Mobile,Premium,Bangalore,Tier 1,2024-01-24 16:00:00,OTT_APP
EVT_003387,U00109,C002,KBC Season 15,GameShow,30.0,60,50.0,Tablet,Free,Delhi,Tier 1,2024-02-02 11:00:00,OTT_APP
EVT_003388,U00158,C001,Anupamaa S1,Series,22.5,45,50.0,Mobile,Premium,Bangalore,Tier 1,2024-03-31 10:00:00,OTT_APP
EVT_003389,U00168,C003,IPL 2024 Final,Sports,105.0,210,50.0,Tablet,Premium,Bangalore,Tier 1,2024-03-17 09:00:00,OTT_APP
EVT_003390,U00090,C004,Panchayat S3,Series,15.0,30,50.0,Laptop,Annual,Hyderabad,Tier 2,2024-01-04 18:00:00,OTT_APP
EVT_003391,U00032,C001,Anupamaa S1,Series,11.2,45,25.0,Smart TV,Basic,Delhi,Tier 1,2024-02-17 20:00:00,OTT_APP
EVT_003392,U00184,C002,KBC Season 15,GameShow,45.0,60,75.0,Smart TV,Basic,Hyderabad,Tier 2,2024-02-13 15:00:00,OTT_APP
EVT_003393,U00199,C001,Anupamaa S1,Series,22.5,45,50.0,Smart TV,Free,Hyderabad,Tier 2,2024-01-18 22:00:00,OTT_APP
EVT_003394,U00201,C003,IPL 2024 Final,Sports,52.5,210,25.0,Smart TV,Free,Delhi,Tier 1,2024-03-18 19:00:00,OTT_APP
EVT_003395,U00308,C004,Panchayat S3,Series,7.5,30,25.0,Smart TV,Basic,Bangalore,Tier 1,2024-02-07 11:00:00,OTT_APP
EVT_003396,U00475,C001,Anupamaa S1,Series,22.5,45,50.0,Smart TV,Free,Bangalore,Tier 1,2024-02-29 23:00:00,OTT_APP
EVT_003397,U00196,C003,IPL 2024 Final,Sports,157.5,210,75.0,Smart TV,Annual,Hyderabad,Tier 2,2024-01-23 18:00:00,OTT_APP
EVT_003398,U00498,C001,Anupamaa S1,Series,22.5,45,50.0,Smart TV,Free,Delhi,Tier 1,2024-02-15 07:00:00,OTT_APP
EVT_003399,U00273,C002,KBC Season 15,GameShow,45.0,60,75.0,Tablet,Free,Hyderabad,Tier 2,2024-01-06 15:00:00,OTT_APP
EVT_003400,U00055,C002,KBC Season 15,GameShow,15.0,60,25.0,Smart TV,Basic,Bangalore,Tier 1,2024-01-13 07:00:00,OTT_APP
EVT_003401,U00044,C002,KBC Season 15,GameShow,30.0,60,50.0,Mobile,Free,Delhi,Tier 1,2024-03-03 21:00:00,OTT_APP
EVT_003402,U00221,C001,Anupamaa S1,Series,33.8,45,75.0,Mobile,Annual,Delhi,Tier 1,2024-03-31 16:00:00,OTT_APP
EVT_003403,,C002,KBC Season 15,GameShow,15.0,60,25.0,Laptop,Free,Chennai,Tier 1,2024-02-18 14:00:00,OTT_APP
EVT_003404,U00002,C005,Mirzapur S3,Thriller,41.2,55,75.0,Laptop,Basic,Chennai,Tier 1,2024-03-17 15:00:00,OTT_APP
EVT_003405,,C002,KBC Season 15,GameShow,15.0,60,25.0,Smart TV,Free,Chennai,Tier 1,2024-01-28 10:00:00,OTT_APP
EVT_003406,U00394,C004,Panchayat S3,Series,22.5,30,75.0,Mobile,Premium,Bangalore,Tier 1,2024-02-29 23:00:00,OTT_APP
EVT_003407,U00228,C003,IPL 2024 Final,Sports,105.0,210,50.0,Mobile,Free,Bangalore,Tier 1,2024-02-06 13:00:00,OTT_APP
EVT_003408,U00472,C005,Mirzapur S3,Thriller,27.5,55,50.0,Mobile,Annual,Chennai,Tier 1,2024-01-26 09:00:00,OTT_APP
EVT_003409,U00030,C004,Panchayat S3,Series,15.0,30,50.0,Tablet,Basic,Bangalore,Tier 1,2024-02-24 16:00:00,OTT_APP
EVT_003410,U00014,C004,Panchayat S3,Series,22.5,30,75.0,Smart TV,Free,Bangalore,Tier 1,2024-01-09 10:00:00,OTT_APP
EVT_003411,U00409,C003,IPL 2024 Final,Sports,105.0,210,50.0,Mobile,Basic,Mumbai,Tier 1,2024-02-22 08:00:00,OTT_APP
EVT_003412,U00321,C002,KBC Season 15,GameShow,30.0,60,50.0,Laptop,Free,Mumbai,Tier 1,2024-02-20 21:00:00,OTT_APP
EVT_003413,U00105,C004,Panchayat S3,Series,22.5,30,75.0,Tablet,Basic,Bangalore,Tier 1,2024-03-21 19:00:00,OTT_APP
EVT_003414,U00183,C002,KBC Season 15,GameShow,15.0,60,25.0,Smart TV,Free,Bangalore,Tier 1,2024-01-16 23:00:00,OTT_APP
EVT_003415,U00189,C002,KBC Season 15,GameShow,30.0,60,50.0,Laptop,Basic,Hyderabad,Tier 2,2024-02-06 22:00:00,OTT_APP
EVT_003416,U00099,C004,Panchayat S3,Series,7.5,30,25.0,Mobile,Free,Chennai,Tier 1,2024-01-20 15:00:00,OTT_APP
EVT_003417,U00396,C001,Anupamaa S1,Series,45.0,45,100.0,Smart TV,Basic,Delhi,Tier 1,2024-02-28 16:00:00,OTT_APP
EVT_003418,U00133,C002,KBC Season 15,GameShow,45.0,60,75.0,Laptop,Premium,Mumbai,Tier 1,2024-01-27 10:00:00,OTT_APP
EVT_003419,U00314,C005,Mirzapur S3,Thriller,41.2,55,75.0,Smart TV,Basic,Hyderabad,Tier 2,2024-02-18 18:00:00,OTT_APP
EVT_003420,U00252,C004,Panchayat S3,Series,30.0,30,100.0,Smart TV,Annual,Hyderabad,Tier 2,2024-02-03 09:00:00,OTT_APP
EVT_003421,U00471,C004,Panchayat S3,Series,15.0,30,50.0,Smart TV,Free,Mumbai,Tier 1,2024-02-13 12:00:00,OTT_APP
EVT_003422,U00418,C001,Anupamaa S1,Series,11.2,45,25.0,Laptop,Premium,Chennai,Tier 1,2024-03-26 06:00:00,OTT_APP
EVT_003423,U00221,C002,KBC Season 15,GameShow,45.0,60,75.0,Laptop,Basic,Bangalore,Tier 1,2024-02-07 11:00:00,OTT_APP
EVT_003424,U00144,C003,IPL 2024 Final,Sports,52.5,210,25.0,Tablet,Premium,Delhi,Tier 1,2024-03-03 11:00:00,OTT_APP
EVT_003425,U00345,C002,KBC Season 15,GameShow,60.0,60,100.0,Laptop,Premium,Delhi,Tier 1,2024-03-03 17:00:00,OTT_APP
EVT_003426,U00226,C004,Panchayat S3,Series,22.5,30,75.0,Tablet,Annual,Bangalore,Tier 1,2024-02-03 22:00:00,OTT_APP
EVT_003427,,C002,KBC Season 15,GameShow,15.0,60,25.0,Mobile,Free,Hyderabad,Tier 2,2024-02-06 17:00:00,OTT_APP
EVT_003428,U00491,C003,IPL 2024 Final,Sports,105.0,210,50.0,Laptop,Basic,Delhi,Tier 1,2024-02-10 06:00:00,OTT_APP
EVT_003429,U00440,C005,Mirzapur S3,Thriller,27.5,55,50.0,Mobile,Basic,Bangalore,Tier 1,2024-03-09 16:00:00,OTT_APP
EVT_003430,U00365,C001,Anupamaa S1,Series,45.0,45,100.0,Laptop,Basic,Delhi,Tier 1,2024-02-27 19:00:00,OTT_APP
EVT_003431,U00315,C005,Mirzapur S3,Thriller,55.0,55,100.0,Laptop,Basic,Chennai,Tier 1,2024-03-30 06:00:00,OTT_APP
EVT_003432,U00068,C003,IPL 2024 Final,Sports,157.5,210,75.0,Mobile,Premium,Chennai,Tier 1,2024-01-18 08:00:00,OTT_APP
EVT_003433,U00076,C004,Panchayat S3,Series,30.0,30,100.0,Smart TV,Premium,Chennai,Tier 1,2024-01-01 11:00:00,OTT_APP
EVT_003434,U00498,C004,Panchayat S3,Series,15.0,30,50.0,Laptop,Annual,Mumbai,Tier 1,2024-02-06 17:00:00,OTT_APP
EVT_003435,U00235,C002,KBC Season 15,GameShow,30.0,60,50.0,Mobile,Basic,Hyderabad,Tier 2,2024-02-07 07:00:00,OTT_APP
EVT_003436,U00150,C002,KBC Season 15,GameShow,45.0,60,75.0,Laptop,Basic,Hyderabad,Tier 2,2024-01-18 08:00:00,OTT_APP
EVT_003437,U00475,C002,KBC Season 15,GameShow,15.0,60,25.0,Tablet,Premium,Delhi,Tier 1,2024-03-29 07:00:00,OTT_APP
EVT_003438,U00393,C001,Anupamaa S1,Series,33.8,45,75.0,Laptop,Free,Bangalore,Tier 1,2024-03-03 18:00:00,OTT_APP
EVT_003439,U00435,C004,Panchayat S3,Series,7.5,30,25.0,Laptop,Basic,Delhi,Tier 1,2024-03-26 10:00:00,OTT_APP
EVT_003440,U00421,C001,Anupamaa S1,Series,11.2,45,25.0,Mobile,Premium,Delhi,Tier 1,2024-01-20 06:00:00,OTT_APP
EVT_003441,U00396,C005,Mirzapur S3,Thriller,55.0,55,100.0,Smart TV,Basic,Delhi,Tier 1,2024-02-19 14:00:00,OTT_APP
EVT_003442,U00012,C002,KBC Season 15,GameShow,30.0,60,50.0,Smart TV,Annual,Bangalore,Tier 1,2024-03-27 18:00:00,OTT_APP
EVT_003443,U00196,C004,Panchayat S3,Series,22.5,30,75.0,Mobile,Premium,Mumbai,Tier 1,2024-03-30 12:00:00,OTT_APP
EVT_003444,U00013,C003,IPL 2024 Final,Sports,157.5,210,75.0,Tablet,Annual,Chennai,Tier 1,2024-02-25 10:00:00,OTT_APP
EVT_003445,U00075,C003,IPL 2024 Final,Sports,157.5,210,75.0,Tablet,Premium,Mumbai,Tier 1,2024-01-15 12:00:00,OTT_APP
EVT_003446,U00423,C001,Anupamaa S1,Series,45.0,45,100.0,Mobile,Free,Delhi,Tier 1,2024-02-17 07:00:00,OTT_APP
EVT_003447,U00244,C001,Anupamaa S1,Series,45.0,45,100.0,Tablet,Free,Chennai,Tier 1,2024-02-20 09:00:00,OTT_APP
EVT_003448,U00296,C005,Mirzapur S3,Thriller,55.0,55,100.0,Mobile,Premium,Delhi,Tier 1,2024-03-08 22:00:00,OTT_APP
EVT_003449,U00140,C003,IPL 2024 Final,Sports,157.5,210,75.0,Smart TV,Free,Mumbai,Tier 1,2024-02-06 07:00:00,OTT_APP
EVT_003450,U00352,C003,IPL 2024 Final,Sports,105.0,210,50.0,Smart TV,Premium,Hyderabad,Tier 2,2024-02-13 08:00:00,OTT_APP
EVT_003451,U00331,C002,KBC Season 15,GameShow,45.0,60,75.0,Smart TV,Annual,Mumbai,Tier 1,2024-02-05 22:00:00,OTT_APP
EVT_003452,U00101,C003,IPL 2024 Final,Sports,105.0,210,50.0,Mobile,Free,Chennai,Tier 1,2024-03-05 07:00:00,OTT_APP
EVT_003453,U00145,C001,Anupamaa S1,Series,45.0,45,100.0,Laptop,Free,Hyderabad,Tier 2,2024-02-10 18:00:00,OTT_APP
EVT_003454,U00019,C004,Panchayat S3,Series,30.0,30,100.0,Mobile,Free,Bangalore,Tier 1,2024-03-11 14:00:00,OTT_APP
EVT_003455,U00356,C002,KBC Season 15,GameShow,60.0,60,100.0,Smart TV,Annual,Mumbai,Tier 1,2024-02-21 22:00:00,OTT_APP
EVT_003456,U00476,C001,Anupamaa S1,Series,22.5,45,50.0,Laptop,Annual,Mumbai,Tier 1,2024-02-16 22:00:00,OTT_APP
EVT_003457,U00424,C005,Mirzapur S3,Thriller,55.0,55,100.0,Laptop,Annual,Mumbai,Tier 1,2024-01-11 21:00:00,OTT_APP
EVT_003458,U00082,C003,IPL 2024 Final,Sports,157.5,210,75.0,Laptop,Free,Hyderabad,Tier 2,2024-01-26 12:00:00,OTT_APP
EVT_003459,U00497,C004,Panchayat S3,Series,30.0,30,100.0,Smart TV,Premium,Chennai,Tier 1,2024-01-04 16:00:00,OTT_APP
EVT_003460,U00217,C002,KBC Season 15,GameShow,30.0,60,50.0,Tablet,Annual,Hyderabad,Tier 2,2024-01-09 17:00:00,OTT_APP
EVT_003461,,C002,KBC Season 15,GameShow,45.0,60,75.0,Smart TV,Premium,Delhi,Tier 1,2024-02-16 13:00:00,OTT_APP
EVT_003462,U00464,C002,KBC Season 15,GameShow,30.0,60,50.0,Laptop,Premium,Delhi,Tier 1,2024-01-13 20:00:00,OTT_APP
EVT_003463,U00476,C005,Mirzapur S3,Thriller,13.8,55,25.0,Laptop,Annual,Chennai,Tier 1,2024-03-10 14:00:00,OTT_APP
EVT_003464,U00004,C005,Mirzapur S3,Thriller,27.5,55,50.0,Smart TV,Premium,Delhi,Tier 1,2024-01-01 12:00:00,OTT_APP
EVT_003465,U00387,C002,KBC Season 15,GameShow,15.0,60,25.0,Laptop,Annual,Bangalore,Tier 1,2024-01-23 21:00:00,OTT_APP
EVT_003466,U00036,C005,Mirzapur S3,Thriller,41.2,55,75.0,Tablet,Free,Delhi,Tier 1,2024-02-02 16:00:00,OTT_APP
EVT_003467,U00219,C002,KBC Season 15,GameShow,30.0,60,50.0,Mobile,Basic,Hyderabad,Tier 2,2024-02-17 15:00:00,OTT_APP
EVT_003468,U00275,C001,Anupamaa S1,Series,45.0,45,100.0,Laptop,Basic,Bangalore,Tier 1,2024-01-25 06:00:00,OTT_APP
EVT_003469,U00487,C001,Anupamaa S1,Series,33.8,45,75.0,Laptop,Annual,Delhi,Tier 1,2024-03-12 11:00:00,OTT_APP
EVT_003470,U00150,C004,Panchayat S3,Series,15.0,30,50.0,Smart TV,Premium,Mumbai,Tier 1,2024-01-16 22:00:00,OTT_APP
EVT_003471,U00472,C002,KBC Season 15,GameShow,45.0,60,75.0,Laptop,Basic,Bangalore,Tier 1,2024-03-24 22:00:00,OTT_APP
EVT_003472,U00465,C001,Anupamaa S1,Series,45.0,45,100.0,Mobile,Basic,Mumbai,Tier 1,2024-01-02 20:00:00,OTT_APP
EVT_003473,U00100,C001,Anupamaa S1,Series,11.2,45,25.0,Tablet,Premium,Delhi,Tier 1,2024-02-05 10:00:00,OTT_APP
EVT_003474,U00435,C004,Panchayat S3,Series,15.0,30,50.0,Laptop,Annual,Mumbai,Tier 1,2024-02-14 21:00:00,OTT_APP
EVT_003475,U00056,C001,Anupamaa S1,Series,45.0,45,100.0,Laptop,Premium,Bangalore,Tier 1,2024-01-16 21:00:00,OTT_APP
EVT_003476,U00209,C005,Mirzapur S3,Thriller,27.5,55,50.0,Tablet,Free,Bangalore,Tier 1,2024-02-21 20:00:00,OTT_APP
EVT_003477,U00100,C005,Mirzapur S3,Thriller,41.2,55,75.0,Tablet,Premium,Bangalore,Tier 1,2024-03-08 13:00:00,OTT_APP
EVT_003478,,C001,Anupamaa S1,Series,11.2,45,25.0,Tablet,Basic,Chennai,Tier 1,2024-01-20 11:00:00,OTT_APP
EVT_003479,U00320,C004,Panchayat S3,Series,22.5,30,75.0,Smart TV,Basic,Chennai,Tier 1,2024-01-26 20:00:00,OTT_APP
EVT_003480,U00125,C002,KBC Season 15,GameShow,60.0,60,100.0,Mobile,Annual,Hyderabad,Tier 2,2024-01-10 14:00:00,OTT_APP
EVT_003481,U00216,C001,Anupamaa S1,Series,22.5,45,50.0,Mobile,Free,Chennai,Tier 1,2024-03-02 13:00:00,OTT_APP
EVT_003482,U00465,C003,IPL 2024 Final,Sports,105.0,210,50.0,Tablet,Free,Hyderabad,Tier 2,2024-01-15 08:00:00,OTT_APP
EVT_003483,U00215,C001,Anupamaa S1,Series,11.2,45,25.0,Mobile,Free,Bangalore,Tier 1,2024-03-31 10:00:00,OTT_APP
EVT_003484,U00293,C005,Mirzapur S3,Thriller,13.8,55,25.0,Smart TV,Premium,Bangalore,Tier 1,2024-02-14 23:00:00,OTT_APP
EVT_003485,U00471,C004,Panchayat S3,Series,30.0,30,100.0,Smart TV,Basic,Hyderabad,Tier 2,2024-02-28 23:00:00,OTT_APP
EVT_003486,U00252,C003,IPL 2024 Final,Sports,105.0,210,50.0,Mobile,Basic,Hyderabad,Tier 2,2024-01-27 17:00:00,OTT_APP
EVT_003487,,C001,Anupamaa S1,Series,22.5,45,50.0,Tablet,Annual,Bangalore,Tier 1,2024-03-01 08:00:00,OTT_APP
EVT_003488,U00437,C002,KBC Season 15,GameShow,60.0,60,100.0,Tablet,Basic,Hyderabad,Tier 2,2024-02-22 18:00:00,OTT_APP
EVT_003489,U00355,C002,KBC Season 15,GameShow,15.0,60,25.0,Smart TV,Annual,Delhi,Tier 1,2024-01-12 21:00:00,OTT_APP
EVT_003490,,C004,Panchayat S3,Series,15.0,30,50.0,Tablet,Premium,Hyderabad,Tier 2,2024-01-19 15:00:00,OTT_APP
EVT_003491,U00149,C005,Mirzapur S3,Thriller,55.0,55,100.0,Mobile,Free,Bangalore,Tier 1,2024-03-26 10:00:00,OTT_APP
EVT_003492,U00201,C001,Anupamaa S1,Series,33.8,45,75.0,Mobile,Free,Delhi,Tier 1,2024-01-03 23:00:00,OTT_APP
EVT_003493,U00045,C003,IPL 2024 Final,Sports,157.5,210,75.0,Mobile,Premium,Bangalore,Tier 1,2024-01-03 16:00:00,OTT_APP
EVT_003494,U00206,C003,IPL 2024 Final,Sports,105.0,210,50.0,Smart TV,Free,Delhi,Tier 1,2024-03-04 09:00:00,OTT_APP
EVT_003495,U00196,C002,KBC Season 15,GameShow,60.0,60,100.0,Smart TV,Free,Chennai,Tier 1,2024-02-23 12:00:00,OTT_APP
EVT_003496,U00270,C001,Anupamaa S1,Series,45.0,45,100.0,Smart TV,Free,Mumbai,Tier 1,2024-01-05 07:00:00,OTT_APP
EVT_003497,U00438,C005,Mirzapur S3,Thriller,27.5,55,50.0,Mobile,Basic,Mumbai,Tier 1,2024-01-01 15:00:00,OTT_APP
EVT_003498,U00034,C005,Mirzapur S3,Thriller,41.2,55,75.0,Tablet,Basic,Delhi,Tier 1,2024-02-12 14:00:00,OTT_APP
EVT_003499,U00473,C005,Mirzapur S3,Thriller,41.2,55,75.0,Tablet,Basic,Hyderabad,Tier 2,2024-01-30 07:00:00,OTT_APP
EVT_003500,U00202,C004,Panchayat S3,Series,15.0,30,50.0,Smart TV,Free,Mumbai,Tier 1,2024-02-01 19:00:00,OTT_APP
EVT_003501,U00346,C005,Mirzapur S3,Thriller,55.0,55,100.0,Laptop,Free,Mumbai,Tier 1,2024-01-18 10:00:00,OTT_APP
EVT_003502,U00458,C003,IPL 2024 Final,Sports,210.0,210,100.0,Tablet,Annual,Hyderabad,Tier 2,2024-02-08 20:00:00,OTT_APP
EVT_003503,U00019,C001,Anupamaa S1,Series,45.0,45,100.0,Tablet,Basic,Delhi,Tier 1,2024-01-10 08:00:00,OTT_APP
EVT_003504,,C002,KBC Season 15,GameShow,15.0,60,25.0,Smart TV,Annual,Hyderabad,Tier 2,2024-02-25 21:00:00,OTT_APP
EVT_003505,U00300,C005,Mirzapur S3,Thriller,41.2,55,75.0,Mobile,Premium,Delhi,Tier 1,2024-01-13 23:00:00,OTT_APP
EVT_003506,U00209,C002,KBC Season 15,GameShow,45.0,60,75.0,Tablet,Free,Hyderabad,Tier 2,2024-01-30 21:00:00,OTT_APP
EVT_003507,U00354,C001,Anupamaa S1,Series,22.5,45,50.0,Mobile,Annual,Bangalore,Tier 1,2024-02-24 21:00:00,OTT_APP
EVT_003508,U00278,C004,Panchayat S3,Series,15.0,30,50.0,Smart TV,Annual,Delhi,Tier 1,2024-03-25 22:00:00,OTT_APP
EVT_003509,U00013,C002,KBC Season 15,GameShow,30.0,60,50.0,Mobile,Annual,Hyderabad,Tier 2,2024-03-26 17:00:00,OTT_APP
EVT_003510,,C002,KBC Season 15,GameShow,30.0,60,50.0,Laptop,Annual,Bangalore,Tier 1,2024-01-23 11:00:00,OTT_APP
EVT_003511,U00230,C004,Panchayat S3,Series,15.0,30,50.0,Laptop,Free,Hyderabad,Tier 2,2024-01-02 12:00:00,OTT_APP
EVT_003512,U00282,C004,Panchayat S3,Series,30.0,30,100.0,Mobile,Annual,Chennai,Tier 1,2024-01-22 11:00:00,OTT_APP
EVT_003513,U00055,C003,IPL 2024 Final,Sports,157.5,210,75.0,Smart TV,Premium,Delhi,Tier 1,2024-02-10 23:00:00,OTT_APP
EVT_003514,U00223,C003,IPL 2024 Final,Sports,157.5,210,75.0,Tablet,Annual,Bangalore,Tier 1,2024-02-29 10:00:00,OTT_APP
EVT_003515,U00190,C004,Panchayat S3,Series,15.0,30,50.0,Mobile,Premium,Hyderabad,Tier 2,2024-01-25 23:00:00,OTT_APP
EVT_003516,U00056,C001,Anupamaa S1,Series,45.0,45,100.0,Laptop,Premium,Chennai,Tier 1,2024-01-16 20:00:00,OTT_APP
EVT_003517,U00489,C004,Panchayat S3,Series,22.5,30,75.0,Smart TV,Premium,Delhi,Tier 1,2024-03-14 08:00:00,OTT_APP
EVT_003518,U00226,C004,Panchayat S3,Series,15.0,30,50.0,Mobile,Free,Mumbai,Tier 1,2024-03-09 23:00:00,OTT_APP
EVT_003519,U00397,C003,IPL 2024 Final,Sports,157.5,210,75.0,Mobile,Free,Mumbai,Tier 1,2024-01-08 17:00:00,OTT_APP
EVT_003520,U00268,C005,Mirzapur S3,Thriller,13.8,55,25.0,Laptop,Annual,Chennai,Tier 1,2024-03-17 11:00:00,OTT_APP
EVT_003521,U00329,C003,IPL 2024 Final,Sports,157.5,210,75.0,Mobile,Basic,Mumbai,Tier 1,2024-03-21 13:00:00,OTT_APP
EVT_003522,U00175,C005,Mirzapur S3,Thriller,13.8,55,25.0,Mobile,Free,Mumbai,Tier 1,2024-01-14 10:00:00,OTT_APP
EVT_003523,U00088,C005,Mirzapur S3,Thriller,27.5,55,50.0,Mobile,Annual,Mumbai,Tier 1,2024-03-04 14:00:00,OTT_APP
EVT_003524,U00436,C005,Mirzapur S3,Thriller,27.5,55,50.0,Smart TV,Annual,Delhi,Tier 1,2024-01-21 13:00:00,OTT_APP
EVT_003525,U00009,C005,Mirzapur S3,Thriller,27.5,55,50.0,Laptop,Basic,Mumbai,Tier 1,2024-03-22 23:00:00,OTT_APP
EVT_003526,U00011,C001,Anupamaa S1,Series,11.2,45,25.0,Smart TV,Premium,Bangalore,Tier 1,2024-03-22 12:00:00,OTT_APP
EVT_003527,U00360,C002,KBC Season 15,GameShow,60.0,60,100.0,Laptop,Premium,Bangalore,Tier 1,2024-01-18 14:00:00,OTT_APP
EVT_003528,,C002,KBC Season 15,GameShow,30.0,60,50.0,Mobile,Premium,Chennai,Tier 1,2024-01-04 16:00:00,OTT_APP
EVT_003529,U00348,C003,IPL 2024 Final,Sports,105.0,210,50.0,Laptop,Premium,Hyderabad,Tier 2,2024-02-17 19:00:00,OTT_APP
EVT_003530,U00186,C001,Anupamaa S1,Series,33.8,45,75.0,Tablet,Premium,Hyderabad,Tier 2,2024-03-04 12:00:00,OTT_APP
EVT_003531,U00195,C003,IPL 2024 Final,Sports,105.0,210,50.0,Laptop,Annual,Chennai,Tier 1,2024-01-09 14:00:00,OTT_APP
EVT_003532,U00260,C003,IPL 2024 Final,Sports,210.0,210,100.0,Smart TV,Premium,Hyderabad,Tier 2,2024-01-26 14:00:00,OTT_APP
EVT_003533,U00336,C005,Mirzapur S3,Thriller,41.2,55,75.0,Laptop,Basic,Delhi,Tier 1,2024-03-25 17:00:00,OTT_APP
EVT_003534,U00425,C004,Panchayat S3,Series,30.0,30,100.0,Tablet,Premium,Delhi,Tier 1,2024-02-25 18:00:00,OTT_APP
EVT_003535,U00269,C002,KBC Season 15,GameShow,15.0,60,25.0,Laptop,Free,Bangalore,Tier 1,2024-03-01 17:00:00,OTT_APP
EVT_003536,U00396,C005,Mirzapur S3,Thriller,55.0,55,100.0,Laptop,Basic,Chennai,Tier 1,2024-02-01 11:00:00,OTT_APP
EVT_003537,U00444,C003,IPL 2024 Final,Sports,105.0,210,50.0,Mobile,Premium,Bangalore,Tier 1,2024-03-17 16:00:00,OTT_APP
EVT_003538,U00185,C001,Anupamaa S1,Series,45.0,45,100.0,Mobile,Basic,Chennai,Tier 1,2024-02-10 07:00:00,OTT_APP
EVT_003539,U00027,C005,Mirzapur S3,Thriller,27.5,55,50.0,Laptop,Basic,Bangalore,Tier 1,2024-01-22 06:00:00,OTT_APP
EVT_003540,U00357,C003,IPL 2024 Final,Sports,52.5,210,25.0,Laptop,Annual,Hyderabad,Tier 2,2024-01-26 07:00:00,OTT_APP
EVT_003541,U00139,C002,KBC Season 15,GameShow,60.0,60,100.0,Tablet,Free,Bangalore,Tier 1,2024-01-19 16:00:00,OTT_APP
EVT_003542,U00071,C002,KBC Season 15,GameShow,45.0,60,75.0,Tablet,Premium,Mumbai,Tier 1,2024-01-09 19:00:00,OTT_APP
EVT_003543,U00154,C001,Anupamaa S1,Series,22.5,45,50.0,Tablet,Free,Delhi,Tier 1,2024-03-29 06:00:00,OTT_APP
EVT_003544,U00176,C002,KBC Season 15,GameShow,60.0,60,100.0,Smart TV,Free,Mumbai,Tier 1,2024-02-09 12:00:00,OTT_APP
EVT_003545,U00423,C002,KBC Season 15,GameShow,60.0,60,100.0,Smart TV,Annual,Hyderabad,Tier 2,2024-02-03 13:00:00,OTT_APP
EVT_003546,U00409,C005,Mirzapur S3,Thriller,55.0,55,100.0,Mobile,Free,Chennai,Tier 1,2024-01-25 08:00:00,OTT_APP
EVT_003547,U00141,C002,KBC Season 15,GameShow,30.0,60,50.0,Smart TV,Annual,Chennai,Tier 1,2024-03-14 06:00:00,OTT_APP
EVT_003548,U00283,C003,IPL 2024 Final,Sports,52.5,210,25.0,Laptop,Annual,Bangalore,Tier 1,2024-02-03 10:00:00,OTT_APP
EVT_003549,U00269,C002,KBC Season 15,GameShow,60.0,60,100.0,Tablet,Annual,Chennai,Tier 1,2024-01-15 07:00:00,OTT_APP
EVT_003550,U00179,C002,KBC Season 15,GameShow,45.0,60,75.0,Tablet,Premium,Hyderabad,Tier 2,2024-03-27 17:00:00,OTT_APP
EVT_003551,U00300,C001,Anupamaa S1,Series,22.5,45,50.0,Smart TV,Premium,Bangalore,Tier 1,2024-01-06 08:00:00,OTT_APP
EVT_003552,U00161,C001,Anupamaa S1,Series,11.2,45,25.0,Smart TV,Annual,Chennai,Tier 1,2024-02-14 17:00:00,OTT_APP
EVT_003553,U00096,C001,Anupamaa S1,Series,45.0,45,100.0,Mobile,Annual,Bangalore,Tier 1,2024-01-18 21:00:00,OTT_APP
EVT_003554,U00049,C004,Panchayat S3,Series,7.5,30,25.0,Smart TV,Free,Bangalore,Tier 1,2024-02-02 18:00:00,OTT_APP
EVT_003555,U00390,C003,IPL 2024 Final,Sports,210.0,210,100.0,Laptop,Premium,Chennai,Tier 1,2024-02-24 11:00:00,OTT_APP
EVT_003556,U00132,C001,Anupamaa S1,Series,11.2,45,25.0,Mobile,Annual,Bangalore,Tier 1,2024-01-04 22:00:00,OTT_APP
EVT_003557,U00218,C004,Panchayat S3,Series,7.5,30,25.0,Smart TV,Free,Hyderabad,Tier 2,2024-03-20 07:00:00,OTT_APP
EVT_003558,U00473,C005,Mirzapur S3,Thriller,55.0,55,100.0,Tablet,Free,Delhi,Tier 1,2024-01-03 13:00:00,OTT_APP
EVT_003559,,C004,Panchayat S3,Series,22.5,30,75.0,Tablet,Basic,Mumbai,Tier 1,2024-02-09 16:00:00,OTT_APP
EVT_003560,U00347,C002,KBC Season 15,GameShow,60.0,60,100.0,Mobile,Basic,Bangalore,Tier 1,2024-02-26 13:00:00,OTT_APP
EVT_003561,U00272,C002,KBC Season 15,GameShow,30.0,60,50.0,Mobile,Premium,Delhi,Tier 1,2024-03-08 23:00:00,OTT_APP
EVT_003562,U00333,C005,Mirzapur S3,Thriller,27.5,55,50.0,Smart TV,Free,Mumbai,Tier 1,2024-03-25 15:00:00,OTT_APP
EVT_003563,U00188,C002,KBC Season 15,GameShow,30.0,60,50.0,Mobile,Basic,Delhi,Tier 1,2024-02-21 15:00:00,OTT_APP
EVT_003564,U00131,C005,Mirzapur S3,Thriller,13.8,55,25.0,Smart TV,Annual,Delhi,Tier 1,2024-01-14 13:00:00,OTT_APP
EVT_003565,U00095,C003,IPL 2024 Final,Sports,210.0,210,100.0,Mobile,Free,Bangalore,Tier 1,2024-02-18 20:00:00,OTT_APP
EVT_003566,U00100,C003,IPL 2024 Final,Sports,105.0,210,50.0,Mobile,Basic,Mumbai,Tier 1,2024-02-06 14:00:00,OTT_APP
EVT_003567,U00469,C003,IPL 2024 Final,Sports,105.0,210,50.0,Mobile,Free,Hyderabad,Tier 2,2024-02-17 13:00:00,OTT_APP
EVT_003568,U00061,C002,KBC Season 15,GameShow,45.0,60,75.0,Mobile,Premium,Hyderabad,Tier 2,2024-03-02 21:00:00,OTT_APP
EVT_003569,U00310,C001,Anupamaa S1,Series,22.5,45,50.0,Smart TV,Annual,Hyderabad,Tier 2,2024-01-15 20:00:00,OTT_APP
EVT_003570,U00261,C003,IPL 2024 Final,Sports,210.0,210,100.0,Mobile,Annual,Bangalore,Tier 1,2024-01-28 11:00:00,OTT_APP
EVT_003571,U00251,C002,KBC Season 15,GameShow,45.0,60,75.0,Smart TV,Basic,Mumbai,Tier 1,2024-01-07 22:00:00,OTT_APP
EVT_003572,U00291,C002,KBC Season 15,GameShow,15.0,60,25.0,Mobile,Premium,Hyderabad,Tier 2,2024-02-01 18:00:00,OTT_APP
EVT_003573,U00059,C004,Panchayat S3,Series,15.0,30,50.0,Mobile,Premium,Bangalore,Tier 1,2024-02-25 21:00:00,OTT_APP
EVT_003574,U00227,C002,KBC Season 15,GameShow,45.0,60,75.0,Tablet,Premium,Bangalore,Tier 1,2024-03-03 06:00:00,OTT_APP
EVT_003575,U00029,C005,Mirzapur S3,Thriller,41.2,55,75.0,Tablet,Premium,Mumbai,Tier 1,2024-02-17 12:00:00,OTT_APP
EVT_003576,U00398,C003,IPL 2024 Final,Sports,52.5,210,25.0,Laptop,Basic,Delhi,Tier 1,2024-01-01 10:00:00,OTT_APP
EVT_003577,,C005,Mirzapur S3,Thriller,27.5,55,50.0,Tablet,Premium,Hyderabad,Tier 2,2024-01-05 12:00:00,OTT_APP
EVT_003578,U00232,C001,Anupamaa S1,Series,11.2,45,25.0,Laptop,Free,Chennai,Tier 1,2024-03-05 18:00:00,OTT_APP
EVT_003579,U00310,C002,KBC Season 15,GameShow,45.0,60,75.0,Smart TV,Premium,Mumbai,Tier 1,2024-02-04 06:00:00,OTT_APP
EVT_003580,U00153,C004,Panchayat S3,Series,22.5,30,75.0,Mobile,Basic,Bangalore,Tier 1,2024-03-27 17:00:00,OTT_APP
EVT_003581,U00023,C002,KBC Season 15,GameShow,60.0,60,100.0,Mobile,Basic,Hyderabad,Tier 2,2024-03-05 09:00:00,OTT_APP
EVT_003582,U00025,C005,Mirzapur S3,Thriller,41.2,55,75.0,Tablet,Free,Bangalore,Tier 1,2024-01-23 08:00:00,OTT_APP
EVT_003583,U00280,C002,KBC Season 15,GameShow,30.0,60,50.0,Tablet,Basic,Bangalore,Tier 1,2024-01-08 09:00:00,OTT_APP
EVT_003584,U00087,C002,KBC Season 15,GameShow,15.0,60,25.0,Tablet,Basic,Delhi,Tier 1,2024-03-09 23:00:00,OTT_APP
EVT_003585,U00452,C002,KBC Season 15,GameShow,15.0,60,25.0,Laptop,Free,Hyderabad,Tier 2,2024-01-26 08:00:00,OTT_APP
EVT_003586,U00290,C004,Panchayat S3,Series,15.0,30,50.0,Mobile,Annual,Mumbai,Tier 1,2024-01-31 23:00:00,OTT_APP
EVT_003587,U00384,C002,KBC Season 15,GameShow,45.0,60,75.0,Tablet,Annual,Hyderabad,Tier 2,2024-01-02 20:00:00,OTT_APP
EVT_003588,U00182,C004,Panchayat S3,Series,15.0,30,50.0,Smart TV,Free,Mumbai,Tier 1,2024-01-06 06:00:00,OTT_APP
EVT_003589,U00468,C003,IPL 2024 Final,Sports,157.5,210,75.0,Mobile,Annual,Mumbai,Tier 1,2024-01-07 21:00:00,OTT_APP
EVT_003590,U00447,C001,Anupamaa S1,Series,22.5,45,50.0,Mobile,Premium,Chennai,Tier 1,2024-03-12 17:00:00,OTT_APP
EVT_003591,U00191,C001,Anupamaa S1,Series,11.2,45,25.0,Mobile,Free,Bangalore,Tier 1,2024-01-01 22:00:00,OTT_APP
EVT_003592,U00186,C005,Mirzapur S3,Thriller,55.0,55,100.0,Tablet,Premium,Hyderabad,Tier 2,2024-02-03 15:00:00,OTT_APP
EVT_003593,U00177,C004,Panchayat S3,Series,22.5,30,75.0,Tablet,Annual,Delhi,Tier 1,2024-03-19 18:00:00,OTT_APP
EVT_003594,U00041,C001,Anupamaa S1,Series,33.8,45,75.0,Smart TV,Annual,Bangalore,Tier 1,2024-02-24 21:00:00,OTT_APP
EVT_003595,U00257,C004,Panchayat S3,Series,22.5,30,75.0,Laptop,Basic,Mumbai,Tier 1,2024-03-29 22:00:00,OTT_APP
EVT_003596,U00069,C004,Panchayat S3,Series,15.0,30,50.0,Laptop,Annual,Chennai,Tier 1,2024-02-21 09:00:00,OTT_APP
EVT_003597,U00254,C004,Panchayat S3,Series,22.5,30,75.0,Smart TV,Annual,Mumbai,Tier 1,2024-02-17 17:00:00,OTT_APP
EVT_003598,U00422,C001,Anupamaa S1,Series,11.2,45,25.0,Mobile,Basic,Hyderabad,Tier 2,2024-03-02 15:00:00,OTT_APP
EVT_003599,U00493,C002,KBC Season 15,GameShow,30.0,60,50.0,Mobile,Premium,Chennai,Tier 1,2024-03-26 18:00:00,OTT_APP
EVT_003600,U00218,C003,IPL 2024 Final,Sports,210.0,210,100.0,Smart TV,Basic,Bangalore,Tier 1,2024-01-23 21:00:00,OTT_APP
EVT_003601,U00214,C001,Anupamaa S1,Series,22.5,45,50.0,Mobile,Premium,Mumbai,Tier 1,2024-01-10 20:00:00,OTT_APP
EVT_003602,U00152,C002,KBC Season 15,GameShow,45.0,60,75.0,Smart TV,Free,Mumbai,Tier 1,2024-02-17 11:00:00,OTT_APP
EVT_003603,U00455,C005,Mirzapur S3,Thriller,27.5,55,50.0,Laptop,Premium,Hyderabad,Tier 2,2024-02-23 12:00:00,OTT_APP
EVT_003604,U00194,C004,Panchayat S3,Series,7.5,30,25.0,Laptop,Annual,Chennai,Tier 1,2024-02-19 16:00:00,OTT_APP
EVT_003605,U00002,C001,Anupamaa S1,Series,22.5,45,50.0,Mobile,Premium,Hyderabad,Tier 2,2024-03-12 13:00:00,OTT_APP
EVT_003606,U00206,C005,Mirzapur S3,Thriller,27.5,55,50.0,Smart TV,Free,Hyderabad,Tier 2,2024-03-23 13:00:00,OTT_APP
EVT_003607,U00339,C003,IPL 2024 Final,Sports,157.5,210,75.0,Smart TV,Annual,Delhi,Tier 1,2024-01-19 09:00:00,OTT_APP
EVT_003608,U00033,C001,Anupamaa S1,Series,22.5,45,50.0,Mobile,Premium,Hyderabad,Tier 2,2024-01-29 14:00:00,OTT_APP
EVT_003609,U00042,C001,Anupamaa S1,Series,22.5,45,50.0,Laptop,Basic,Delhi,Tier 1,2024-03-15 09:00:00,OTT_APP
EVT_003610,U00266,C002,KBC Season 15,GameShow,45.0,60,75.0,Smart TV,Free,Chennai,Tier 1,2024-03-02 09:00:00,OTT_APP
EVT_003611,U00334,C001,Anupamaa S1,Series,33.8,45,75.0,Mobile,Annual,Bangalore,Tier 1,2024-03-30 18:00:00,OTT_APP
EVT_003612,U00336,C003,IPL 2024 Final,Sports,157.5,210,75.0,Tablet,Annual,Hyderabad,Tier 2,2024-03-19 22:00:00,OTT_APP
EVT_003613,U00162,C003,IPL 2024 Final,Sports,157.5,210,75.0,Smart TV,Basic,Bangalore,Tier 1,2024-03-20 07:00:00,OTT_APP
EVT_003614,,C001,Anupamaa S1,Series,22.5,45,50.0,Laptop,Premium,Mumbai,Tier 1,2024-02-05 23:00:00,OTT_APP
EVT_003615,U00340,C004,Panchayat S3,Series,15.0,30,50.0,Mobile,Free,Mumbai,Tier 1,2024-03-11 23:00:00,OTT_APP
EVT_003616,U00209,C004,Panchayat S3,Series,7.5,30,25.0,Smart TV,Free,Delhi,Tier 1,2024-03-21 16:00:00,OTT_APP
EVT_003617,U00490,C004,Panchayat S3,Series,15.0,30,50.0,Tablet,Premium,Mumbai,Tier 1,2024-01-22 20:00:00,OTT_APP
EVT_003618,U00306,C004,Panchayat S3,Series,30.0,30,100.0,Tablet,Annual,Bangalore,Tier 1,2024-01-14 19:00:00,OTT_APP
EVT_003619,U00046,C002,KBC Season 15,GameShow,30.0,60,50.0,Smart TV,Free,Hyderabad,Tier 2,2024-03-05 08:00:00,OTT_APP
EVT_003620,U00059,C004,Panchayat S3,Series,22.5,30,75.0,Smart TV,Free,Delhi,Tier 1,2024-03-30 07:00:00,OTT_APP
EVT_003621,U00408,C004,Panchayat S3,Series,7.5,30,25.0,Smart TV,Free,Bangalore,Tier 1,2024-02-14 12:00:00,OTT_APP
EVT_003622,U00411,C004,Panchayat S3,Series,15.0,30,50.0,Smart TV,Free,Delhi,Tier 1,2024-02-23 09:00:00,OTT_APP
EVT_003623,U00297,C004,Panchayat S3,Series,22.5,30,75.0,Mobile,Free,Hyderabad,Tier 2,2024-02-12 14:00:00,OTT_APP
EVT_003624,U00345,C003,IPL 2024 Final,Sports,157.5,210,75.0,Smart TV,Premium,Mumbai,Tier 1,2024-02-01 21:00:00,OTT_APP
EVT_003625,U00175,C003,IPL 2024 Final,Sports,105.0,210,50.0,Laptop,Basic,Chennai,Tier 1,2024-03-05 13:00:00,OTT_APP
EVT_003626,U00247,C005,Mirzapur S3,Thriller,55.0,55,100.0,Tablet,Basic,Hyderabad,Tier 2,2024-01-16 10:00:00,OTT_APP
EVT_003627,U00055,C005,Mirzapur S3,Thriller,41.2,55,75.0,Laptop,Premium,Delhi,Tier 1,2024-02-11 16:00:00,OTT_APP
EVT_003628,U00451,C001,Anupamaa S1,Series,45.0,45,100.0,Mobile,Premium,Delhi,Tier 1,2024-02-11 23:00:00,OTT_APP
EVT_003629,U00362,C004,Panchayat S3,Series,30.0,30,100.0,Smart TV,Annual,Delhi,Tier 1,2024-01-14 11:00:00,OTT_APP
EVT_003630,U00293,C001,Anupamaa S1,Series,11.2,45,25.0,Tablet,Premium,Hyderabad,Tier 2,2024-02-20 13:00:00,OTT_APP
EVT_003631,U00163,C003,IPL 2024 Final,Sports,52.5,210,25.0,Smart TV,Free,Delhi,Tier 1,2024-03-12 14:00:00,OTT_APP
EVT_003632,U00005,C003,IPL 2024 Final,Sports,105.0,210,50.0,Laptop,Annual,Mumbai,Tier 1,2024-03-18 13:00:00,OTT_APP
EVT_003633,U00334,C005,Mirzapur S3,Thriller,41.2,55,75.0,Laptop,Premium,Chennai,Tier 1,2024-03-20 07:00:00,OTT_APP
EVT_003634,U00070,C003,IPL 2024 Final,Sports,210.0,210,100.0,Tablet,Free,Hyderabad,Tier 2,2024-03-09 20:00:00,OTT_APP
EVT_003635,U00360,C005,Mirzapur S3,Thriller,55.0,55,100.0,Mobile,Annual,Hyderabad,Tier 2,2024-03-18 11:00:00,OTT_APP
EVT_003636,U00215,C004,Panchayat S3,Series,22.5,30,75.0,Laptop,Free,Delhi,Tier 1,2024-02-12 08:00:00,OTT_APP
EVT_003637,U00099,C001,Anupamaa S1,Series,45.0,45,100.0,Laptop,Annual,Delhi,Tier 1,2024-03-20 21:00:00,OTT_APP
EVT_003638,U00337,C001,Anupamaa S1,Series,22.5,45,50.0,Smart TV,Premium,Delhi,Tier 1,2024-01-16 21:00:00,OTT_APP
EVT_003639,U00334,C001,Anupamaa S1,Series,33.8,45,75.0,Smart TV,Basic,Delhi,Tier 1,2024-02-09 10:00:00,OTT_APP
EVT_003640,U00416,C003,IPL 2024 Final,Sports,52.5,210,25.0,Mobile,Annual,Hyderabad,Tier 2,2024-03-08 13:00:00,OTT_APP
EVT_003641,U00158,C002,KBC Season 15,GameShow,15.0,60,25.0,Mobile,Free,Delhi,Tier 1,2024-02-25 16:00:00,OTT_APP
EVT_003642,U00087,C005,Mirzapur S3,Thriller,13.8,55,25.0,Tablet,Premium,Chennai,Tier 1,2024-02-07 14:00:00,OTT_APP
EVT_003643,U00126,C002,KBC Season 15,GameShow,45.0,60,75.0,Tablet,Free,Mumbai,Tier 1,2024-01-21 14:00:00,OTT_APP
EVT_003644,U00061,C005,Mirzapur S3,Thriller,27.5,55,50.0,Laptop,Free,Bangalore,Tier 1,2024-02-14 08:00:00,OTT_APP
EVT_003645,U00053,C003,IPL 2024 Final,Sports,105.0,210,50.0,Tablet,Annual,Chennai,Tier 1,2024-01-02 15:00:00,OTT_APP
EVT_003646,U00460,C003,IPL 2024 Final,Sports,52.5,210,25.0,Smart TV,Annual,Hyderabad,Tier 2,2024-03-20 08:00:00,OTT_APP
EVT_003647,,C001,Anupamaa S1,Series,22.5,45,50.0,Mobile,Basic,Delhi,Tier 1,2024-02-08 16:00:00,OTT_APP
EVT_003648,U00163,C004,Panchayat S3,Series,30.0,30,100.0,Laptop,Premium,Mumbai,Tier 1,2024-01-04 12:00:00,OTT_APP
EVT_003649,U00019,C005,Mirzapur S3,Thriller,27.5,55,50.0,Smart TV,Basic,Hyderabad,Tier 2,2024-03-16 11:00:00,OTT_APP
EVT_003650,U00308,C004,Panchayat S3,Series,15.0,30,50.0,Smart TV,Basic,Bangalore,Tier 1,2024-02-25 19:00:00,OTT_APP
EVT_003651,U00048,C005,Mirzapur S3,Thriller,27.5,55,50.0,Tablet,Free,Delhi,Tier 1,2024-03-09 18:00:00,OTT_APP
EVT_003652,U00428,C001,Anupamaa S1,Series,33.8,45,75.0,Smart TV,Premium,Hyderabad,Tier 2,2024-01-25 06:00:00,OTT_APP
EVT_003653,U00194,C002,KBC Season 15,GameShow,30.0,60,50.0,Laptop,Basic,Delhi,Tier 1,2024-02-07 06:00:00,OTT_APP
EVT_003654,U00104,C005,Mirzapur S3,Thriller,41.2,55,75.0,Tablet,Basic,Chennai,Tier 1,2024-02-22 12:00:00,OTT_APP
EVT_003655,U00481,C002,KBC Season 15,GameShow,30.0,60,50.0,Laptop,Annual,Bangalore,Tier 1,2024-02-17 09:00:00,OTT_APP
EVT_003656,U00398,C005,Mirzapur S3,Thriller,27.5,55,50.0,Tablet,Premium,Mumbai,Tier 1,2024-03-05 19:00:00,OTT_APP
EVT_003657,U00484,C002,KBC Season 15,GameShow,30.0,60,50.0,Smart TV,Premium,Hyderabad,Tier 2,2024-01-23 18:00:00,OTT_APP
EVT_003658,U00421,C003,IPL 2024 Final,Sports,52.5,210,25.0,Mobile,Premium,Chennai,Tier 1,2024-01-27 16:00:00,OTT_APP
EVT_003659,U00414,C002,KBC Season 15,GameShow,60.0,60,100.0,Tablet,Premium,Hyderabad,Tier 2,2024-03-22 22:00:00,OTT_APP
EVT_003660,U00414,C004,Panchayat S3,Series,30.0,30,100.0,Laptop,Premium,Mumbai,Tier 1,2024-02-01 19:00:00,OTT_APP
EVT_003661,U00208,C003,IPL 2024 Final,Sports,105.0,210,50.0,Tablet,Free,Hyderabad,Tier 2,2024-01-13 21:00:00,OTT_APP
EVT_003662,U00003,C003,IPL 2024 Final,Sports,105.0,210,50.0,Mobile,Premium,Hyderabad,Tier 2,2024-03-07 12:00:00,OTT_APP
EVT_003663,U00479,C003,IPL 2024 Final,Sports,52.5,210,25.0,Tablet,Premium,Hyderabad,Tier 2,2024-02-28 12:00:00,OTT_APP
EVT_003664,,C005,Mirzapur S3,Thriller,41.2,55,75.0,Laptop,Premium,Bangalore,Tier 1,2024-03-07 19:00:00,OTT_APP
EVT_003665,U00447,C004,Panchayat S3,Series,7.5,30,25.0,Laptop,Free,Mumbai,Tier 1,2024-02-28 06:00:00,OTT_APP
EVT_003666,,C001,Anupamaa S1,Series,45.0,45,100.0,Mobile,Basic,Hyderabad,Tier 2,2024-02-26 08:00:00,OTT_APP
EVT_003667,U00201,C005,Mirzapur S3,Thriller,27.5,55,50.0,Laptop,Premium,Bangalore,Tier 1,2024-01-14 16:00:00,OTT_APP
EVT_003668,U00040,C004,Panchayat S3,Series,15.0,30,50.0,Laptop,Free,Chennai,Tier 1,2024-01-01 16:00:00,OTT_APP
EVT_003669,U00105,C001,Anupamaa S1,Series,22.5,45,50.0,Tablet,Basic,Chennai,Tier 1,2024-02-03 11:00:00,OTT_APP
EVT_003670,U00168,C003,IPL 2024 Final,Sports,420.0,210,75.0,Mobile,Premium,Bangalore,Tier 1,2024-03-14 22:00:00,OTT_APP
EVT_003671,U00401,C003,IPL 2024 Final,Sports,210.0,210,100.0,Laptop,Annual,Mumbai,Tier 1,2024-03-23 16:00:00,OTT_APP
EVT_003672,U00160,C005,Mirzapur S3,Thriller,55.0,55,100.0,Mobile,Basic,Delhi,Tier 1,2024-03-03 16:00:00,OTT_APP
EVT_003673,U00242,C003,IPL 2024 Final,Sports,210.0,210,100.0,Smart TV,Premium,Hyderabad,Tier 2,2024-02-25 08:00:00,OTT_APP
EVT_003674,U00029,C004,Panchayat S3,Series,7.5,30,25.0,Smart TV,Premium,Mumbai,Tier 1,2024-01-17 16:00:00,OTT_APP
EVT_003675,U00264,C004,Panchayat S3,Series,15.0,30,50.0,Mobile,Annual,Delhi,Tier 1,2024-02-18 15:00:00,OTT_APP
EVT_003676,U00389,C002,KBC Season 15,GameShow,45.0,60,75.0,Laptop,Free,Chennai,Tier 1,2024-03-14 13:00:00,OTT_APP
EVT_003677,U00010,C004,Panchayat S3,Series,7.5,30,25.0,Mobile,Free,Hyderabad,Tier 2,2024-02-14 13:00:00,OTT_APP
EVT_003678,,C001,Anupamaa S1,Series,45.0,45,100.0,Laptop,Premium,Delhi,Tier 1,2024-02-26 23:00:00,OTT_APP
EVT_003679,,C001,Anupamaa S1,Series,45.0,45,100.0,Tablet,Premium,Hyderabad,Tier 2,2024-03-24 12:00:00,OTT_APP
EVT_003680,U00269,C002,KBC Season 15,GameShow,60.0,60,100.0,Laptop,Annual,Bangalore,Tier 1,2024-02-28 17:00:00,OTT_APP
EVT_003681,U00076,C001,Anupamaa S1,Series,45.0,45,100.0,Mobile,Basic,Bangalore,Tier 1,2024-02-11 19:00:00,OTT_APP
EVT_003682,U00109,C004,Panchayat S3,Series,15.0,30,50.0,Tablet,Annual,Chennai,Tier 1,2024-03-28 15:00:00,OTT_APP
EVT_003683,U00054,C005,Mirzapur S3,Thriller,55.0,55,100.0,Mobile,Basic,Bangalore,Tier 1,2024-02-01 13:00:00,OTT_APP
EVT_003684,U00046,C002,KBC Season 15,GameShow,30.0,60,50.0,Laptop,Free,Bangalore,Tier 1,2024-03-27 19:00:00,OTT_APP
EVT_003685,U00144,C004,Panchayat S3,Series,30.0,30,100.0,Tablet,Annual,Mumbai,Tier 1,2024-02-27 15:00:00,OTT_APP
EVT_003686,U00456,C004,Panchayat S3,Series,30.0,30,100.0,Smart TV,Annual,Delhi,Tier 1,2024-03-27 19:00:00,OTT_APP
EVT_003687,U00357,C002,KBC Season 15,GameShow,60.0,60,100.0,Mobile,Annual,Bangalore,Tier 1,2024-03-09 16:00:00,OTT_APP
EVT_003688,U00351,C004,Panchayat S3,Series,15.0,30,50.0,Tablet,Basic,Bangalore,Tier 1,2024-02-17 14:00:00,OTT_APP
EVT_003689,U00435,C003,IPL 2024 Final,Sports,210.0,210,100.0,Smart TV,Annual,Chennai,Tier 1,2024-01-18 17:00:00,OTT_APP
EVT_003690,U00200,C004,Panchayat S3,Series,30.0,30,100.0,Laptop,Annual,Mumbai,Tier 1,2024-01-31 21:00:00,OTT_APP
EVT_003691,U00012,C005,Mirzapur S3,Thriller,27.5,55,50.0,Laptop,Annual,Mumbai,Tier 1,2024-02-03 10:00:00,OTT_APP
EVT_003692,U00180,C004,Panchayat S3,Series,15.0,30,50.0,Smart TV,Premium,Chennai,Tier 1,2024-03-17 20:00:00,OTT_APP
EVT_003693,U00031,C001,Anupamaa S1,Series,11.2,45,25.0,Mobile,Free,Bangalore,Tier 1,2024-01-27 12:00:00,OTT_APP
EVT_003694,U00191,C001,Anupamaa S1,Series,33.8,45,75.0,Laptop,Premium,Chennai,Tier 1,2024-01-05 19:00:00,OTT_APP
EVT_003695,U00126,C005,Mirzapur S3,Thriller,13.8,55,25.0,Tablet,Annual,Chennai,Tier 1,2024-02-03 16:00:00,OTT_APP
EVT_003696,U00483,C003,IPL 2024 Final,Sports,105.0,210,50.0,Laptop,Annual,Delhi,Tier 1,2024-01-26 10:00:00,OTT_APP
EVT_003697,U00239,C001,Anupamaa S1,Series,33.8,45,75.0,Mobile,Free,Mumbai,Tier 1,2024-01-05 14:00:00,OTT_APP
EVT_003698,U00423,C001,Anupamaa S1,Series,11.2,45,25.0,Laptop,Free,Delhi,Tier 1,2024-02-09 17:00:00,OTT_APP
EVT_003699,U00427,C001,Anupamaa S1,Series,33.8,45,75.0,Tablet,Free,Hyderabad,Tier 2,2024-03-05 18:00:00,OTT_APP
EVT_003700,U00384,C001,Anupamaa S1,Series,33.8,45,75.0,Laptop,Premium,Chennai,Tier 1,2024-03-05 12:00:00,OTT_APP
EVT_003701,U00230,C004,Panchayat S3,Series,15.0,30,50.0,Laptop,Free,Chennai,Tier 1,2024-02-09 21:00:00,OTT_APP
EVT_003702,U00343,C005,Mirzapur S3,Thriller,41.2,55,75.0,Mobile,Premium,Bangalore,Tier 1,2024-03-06 21:00:00,OTT_APP
EVT_003703,U00281,C004,Panchayat S3,Series,22.5,30,75.0,Smart TV,Free,Bangalore,Tier 1,2024-02-21 18:00:00,OTT_APP
EVT_003704,U00308,C003,IPL 2024 Final,Sports,157.5,210,75.0,Tablet,Free,Chennai,Tier 1,2024-02-21 16:00:00,OTT_APP
EVT_003705,U00360,C005,Mirzapur S3,Thriller,41.2,55,75.0,Smart TV,Basic,Mumbai,Tier 1,2024-02-05 11:00:00,OTT_APP
EVT_003706,U00255,C001,Anupamaa S1,Series,33.8,45,75.0,Laptop,Premium,Hyderabad,Tier 2,2024-03-31 11:00:00,OTT_APP
EVT_003707,,C001,Anupamaa S1,Series,22.5,45,50.0,Laptop,Basic,Bangalore,Tier 1,2024-03-28 13:00:00,OTT_APP
EVT_003708,U00111,C002,KBC Season 15,GameShow,15.0,60,25.0,Mobile,Annual,Mumbai,Tier 1,2024-02-15 08:00:00,OTT_APP
EVT_003709,U00445,C004,Panchayat S3,Series,7.5,30,25.0,Smart TV,Basic,Bangalore,Tier 1,2024-02-09 20:00:00,OTT_APP
EVT_003710,U00376,C005,Mirzapur S3,Thriller,41.2,55,75.0,Tablet,Basic,Mumbai,Tier 1,2024-02-02 20:00:00,OTT_APP
EVT_003711,U00097,C003,IPL 2024 Final,Sports,105.0,210,50.0,Tablet,Premium,Chennai,Tier 1,2024-01-17 06:00:00,OTT_APP
EVT_003712,U00247,C003,IPL 2024 Final,Sports,52.5,210,25.0,Smart TV,Premium,Delhi,Tier 1,2024-01-29 22:00:00,OTT_APP
EVT_003713,U00474,C001,Anupamaa S1,Series,33.8,45,75.0,Laptop,Annual,Bangalore,Tier 1,2024-02-22 15:00:00,OTT_APP
EVT_003714,U00040,C003,IPL 2024 Final,Sports,52.5,210,25.0,Smart TV,Free,Mumbai,Tier 1,2024-01-27 17:00:00,OTT_APP
EVT_003715,U00462,C002,KBC Season 15,GameShow,30.0,60,50.0,Laptop,Premium,Chennai,Tier 1,2024-01-26 14:00:00,OTT_APP
EVT_003716,U00398,C005,Mirzapur S3,Thriller,55.0,55,100.0,Tablet,Basic,Chennai,Tier 1,2024-01-27 22:00:00,OTT_APP
EVT_003717,U00449,C001,Anupamaa S1,Series,22.5,45,50.0,Mobile,Premium,Hyderabad,Tier 2,2024-02-11 16:00:00,OTT_APP
EVT_003718,,C001,Anupamaa S1,Series,45.0,45,100.0,Mobile,Annual,Hyderabad,Tier 2,2024-02-18 16:00:00,OTT_APP
EVT_003719,U00276,C004,Panchayat S3,Series,15.0,30,50.0,Smart TV,Free,Hyderabad,Tier 2,2024-01-23 12:00:00,OTT_APP
EVT_003720,,C005,Mirzapur S3,Thriller,27.5,55,50.0,Mobile,Free,Hyderabad,Tier 2,2024-03-14 08:00:00,OTT_APP
EVT_003721,U00097,C002,KBC Season 15,GameShow,60.0,60,100.0,Tablet,Basic,Mumbai,Tier 1,2024-02-03 18:00:00,OTT_APP
EVT_003722,U00053,C005,Mirzapur S3,Thriller,55.0,55,100.0,Tablet,Annual,Delhi,Tier 1,2024-02-09 11:00:00,OTT_APP
EVT_003723,U00089,C002,KBC Season 15,GameShow,60.0,60,100.0,Mobile,Premium,Mumbai,Tier 1,2024-03-16 09:00:00,OTT_APP
EVT_003724,U00045,C002,KBC Season 15,GameShow,30.0,60,50.0,Tablet,Annual,Delhi,Tier 1,2024-02-07 08:00:00,OTT_APP
EVT_003725,U00186,C001,Anupamaa S1,Series,11.2,45,25.0,Smart TV,Free,Mumbai,Tier 1,2024-02-12 17:00:00,OTT_APP
EVT_003726,U00414,C001,Anupamaa S1,Series,22.5,45,50.0,Tablet,Premium,Mumbai,Tier 1,2024-01-25 07:00:00,OTT_APP
EVT_003727,U00458,C001,Anupamaa S1,Series,22.5,45,50.0,Mobile,Annual,Hyderabad,Tier 2,2024-01-12 09:00:00,OTT_APP
EVT_003728,U00164,C003,IPL 2024 Final,Sports,157.5,210,75.0,Laptop,Annual,Chennai,Tier 1,2024-03-25 16:00:00,OTT_APP
EVT_003729,U00062,C004,Panchayat S3,Series,15.0,30,50.0,Smart TV,Free,Chennai,Tier 1,2024-02-11 15:00:00,OTT_APP
EVT_003730,U00175,C002,KBC Season 15,GameShow,30.0,60,50.0,Smart TV,Free,Hyderabad,Tier 2,2024-03-17 14:00:00,OTT_APP
EVT_003731,U00012,C004,Panchayat S3,Series,15.0,30,50.0,Laptop,Free,Mumbai,Tier 1,2024-03-20 09:00:00,OTT_APP
EVT_003732,U00009,C004,Panchayat S3,Series,30.0,30,100.0,Mobile,Basic,Bangalore,Tier 1,2024-03-29 08:00:00,OTT_APP
EVT_003733,U00275,C002,KBC Season 15,GameShow,45.0,60,75.0,Smart TV,Annual,Delhi,Tier 1,2024-01-16 18:00:00,OTT_APP
EVT_003734,U00325,C005,Mirzapur S3,Thriller,55.0,55,100.0,Laptop,Premium,Delhi,Tier 1,2024-03-28 08:00:00,OTT_APP
EVT_003735,U00489,C004,Panchayat S3,Series,7.5,30,25.0,Smart TV,Free,Bangalore,Tier 1,2024-03-20 18:00:00,OTT_APP
EVT_003736,,C005,Mirzapur S3,Thriller,13.8,55,25.0,Mobile,Free,Chennai,Tier 1,2024-03-04 08:00:00,OTT_APP
EVT_003737,U00253,C003,IPL 2024 Final,Sports,157.5,210,75.0,Smart TV,Basic,Delhi,Tier 1,2024-03-25 17:00:00,OTT_APP
EVT_003738,U00081,C005,Mirzapur S3,Thriller,41.2,55,75.0,Smart TV,Free,Mumbai,Tier 1,2024-03-31 12:00:00,OTT_APP
EVT_003739,U00174,C001,Anupamaa S1,Series,45.0,45,100.0,Laptop,Basic,Bangalore,Tier 1,2024-02-04 23:00:00,OTT_APP
EVT_003740,U00075,C003,IPL 2024 Final,Sports,210.0,210,100.0,Tablet,Free,Hyderabad,Tier 2,2024-02-29 09:00:00,OTT_APP
EVT_003741,U00453,C003,IPL 2024 Final,Sports,105.0,210,50.0,Mobile,Basic,Mumbai,Tier 1,2024-02-12 22:00:00,OTT_APP
EVT_003742,U00283,C005,Mirzapur S3,Thriller,27.5,55,50.0,Mobile,Basic,Bangalore,Tier 1,2024-01-06 15:00:00,OTT_APP
EVT_003743,U00454,C002,KBC Season 15,GameShow,30.0,60,50.0,Laptop,Premium,Bangalore,Tier 1,2024-02-15 15:00:00,OTT_APP
EVT_003744,U00022,C004,Panchayat S3,Series,30.0,30,100.0,Mobile,Premium,Bangalore,Tier 1,2024-03-29 16:00:00,OTT_APP
EVT_003745,,C001,Anupamaa S1,Series,33.8,45,75.0,Laptop,Premium,Hyderabad,Tier 2,2024-03-05 16:00:00,OTT_APP
EVT_003746,,C002,KBC Season 15,GameShow,15.0,60,25.0,Smart TV,Basic,Bangalore,Tier 1,2024-02-12 17:00:00,OTT_APP
EVT_003747,U00227,C005,Mirzapur S3,Thriller,41.2,55,75.0,Laptop,Premium,Hyderabad,Tier 2,2024-03-06 22:00:00,OTT_APP
EVT_003748,U00038,C004,Panchayat S3,Series,22.5,30,75.0,Smart TV,Annual,Hyderabad,Tier 2,2024-03-20 13:00:00,OTT_APP
EVT_003749,U00453,C001,Anupamaa S1,Series,22.5,45,50.0,Mobile,Free,Delhi,Tier 1,2024-01-18 06:00:00,OTT_APP
EVT_003750,U00426,C002,KBC Season 15,GameShow,45.0,60,75.0,Tablet,Annual,Mumbai,Tier 1,2024-02-05 21:00:00,OTT_APP
EVT_003751,U00261,C001,Anupamaa S1,Series,45.0,45,100.0,Mobile,Basic,Hyderabad,Tier 2,2024-01-02 12:00:00,OTT_APP
EVT_003752,U00374,C003,IPL 2024 Final,Sports,52.5,210,25.0,Smart TV,Basic,Chennai,Tier 1,2024-03-07 16:00:00,OTT_APP
EVT_003753,U00133,C005,Mirzapur S3,Thriller,27.5,55,50.0,Laptop,Free,Mumbai,Tier 1,2024-03-16 09:00:00,OTT_APP
EVT_003754,U00123,C003,IPL 2024 Final,Sports,105.0,210,50.0,Tablet,Free,Bangalore,Tier 1,2024-01-17 23:00:00,OTT_APP
EVT_003755,U00374,C004,Panchayat S3,Series,15.0,30,50.0,Smart TV,Basic,Mumbai,Tier 1,2024-03-13 16:00:00,OTT_APP
EVT_003756,U00389,C004,Panchayat S3,Series,15.0,30,50.0,Laptop,Annual,Hyderabad,Tier 2,2024-02-02 22:00:00,OTT_APP
EVT_003757,U00189,C003,IPL 2024 Final,Sports,105.0,210,50.0,Smart TV,Basic,Delhi,Tier 1,2024-03-16 11:00:00,OTT_APP
EVT_003758,U00270,C005,Mirzapur S3,Thriller,55.0,55,100.0,Smart TV,Basic,Hyderabad,Tier 2,2024-01-01 09:00:00,OTT_APP
EVT_003759,U00264,C002,KBC Season 15,GameShow,30.0,60,50.0,Tablet,Annual,Mumbai,Tier 1,2024-02-25 22:00:00,OTT_APP
EVT_003760,U00328,C005,Mirzapur S3,Thriller,41.2,55,75.0,Laptop,Free,Bangalore,Tier 1,2024-03-03 19:00:00,OTT_APP
EVT_003761,U00113,C005,Mirzapur S3,Thriller,55.0,55,100.0,Laptop,Premium,Chennai,Tier 1,2024-02-11 23:00:00,OTT_APP
EVT_003762,U00076,C003,IPL 2024 Final,Sports,157.5,210,75.0,Mobile,Basic,Hyderabad,Tier 2,2024-03-01 16:00:00,OTT_APP
EVT_003763,U00460,C003,IPL 2024 Final,Sports,157.5,210,75.0,Tablet,Premium,Mumbai,Tier 1,2024-03-02 16:00:00,OTT_APP
EVT_003764,U00141,C005,Mirzapur S3,Thriller,41.2,55,75.0,Laptop,Premium,Hyderabad,Tier 2,2024-03-30 21:00:00,OTT_APP
EVT_003765,U00498,C001,Anupamaa S1,Series,45.0,45,100.0,Laptop,Basic,Mumbai,Tier 1,2024-03-31 15:00:00,OTT_APP
EVT_003766,U00405,C004,Panchayat S3,Series,15.0,30,50.0,Laptop,Annual,Mumbai,Tier 1,2024-03-24 09:00:00,OTT_APP
EVT_003767,U00183,C003,IPL 2024 Final,Sports,105.0,210,50.0,Tablet,Free,Chennai,Tier 1,2024-03-19 19:00:00,OTT_APP
EVT_003768,U00314,C003,IPL 2024 Final,Sports,210.0,210,100.0,Laptop,Annual,Bangalore,Tier 1,2024-02-09 09:00:00,OTT_APP
EVT_003769,U00290,C005,Mirzapur S3,Thriller,41.2,55,75.0,Smart TV,Premium,Delhi,Tier 1,2024-01-02 07:00:00,OTT_APP
EVT_003770,U00402,C005,Mirzapur S3,Thriller,55.0,55,100.0,Smart TV,Free,Mumbai,Tier 1,2024-01-15 18:00:00,OTT_APP
EVT_003771,U00334,C001,Anupamaa S1,Series,45.0,45,100.0,Smart TV,Basic,Chennai,Tier 1,2024-03-14 21:00:00,OTT_APP
EVT_003772,U00406,C003,IPL 2024 Final,Sports,52.5,210,25.0,Smart TV,Premium,Hyderabad,Tier 2,2024-02-05 23:00:00,OTT_APP
EVT_003773,U00025,C005,Mirzapur S3,Thriller,13.8,55,25.0,Tablet,Annual,Bangalore,Tier 1,2024-02-22 23:00:00,OTT_APP
EVT_003774,U00005,C001,Anupamaa S1,Series,45.0,45,100.0,Smart TV,Basic,Hyderabad,Tier 2,2024-01-05 14:00:00,OTT_APP
EVT_003775,U00225,C003,IPL 2024 Final,Sports,157.5,210,75.0,Smart TV,Premium,Mumbai,Tier 1,2024-02-12 13:00:00,OTT_APP
EVT_003776,U00168,C005,Mirzapur S3,Thriller,27.5,55,50.0,Tablet,Premium,Bangalore,Tier 1,2024-01-14 17:00:00,OTT_APP
EVT_003777,U00457,C004,Panchayat S3,Series,30.0,30,100.0,Laptop,Free,Chennai,Tier 1,2024-02-01 10:00:00,OTT_APP
EVT_003778,U00325,C005,Mirzapur S3,Thriller,55.0,55,100.0,Smart TV,Annual,Bangalore,Tier 1,2024-02-04 18:00:00,OTT_APP
EVT_003779,U00474,C002,KBC Season 15,GameShow,120.0,60,25.0,Tablet,Free,Chennai,Tier 1,2024-01-27 18:00:00,OTT_APP
EVT_003780,U00421,C001,Anupamaa S1,Series,33.8,45,75.0,Tablet,Annual,Delhi,Tier 1,2024-03-31 22:00:00,OTT_APP
EVT_003781,U00378,C004,Panchayat S3,Series,22.5,30,75.0,Mobile,Basic,Delhi,Tier 1,2024-03-05 17:00:00,OTT_APP
EVT_003782,U00286,C001,Anupamaa S1,Series,45.0,45,100.0,Smart TV,Free,Chennai,Tier 1,2024-02-11 12:00:00,OTT_APP
EVT_003783,U00046,C004,Panchayat S3,Series,15.0,30,50.0,Smart TV,Annual,Chennai,Tier 1,2024-03-11 10:00:00,OTT_APP
EVT_003784,U00204,C002,KBC Season 15,GameShow,30.0,60,50.0,Laptop,Premium,Delhi,Tier 1,2024-03-18 17:00:00,OTT_APP
EVT_003785,U00313,C003,IPL 2024 Final,Sports,157.5,210,75.0,Mobile,Annual,Mumbai,Tier 1,2024-02-27 23:00:00,OTT_APP
EVT_003786,,C003,IPL 2024 Final,Sports,52.5,210,25.0,Mobile,Annual,Hyderabad,Tier 2,2024-03-30 09:00:00,OTT_APP
EVT_003787,U00154,C004,Panchayat S3,Series,15.0,30,50.0,Mobile,Premium,Mumbai,Tier 1,2024-01-20 14:00:00,OTT_APP
EVT_003788,U00220,C005,Mirzapur S3,Thriller,55.0,55,100.0,Tablet,Basic,Chennai,Tier 1,2024-01-27 09:00:00,OTT_APP
EVT_003789,U00340,C005,Mirzapur S3,Thriller,55.0,55,100.0,Laptop,Premium,Delhi,Tier 1,2024-03-07 16:00:00,OTT_APP
EVT_003790,,C004,Panchayat S3,Series,15.0,30,50.0,Mobile,Annual,Chennai,Tier 1,2024-02-18 16:00:00,OTT_APP
EVT_003791,U00333,C001,Anupamaa S1,Series,22.5,45,50.0,Smart TV,Premium,Chennai,Tier 1,2024-03-19 14:00:00,OTT_APP
EVT_003792,U00337,C002,KBC Season 15,GameShow,60.0,60,100.0,Laptop,Free,Bangalore,Tier 1,2024-03-09 21:00:00,OTT_APP
EVT_003793,U00372,C003,IPL 2024 Final,Sports,210.0,210,100.0,Mobile,Premium,Hyderabad,Tier 2,2024-01-23 10:00:00,OTT_APP
EVT_003794,U00485,C005,Mirzapur S3,Thriller,55.0,55,100.0,Smart TV,Premium,Mumbai,Tier 1,2024-03-03 18:00:00,OTT_APP
EVT_003795,U00239,C001,Anupamaa S1,Series,22.5,45,50.0,Mobile,Free,Chennai,Tier 1,2024-03-16 20:00:00,OTT_APP
EVT_003796,U00237,C001,Anupamaa S1,Series,11.2,45,25.0,Laptop,Basic,Chennai,Tier 1,2024-03-23 14:00:00,OTT_APP
EVT_003797,U00420,C003,IPL 2024 Final,Sports,157.5,210,75.0,Tablet,Annual,Chennai,Tier 1,2024-01-31 08:00:00,OTT_APP
EVT_003798,U00173,C002,KBC Season 15,GameShow,15.0,60,25.0,Laptop,Premium,Chennai,Tier 1,2024-02-29 22:00:00,OTT_APP
EVT_003799,U00159,C001,Anupamaa S1,Series,22.5,45,50.0,Mobile,Annual,Chennai,Tier 1,2024-03-23 21:00:00,OTT_APP
EVT_003800,U00318,C005,Mirzapur S3,Thriller,27.5,55,50.0,Tablet,Basic,Chennai,Tier 1,2024-02-29 12:00:00,OTT_APP
EVT_003801,U00179,C002,KBC Season 15,GameShow,60.0,60,100.0,Mobile,Premium,Hyderabad,Tier 2,2024-02-16 17:00:00,OTT_APP
EVT_003802,U00476,C004,Panchayat S3,Series,22.5,30,75.0,Mobile,Annual,Chennai,Tier 1,2024-03-03 17:00:00,OTT_APP
EVT_003803,,C004,Panchayat S3,Series,7.5,30,25.0,Smart TV,Annual,Hyderabad,Tier 2,2024-02-03 09:00:00,OTT_APP
EVT_003804,U00154,C002,KBC Season 15,GameShow,30.0,60,50.0,Mobile,Annual,Chennai,Tier 1,2024-02-26 06:00:00,OTT_APP
EVT_003805,U00131,C001,Anupamaa S1,Series,22.5,45,50.0,Laptop,Annual,Hyderabad,Tier 2,2024-02-26 09:00:00,OTT_APP
EVT_003806,U00366,C002,KBC Season 15,GameShow,120.0,60,100.0,Tablet,Premium,Mumbai,Tier 1,2024-03-12 17:00:00,OTT_APP
EVT_003807,U00191,C001,Anupamaa S1,Series,33.8,45,75.0,Laptop,Free,Delhi,Tier 1,2024-03-04 15:00:00,OTT_APP
EVT_003808,U00052,C001,Anupamaa S1,Series,22.5,45,50.0,Mobile,Free,Delhi,Tier 1,2024-03-18 18:00:00,OTT_APP
EVT_003809,U00389,C004,Panchayat S3,Series,15.0,30,50.0,Mobile,Annual,Mumbai,Tier 1,2024-03-25 07:00:00,OTT_APP
EVT_003810,U00295,C001,Anupamaa S1,Series,45.0,45,100.0,Mobile,Annual,Bangalore,Tier 1,2024-03-14 14:00:00,OTT_APP
EVT_003811,U00161,C005,Mirzapur S3,Thriller,27.5,55,50.0,Tablet,Free,Hyderabad,Tier 2,2024-01-23 22:00:00,OTT_APP
EVT_003812,U00297,C004,Panchayat S3,Series,30.0,30,100.0,Smart TV,Annual,Delhi,Tier 1,2024-01-15 17:00:00,OTT_APP
EVT_003813,U00405,C004,Panchayat S3,Series,15.0,30,50.0,Laptop,Annual,Delhi,Tier 1,2024-02-15 12:00:00,OTT_APP
EVT_003814,U00305,C002,KBC Season 15,GameShow,30.0,60,50.0,Laptop,Free,Chennai,Tier 1,2024-03-31 22:00:00,OTT_APP
EVT_003815,U00276,C004,Panchayat S3,Series,7.5,30,25.0,Smart TV,Premium,Delhi,Tier 1,2024-01-18 23:00:00,OTT_APP
EVT_003816,U00386,C001,Anupamaa S1,Series,45.0,45,100.0,Smart TV,Free,Delhi,Tier 1,2024-02-14 09:00:00,OTT_APP
EVT_003817,U00467,C001,Anupamaa S1,Series,22.5,45,50.0,Tablet,Basic,Mumbai,Tier 1,2024-03-18 20:00:00,OTT_APP
EVT_003818,U00208,C004,Panchayat S3,Series,22.5,30,75.0,Smart TV,Premium,Hyderabad,Tier 2,2024-01-30 19:00:00,OTT_APP
EVT_003819,U00394,C004,Panchayat S3,Series,22.5,30,75.0,Mobile,Premium,Hyderabad,Tier 2,2024-02-22 20:00:00,OTT_APP
EVT_003820,U00341,C005,Mirzapur S3,Thriller,55.0,55,100.0,Mobile,Annual,Delhi,Tier 1,2024-03-31 06:00:00,OTT_APP
EVT_003821,U00417,C002,KBC Season 15,GameShow,60.0,60,100.0,Smart TV,Annual,Bangalore,Tier 1,2024-02-16 23:00:00,OTT_APP
EVT_003822,U00122,C001,Anupamaa S1,Series,33.8,45,75.0,Laptop,Premium,Chennai,Tier 1,2024-01-24 19:00:00,OTT_APP
EVT_003823,U00220,C001,Anupamaa S1,Series,11.2,45,25.0,Mobile,Free,Hyderabad,Tier 2,2024-03-07 18:00:00,OTT_APP
EVT_003824,U00136,C002,KBC Season 15,GameShow,45.0,60,75.0,Smart TV,Premium,Delhi,Tier 1,2024-01-22 08:00:00,OTT_APP
EVT_003825,U00405,C002,KBC Season 15,GameShow,60.0,60,100.0,Smart TV,Premium,Mumbai,Tier 1,2024-01-14 21:00:00,OTT_APP
EVT_003826,U00494,C005,Mirzapur S3,Thriller,55.0,55,100.0,Tablet,Premium,Bangalore,Tier 1,2024-02-10 20:00:00,OTT_APP
EVT_003827,U00352,C004,Panchayat S3,Series,30.0,30,100.0,Tablet,Premium,Delhi,Tier 1,2024-01-24 17:00:00,OTT_APP
EVT_003828,U00409,C003,IPL 2024 Final,Sports,210.0,210,100.0,Tablet,Free,Mumbai,Tier 1,2024-03-07 09:00:00,OTT_APP
EVT_003829,U00495,C002,KBC Season 15,GameShow,30.0,60,50.0,Mobile,Premium,Bangalore,Tier 1,2024-01-25 22:00:00,OTT_APP
EVT_003830,U00052,C002,KBC Season 15,GameShow,15.0,60,25.0,Smart TV,Annual,Hyderabad,Tier 2,2024-03-23 23:00:00,OTT_APP
EVT_003831,U00442,C004,Panchayat S3,Series,22.5,30,75.0,Laptop,Free,Mumbai,Tier 1,2024-03-09 14:00:00,OTT_APP
EVT_003832,U00485,C003,IPL 2024 Final,Sports,105.0,210,50.0,Mobile,Premium,Delhi,Tier 1,2024-01-22 06:00:00,OTT_APP
EVT_003833,U00500,C005,Mirzapur S3,Thriller,27.5,55,50.0,Mobile,Free,Delhi,Tier 1,2024-02-11 14:00:00,OTT_APP
EVT_003834,U00467,C001,Anupamaa S1,Series,11.2,45,25.0,Laptop,Free,Delhi,Tier 1,2024-03-10 12:00:00,OTT_APP
EVT_003835,U00240,C002,KBC Season 15,GameShow,15.0,60,25.0,Laptop,Free,Bangalore,Tier 1,2024-02-20 15:00:00,OTT_APP
EVT_003836,U00223,C005,Mirzapur S3,Thriller,13.8,55,25.0,Mobile,Basic,Bangalore,Tier 1,2024-03-25 21:00:00,OTT_APP
EVT_003837,U00248,C004,Panchayat S3,Series,15.0,30,50.0,Laptop,Annual,Hyderabad,Tier 2,2024-02-17 06:00:00,OTT_APP
EVT_003838,U00076,C001,Anupamaa S1,Series,33.8,45,75.0,Mobile,Premium,Delhi,Tier 1,2024-01-13 21:00:00,OTT_APP
EVT_003839,U00026,C005,Mirzapur S3,Thriller,41.2,55,75.0,Tablet,Free,Hyderabad,Tier 2,2024-02-20 23:00:00,OTT_APP
EVT_003840,U00116,C005,Mirzapur S3,Thriller,27.5,55,50.0,Smart TV,Annual,Hyderabad,Tier 2,2024-01-29 07:00:00,OTT_APP
EVT_003841,U00240,C003,IPL 2024 Final,Sports,157.5,210,75.0,Tablet,Free,Bangalore,Tier 1,2024-02-02 19:00:00,OTT_APP
EVT_003842,U00368,C005,Mirzapur S3,Thriller,41.2,55,75.0,Smart TV,Free,Bangalore,Tier 1,2024-01-05 16:00:00,OTT_APP
EVT_003843,U00495,C004,Panchayat S3,Series,30.0,30,100.0,Laptop,Free,Chennai,Tier 1,2024-03-13 07:00:00,OTT_APP
EVT_003844,U00362,C002,KBC Season 15,GameShow,30.0,60,50.0,Laptop,Free,Chennai,Tier 1,2024-03-25 09:00:00,OTT_APP
EVT_003845,U00097,C001,Anupamaa S1,Series,33.8,45,75.0,Laptop,Basic,Chennai,Tier 1,2024-03-12 09:00:00,OTT_APP
EVT_003846,U00090,C005,Mirzapur S3,Thriller,27.5,55,50.0,Mobile,Premium,Mumbai,Tier 1,2024-02-29 14:00:00,OTT_APP
EVT_003847,U00374,C002,KBC Season 15,GameShow,15.0,60,25.0,Smart TV,Premium,Delhi,Tier 1,2024-03-22 18:00:00,OTT_APP
EVT_003848,U00058,C002,KBC Season 15,GameShow,30.0,60,50.0,Laptop,Free,Mumbai,Tier 1,2024-01-18 11:00:00,OTT_APP
EVT_003849,,C005,Mirzapur S3,Thriller,41.2,55,75.0,Mobile,Basic,Bangalore,Tier 1,2024-02-16 14:00:00,OTT_APP
EVT_003850,U00388,C005,Mirzapur S3,Thriller,27.5,55,50.0,Tablet,Basic,Chennai,Tier 1,2024-03-10 13:00:00,OTT_APP
EVT_003851,U00230,C005,Mirzapur S3,Thriller,41.2,55,75.0,Smart TV,Premium,Mumbai,Tier 1,2024-02-22 17:00:00,OTT_APP
EVT_003852,U00294,C001,Anupamaa S1,Series,22.5,45,50.0,Smart TV,Premium,Chennai,Tier 1,2024-02-02 18:00:00,OTT_APP
EVT_003853,U00025,C001,Anupamaa S1,Series,11.2,45,25.0,Mobile,Basic,Delhi,Tier 1,2024-01-11 15:00:00,OTT_APP
EVT_003854,U00189,C005,Mirzapur S3,Thriller,27.5,55,50.0,Laptop,Free,Mumbai,Tier 1,2024-03-14 16:00:00,OTT_APP
EVT_003855,U00253,C002,KBC Season 15,GameShow,30.0,60,50.0,Laptop,Free,Hyderabad,Tier 2,2024-02-28 09:00:00,OTT_APP
EVT_003856,U00211,C004,Panchayat S3,Series,22.5,30,75.0,Laptop,Free,Delhi,Tier 1,2024-01-05 17:00:00,OTT_APP
EVT_003857,,C005,Mirzapur S3,Thriller,27.5,55,50.0,Tablet,Free,Delhi,Tier 1,2024-02-02 18:00:00,OTT_APP
EVT_003858,U00303,C004,Panchayat S3,Series,15.0,30,50.0,Tablet,Basic,Delhi,Tier 1,2024-03-22 23:00:00,OTT_APP
EVT_003859,U00388,C002,KBC Season 15,GameShow,30.0,60,50.0,Laptop,Annual,Hyderabad,Tier 2,2024-02-03 09:00:00,OTT_APP
EVT_003860,U00199,C004,Panchayat S3,Series,15.0,30,50.0,Tablet,Basic,Bangalore,Tier 1,2024-01-08 06:00:00,OTT_APP
EVT_003861,U00432,C003,IPL 2024 Final,Sports,105.0,210,50.0,Mobile,Annual,Hyderabad,Tier 2,2024-02-28 13:00:00,OTT_APP
EVT_003862,U00298,C002,KBC Season 15,GameShow,15.0,60,25.0,Laptop,Annual,Delhi,Tier 1,2024-01-23 14:00:00,OTT_APP
EVT_003863,U00060,C003,IPL 2024 Final,Sports,210.0,210,100.0,Mobile,Premium,Bangalore,Tier 1,2024-02-03 16:00:00,OTT_APP
EVT_003864,U00359,C005,Mirzapur S3,Thriller,27.5,55,50.0,Laptop,Basic,Hyderabad,Tier 2,2024-01-06 15:00:00,OTT_APP
EVT_003865,U00439,C001,Anupamaa S1,Series,33.8,45,75.0,Tablet,Premium,Chennai,Tier 1,2024-02-19 06:00:00,OTT_APP
EVT_003866,U00419,C002,KBC Season 15,GameShow,30.0,60,50.0,Tablet,Annual,Bangalore,Tier 1,2024-03-17 17:00:00,OTT_APP
EVT_003867,,C004,Panchayat S3,Series,30.0,30,100.0,Laptop,Annual,Mumbai,Tier 1,2024-01-14 07:00:00,OTT_APP
EVT_003868,,C003,IPL 2024 Final,Sports,210.0,210,100.0,Tablet,Annual,Chennai,Tier 1,2024-02-07 17:00:00,OTT_APP
EVT_003869,U00199,C002,KBC Season 15,GameShow,45.0,60,75.0,Smart TV,Premium,Bangalore,Tier 1,2024-01-20 11:00:00,OTT_APP
EVT_003870,U00312,C005,Mirzapur S3,Thriller,27.5,55,50.0,Tablet,Annual,Mumbai,Tier 1,2024-01-27 06:00:00,OTT_APP
EVT_003871,U00195,C005,Mirzapur S3,Thriller,55.0,55,100.0,Smart TV,Annual,Bangalore,Tier 1,2024-01-02 19:00:00,OTT_APP
EVT_003872,U00244,C001,Anupamaa S1,Series,22.5,45,50.0,Mobile,Annual,Delhi,Tier 1,2024-02-22 23:00:00,OTT_APP
EVT_003873,U00240,C004,Panchayat S3,Series,30.0,30,100.0,Mobile,Basic,Bangalore,Tier 1,2024-03-17 17:00:00,OTT_APP
EVT_003874,,C005,Mirzapur S3,Thriller,41.2,55,75.0,Laptop,Annual,Bangalore,Tier 1,2024-01-19 18:00:00,OTT_APP
EVT_003875,U00029,C005,Mirzapur S3,Thriller,13.8,55,25.0,Laptop,Basic,Bangalore,Tier 1,2024-01-09 08:00:00,OTT_APP
EVT_003876,U00089,C003,IPL 2024 Final,Sports,52.5,210,25.0,Smart TV,Free,Hyderabad,Tier 2,2024-03-17 19:00:00,OTT_APP
EVT_003877,U00084,C004,Panchayat S3,Series,22.5,30,75.0,Smart TV,Basic,Delhi,Tier 1,2024-02-06 12:00:00,OTT_APP
EVT_003878,U00130,C002,KBC Season 15,GameShow,15.0,60,25.0,Tablet,Annual,Delhi,Tier 1,2024-01-28 13:00:00,OTT_APP
EVT_003879,U00363,C001,Anupamaa S1,Series,45.0,45,100.0,Smart TV,Free,Mumbai,Tier 1,2024-02-18 14:00:00,OTT_APP
EVT_003880,U00225,C004,Panchayat S3,Series,22.5,30,75.0,Laptop,Premium,Delhi,Tier 1,2024-01-25 16:00:00,OTT_APP
EVT_003881,U00176,C002,KBC Season 15,GameShow,45.0,60,75.0,Smart TV,Annual,Mumbai,Tier 1,2024-01-18 22:00:00,OTT_APP
EVT_003882,U00272,C001,Anupamaa S1,Series,11.2,45,25.0,Tablet,Premium,Bangalore,Tier 1,2024-02-03 14:00:00,OTT_APP
EVT_003883,U00060,C005,Mirzapur S3,Thriller,27.5,55,50.0,Mobile,Premium,Chennai,Tier 1,2024-02-01 09:00:00,OTT_APP
EVT_003884,U00411,C002,KBC Season 15,GameShow,30.0,60,50.0,Mobile,Premium,Chennai,Tier 1,2024-01-19 22:00:00,OTT_APP
EVT_003885,U00187,C002,KBC Season 15,GameShow,60.0,60,100.0,Tablet,Free,Bangalore,Tier 1,2024-02-08 10:00:00,OTT_APP
EVT_003886,U00327,C004,Panchayat S3,Series,22.5,30,75.0,Laptop,Annual,Bangalore,Tier 1,2024-03-11 22:00:00,OTT_APP
EVT_003887,U00087,C001,Anupamaa S1,Series,33.8,45,75.0,Mobile,Basic,Mumbai,Tier 1,2024-01-30 10:00:00,OTT_APP
EVT_003888,U00287,C001,Anupamaa S1,Series,45.0,45,100.0,Laptop,Annual,Mumbai,Tier 1,2024-01-12 16:00:00,OTT_APP
EVT_003889,U00277,C002,KBC Season 15,GameShow,60.0,60,100.0,Laptop,Annual,Hyderabad,Tier 2,2024-03-25 10:00:00,OTT_APP
EVT_003890,U00424,C002,KBC Season 15,GameShow,60.0,60,100.0,Mobile,Premium,Hyderabad,Tier 2,2024-03-04 12:00:00,OTT_APP
EVT_003891,U00089,C002,KBC Season 15,GameShow,60.0,60,100.0,Mobile,Annual,Hyderabad,Tier 2,2024-02-16 19:00:00,OTT_APP
EVT_003892,U00005,C005,Mirzapur S3,Thriller,27.5,55,50.0,Smart TV,Basic,Chennai,Tier 1,2024-01-15 19:00:00,OTT_APP
EVT_003893,U00003,C002,KBC Season 15,GameShow,45.0,60,75.0,Mobile,Premium,Hyderabad,Tier 2,2024-01-01 21:00:00,OTT_APP
EVT_003894,U00160,C001,Anupamaa S1,Series,33.8,45,75.0,Tablet,Free,Delhi,Tier 1,2024-03-08 21:00:00,OTT_APP
EVT_003895,U00375,C002,KBC Season 15,GameShow,60.0,60,100.0,Mobile,Free,Delhi,Tier 1,2024-03-28 11:00:00,OTT_APP
EVT_003896,U00204,C004,Panchayat S3,Series,15.0,30,50.0,Tablet,Annual,Chennai,Tier 1,2024-02-04 08:00:00,OTT_APP
EVT_003897,U00208,C005,Mirzapur S3,Thriller,13.8,55,25.0,Laptop,Basic,Mumbai,Tier 1,2024-01-08 14:00:00,OTT_APP
EVT_003898,U00088,C004,Panchayat S3,Series,15.0,30,50.0,Laptop,Annual,Mumbai,Tier 1,2024-01-13 17:00:00,OTT_APP
EVT_003899,U00029,C003,IPL 2024 Final,Sports,105.0,210,50.0,Laptop,Premium,Mumbai,Tier 1,2024-01-30 18:00:00,OTT_APP
EVT_003900,U00294,C003,IPL 2024 Final,Sports,420.0,210,75.0,Tablet,Annual,Delhi,Tier 1,2024-01-26 06:00:00,OTT_APP
EVT_003901,U00274,C002,KBC Season 15,GameShow,60.0,60,100.0,Mobile,Annual,Hyderabad,Tier 2,2024-01-28 18:00:00,OTT_APP
EVT_003902,U00305,C001,Anupamaa S1,Series,45.0,45,100.0,Smart TV,Basic,Chennai,Tier 1,2024-02-12 20:00:00,OTT_APP
EVT_003903,U00176,C002,KBC Season 15,GameShow,30.0,60,50.0,Mobile,Annual,Mumbai,Tier 1,2024-02-04 23:00:00,OTT_APP
EVT_003904,U00255,C001,Anupamaa S1,Series,11.2,45,25.0,Laptop,Basic,Mumbai,Tier 1,2024-01-14 19:00:00,OTT_APP
EVT_003905,U00024,C001,Anupamaa S1,Series,33.8,45,75.0,Mobile,Basic,Chennai,Tier 1,2024-01-10 10:00:00,OTT_APP
EVT_003906,U00117,C005,Mirzapur S3,Thriller,41.2,55,75.0,Smart TV,Annual,Chennai,Tier 1,2024-01-17 13:00:00,OTT_APP
EVT_003907,U00387,C001,Anupamaa S1,Series,45.0,45,100.0,Laptop,Premium,Hyderabad,Tier 2,2024-03-23 12:00:00,OTT_APP
EVT_003908,U00494,C005,Mirzapur S3,Thriller,13.8,55,25.0,Tablet,Premium,Mumbai,Tier 1,2024-02-13 23:00:00,OTT_APP
EVT_003909,U00043,C001,Anupamaa S1,Series,11.2,45,25.0,Tablet,Basic,Delhi,Tier 1,2024-03-18 20:00:00,OTT_APP
EVT_003910,U00155,C001,Anupamaa S1,Series,45.0,45,100.0,Mobile,Premium,Bangalore,Tier 1,2024-02-12 20:00:00,OTT_APP
EVT_003911,U00082,C002,KBC Season 15,GameShow,30.0,60,50.0,Laptop,Basic,Bangalore,Tier 1,2024-01-31 19:00:00,OTT_APP
EVT_003912,U00355,C003,IPL 2024 Final,Sports,157.5,210,75.0,Mobile,Basic,Hyderabad,Tier 2,2024-03-10 13:00:00,OTT_APP
EVT_003913,U00389,C003,IPL 2024 Final,Sports,157.5,210,75.0,Laptop,Annual,Bangalore,Tier 1,2024-02-27 13:00:00,OTT_APP
EVT_003914,U00326,C004,Panchayat S3,Series,7.5,30,25.0,Tablet,Basic,Chennai,Tier 1,2024-02-08 12:00:00,OTT_APP
EVT_003915,U00254,C003,IPL 2024 Final,Sports,210.0,210,100.0,Smart TV,Annual,Hyderabad,Tier 2,2024-02-29 22:00:00,OTT_APP
EVT_003916,U00115,C003,IPL 2024 Final,Sports,105.0,210,50.0,Mobile,Basic,Chennai,Tier 1,2024-02-21 15:00:00,OTT_APP
EVT_003917,U00476,C005,Mirzapur S3,Thriller,55.0,55,100.0,Mobile,Premium,Mumbai,Tier 1,2024-01-29 14:00:00,OTT_APP
EVT_003918,U00321,C002,KBC Season 15,GameShow,30.0,60,50.0,Mobile,Free,Hyderabad,Tier 2,2024-02-23 07:00:00,OTT_APP
EVT_003919,U00358,C005,Mirzapur S3,Thriller,27.5,55,50.0,Tablet,Annual,Hyderabad,Tier 2,2024-01-09 19:00:00,OTT_APP
EVT_003920,U00208,C002,KBC Season 15,GameShow,30.0,60,50.0,Laptop,Basic,Delhi,Tier 1,2024-02-06 11:00:00,OTT_APP
EVT_003921,U00114,C002,KBC Season 15,GameShow,30.0,60,50.0,Laptop,Basic,Hyderabad,Tier 2,2024-01-20 07:00:00,OTT_APP
EVT_003922,U00468,C001,Anupamaa S1,Series,33.8,45,75.0,Mobile,Premium,Mumbai,Tier 1,2024-02-04 07:00:00,OTT_APP
EVT_003923,U00386,C002,KBC Season 15,GameShow,30.0,60,50.0,Laptop,Basic,Mumbai,Tier 1,2024-03-31 09:00:00,OTT_APP
EVT_003924,U00492,C002,KBC Season 15,GameShow,30.0,60,50.0,Tablet,Annual,Mumbai,Tier 1,2024-02-03 21:00:00,OTT_APP
EVT_003925,U00268,C005,Mirzapur S3,Thriller,55.0,55,100.0,Tablet,Basic,Mumbai,Tier 1,2024-01-02 08:00:00,OTT_APP
EVT_003926,U00378,C005,Mirzapur S3,Thriller,55.0,55,100.0,Tablet,Annual,Delhi,Tier 1,2024-02-12 22:00:00,OTT_APP
EVT_003927,U00428,C003,IPL 2024 Final,Sports,52.5,210,25.0,Tablet,Annual,Hyderabad,Tier 2,2024-03-09 13:00:00,OTT_APP
EVT_003928,U00181,C004,Panchayat S3,Series,30.0,30,100.0,Smart TV,Free,Bangalore,Tier 1,2024-03-02 08:00:00,OTT_APP
EVT_003929,U00374,C002,KBC Season 15,GameShow,15.0,60,25.0,Smart TV,Annual,Delhi,Tier 1,2024-02-08 20:00:00,OTT_APP
EVT_003930,U00295,C003,IPL 2024 Final,Sports,52.5,210,25.0,Mobile,Free,Delhi,Tier 1,2024-01-19 06:00:00,OTT_APP
EVT_003931,U00443,C004,Panchayat S3,Series,15.0,30,50.0,Tablet,Premium,Bangalore,Tier 1,2024-02-22 08:00:00,OTT_APP
EVT_003932,U00163,C002,KBC Season 15,GameShow,30.0,60,50.0,Tablet,Free,Bangalore,Tier 1,2024-02-01 16:00:00,OTT_APP
EVT_003933,U00318,C003,IPL 2024 Final,Sports,52.5,210,25.0,Laptop,Basic,Delhi,Tier 1,2024-01-16 18:00:00,OTT_APP
EVT_003934,U00485,C001,Anupamaa S1,Series,33.8,45,75.0,Smart TV,Basic,Bangalore,Tier 1,2024-02-16 14:00:00,OTT_APP
EVT_003935,U00142,C003,IPL 2024 Final,Sports,210.0,210,100.0,Tablet,Basic,Hyderabad,Tier 2,2024-02-21 06:00:00,OTT_APP
EVT_003936,U00241,C005,Mirzapur S3,Thriller,55.0,55,100.0,Smart TV,Premium,Chennai,Tier 1,2024-01-23 22:00:00,OTT_APP
EVT_003937,U00127,C004,Panchayat S3,Series,7.5,30,25.0,Mobile,Annual,Hyderabad,Tier 2,2024-01-13 13:00:00,OTT_APP
EVT_003938,U00026,C002,KBC Season 15,GameShow,30.0,60,50.0,Smart TV,Basic,Delhi,Tier 1,2024-03-21 12:00:00,OTT_APP
EVT_003939,U00389,C004,Panchayat S3,Series,15.0,30,50.0,Laptop,Premium,Delhi,Tier 1,2024-01-20 15:00:00,OTT_APP
EVT_003940,U00366,C001,Anupamaa S1,Series,33.8,45,75.0,Laptop,Basic,Hyderabad,Tier 2,2024-02-17 12:00:00,OTT_APP
EVT_003941,U00469,C001,Anupamaa S1,Series,22.5,45,50.0,Mobile,Annual,Chennai,Tier 1,2024-01-06 16:00:00,OTT_APP
EVT_003942,U00420,C001,Anupamaa S1,Series,11.2,45,25.0,Mobile,Annual,Delhi,Tier 1,2024-02-11 09:00:00,OTT_APP
EVT_003943,U00440,C001,Anupamaa S1,Series,22.5,45,50.0,Laptop,Free,Chennai,Tier 1,2024-02-11 23:00:00,OTT_APP
EVT_003944,,C005,Mirzapur S3,Thriller,55.0,55,100.0,Smart TV,Basic,Chennai,Tier 1,2024-03-22 07:00:00,OTT_APP
EVT_003945,U00041,C003,IPL 2024 Final,Sports,210.0,210,100.0,Smart TV,Premium,Bangalore,Tier 1,2024-02-09 08:00:00,OTT_APP
EVT_003946,U00262,C003,IPL 2024 Final,Sports,210.0,210,100.0,Mobile,Annual,Delhi,Tier 1,2024-02-11 13:00:00,OTT_APP
EVT_003947,U00463,C005,Mirzapur S3,Thriller,13.8,55,25.0,Mobile,Premium,Mumbai,Tier 1,2024-02-01 17:00:00,OTT_APP
EVT_003948,,C002,KBC Season 15,GameShow,45.0,60,75.0,Mobile,Annual,Chennai,Tier 1,2024-03-19 14:00:00,OTT_APP
EVT_003949,U00255,C001,Anupamaa S1,Series,22.5,45,50.0,Mobile,Annual,Bangalore,Tier 1,2024-02-10 17:00:00,OTT_APP
EVT_003950,U00143,C004,Panchayat S3,Series,30.0,30,100.0,Laptop,Basic,Delhi,Tier 1,2024-03-06 10:00:00,OTT_APP
EVT_003951,U00069,C001,Anupamaa S1,Series,45.0,45,100.0,Mobile,Premium,Bangalore,Tier 1,2024-01-16 19:00:00,OTT_APP
EVT_003952,U00235,C004,Panchayat S3,Series,15.0,30,50.0,Laptop,Free,Delhi,Tier 1,2024-01-02 06:00:00,OTT_APP
EVT_003953,U00311,C003,IPL 2024 Final,Sports,52.5,210,25.0,Laptop,Premium,Delhi,Tier 1,2024-01-08 16:00:00,OTT_APP
EVT_003954,U00098,C004,Panchayat S3,Series,22.5,30,75.0,Smart TV,Annual,Bangalore,Tier 1,2024-01-10 15:00:00,OTT_APP
EVT_003955,U00056,C001,Anupamaa S1,Series,45.0,45,100.0,Mobile,Free,Hyderabad,Tier 2,2024-01-06 07:00:00,OTT_APP
EVT_003956,U00376,C003,IPL 2024 Final,Sports,210.0,210,100.0,Smart TV,Basic,Bangalore,Tier 1,2024-01-13 07:00:00,OTT_APP
EVT_003957,U00051,C004,Panchayat S3,Series,30.0,30,100.0,Smart TV,Free,Hyderabad,Tier 2,2024-03-05 23:00:00,OTT_APP
EVT_003958,U00198,C003,IPL 2024 Final,Sports,210.0,210,100.0,Smart TV,Free,Bangalore,Tier 1,2024-03-25 09:00:00,OTT_APP
EVT_003959,U00376,C004,Panchayat S3,Series,30.0,30,100.0,Tablet,Free,Bangalore,Tier 1,2024-03-31 23:00:00,OTT_APP
EVT_003960,U00180,C005,Mirzapur S3,Thriller,55.0,55,100.0,Mobile,Annual,Chennai,Tier 1,2024-02-23 07:00:00,OTT_APP
EVT_003961,U00195,C003,IPL 2024 Final,Sports,210.0,210,100.0,Laptop,Basic,Hyderabad,Tier 2,2024-03-09 11:00:00,OTT_APP
EVT_003962,U00081,C005,Mirzapur S3,Thriller,13.8,55,25.0,Mobile,Free,Bangalore,Tier 1,2024-01-20 21:00:00,OTT_APP
EVT_003963,U00181,C003,IPL 2024 Final,Sports,105.0,210,50.0,Laptop,Premium,Delhi,Tier 1,2024-02-28 12:00:00,OTT_APP
EVT_003964,U00114,C001,Anupamaa S1,Series,22.5,45,50.0,Mobile,Annual,Delhi,Tier 1,2024-01-04 23:00:00,OTT_APP
EVT_003965,U00053,C005,Mirzapur S3,Thriller,27.5,55,50.0,Tablet,Premium,Hyderabad,Tier 2,2024-03-17 17:00:00,OTT_APP
EVT_003966,U00457,C003,IPL 2024 Final,Sports,157.5,210,75.0,Mobile,Premium,Delhi,Tier 1,2024-02-22 20:00:00,OTT_APP
EVT_003967,U00195,C004,Panchayat S3,Series,15.0,30,50.0,Laptop,Annual,Hyderabad,Tier 2,2024-01-05 19:00:00,OTT_APP
EVT_003968,U00458,C003,IPL 2024 Final,Sports,52.5,210,25.0,Mobile,Free,Hyderabad,Tier 2,2024-02-13 21:00:00,OTT_APP
EVT_003969,,C004,Panchayat S3,Series,15.0,30,50.0,Tablet,Annual,Bangalore,Tier 1,2024-01-06 17:00:00,OTT_APP
EVT_003970,U00025,C002,KBC Season 15,GameShow,60.0,60,100.0,Laptop,Basic,Delhi,Tier 1,2024-01-12 22:00:00,OTT_APP
EVT_003971,U00179,C005,Mirzapur S3,Thriller,55.0,55,100.0,Tablet,Annual,Mumbai,Tier 1,2024-01-05 10:00:00,OTT_APP
EVT_003972,U00361,C003,IPL 2024 Final,Sports,210.0,210,100.0,Laptop,Annual,Delhi,Tier 1,2024-01-31 21:00:00,OTT_APP
EVT_003973,U00254,C002,KBC Season 15,GameShow,15.0,60,25.0,Laptop,Free,Delhi,Tier 1,2024-01-13 18:00:00,OTT_APP
EVT_003974,U00145,C005,Mirzapur S3,Thriller,55.0,55,100.0,Laptop,Basic,Bangalore,Tier 1,2024-01-14 17:00:00,OTT_APP
EVT_003975,U00071,C001,Anupamaa S1,Series,45.0,45,100.0,Tablet,Premium,Delhi,Tier 1,2024-02-03 07:00:00,OTT_APP
EVT_003976,U00303,C003,IPL 2024 Final,Sports,105.0,210,50.0,Mobile,Free,Mumbai,Tier 1,2024-02-13 15:00:00,OTT_APP
EVT_003977,U00206,C005,Mirzapur S3,Thriller,41.2,55,75.0,Laptop,Basic,Hyderabad,Tier 2,2024-01-27 21:00:00,OTT_APP
EVT_003978,U00050,C005,Mirzapur S3,Thriller,41.2,55,75.0,Laptop,Basic,Delhi,Tier 1,2024-02-09 18:00:00,OTT_APP
EVT_003979,U00113,C001,Anupamaa S1,Series,22.5,45,50.0,Mobile,Free,Chennai,Tier 1,2024-02-01 22:00:00,OTT_APP
EVT_003980,U00081,C001,Anupamaa S1,Series,33.8,45,75.0,Tablet,Basic,Chennai,Tier 1,2024-01-29 16:00:00,OTT_APP
EVT_003981,U00291,C001,Anupamaa S1,Series,22.5,45,50.0,Laptop,Premium,Chennai,Tier 1,2024-01-14 20:00:00,OTT_APP
EVT_003982,U00318,C003,IPL 2024 Final,Sports,105.0,210,50.0,Laptop,Basic,Bangalore,Tier 1,2024-01-20 22:00:00,OTT_APP
EVT_003983,U00075,C003,IPL 2024 Final,Sports,52.5,210,25.0,Tablet,Basic,Hyderabad,Tier 2,2024-02-18 11:00:00,OTT_APP
EVT_003984,U00085,C004,Panchayat S3,Series,30.0,30,100.0,Smart TV,Basic,Bangalore,Tier 1,2024-01-08 06:00:00,OTT_APP
EVT_003985,U00196,C001,Anupamaa S1,Series,11.2,45,25.0,Laptop,Annual,Chennai,Tier 1,2024-01-05 17:00:00,OTT_APP
EVT_003986,U00266,C001,Anupamaa S1,Series,11.2,45,25.0,Mobile,Premium,Mumbai,Tier 1,2024-03-25 17:00:00,OTT_APP
EVT_003987,U00173,C001,Anupamaa S1,Series,45.0,45,100.0,Mobile,Annual,Delhi,Tier 1,2024-03-05 06:00:00,OTT_APP
EVT_003988,U00112,C004,Panchayat S3,Series,15.0,30,50.0,Smart TV,Annual,Hyderabad,Tier 2,2024-01-15 11:00:00,OTT_APP
EVT_003989,U00299,C005,Mirzapur S3,Thriller,41.2,55,75.0,Laptop,Basic,Chennai,Tier 1,2024-03-03 07:00:00,OTT_APP
EVT_003990,U00314,C004,Panchayat S3,Series,7.5,30,25.0,Tablet,Premium,Delhi,Tier 1,2024-03-01 18:00:00,OTT_APP
EVT_003991,U00410,C003,IPL 2024 Final,Sports,105.0,210,50.0,Tablet,Basic,Mumbai,Tier 1,2024-01-19 11:00:00,OTT_APP
EVT_003992,U00126,C003,IPL 2024 Final,Sports,157.5,210,75.0,Laptop,Basic,Bangalore,Tier 1,2024-01-25 08:00:00,OTT_APP
EVT_003993,U00483,C004,Panchayat S3,Series,7.5,30,25.0,Mobile,Free,Chennai,Tier 1,2024-01-06 13:00:00,OTT_APP
EVT_003994,U00324,C005,Mirzapur S3,Thriller,13.8,55,25.0,Mobile,Premium,Delhi,Tier 1,2024-02-18 18:00:00,OTT_APP
EVT_003995,U00004,C001,Anupamaa S1,Series,33.8,45,75.0,Laptop,Free,Delhi,Tier 1,2024-03-26 19:00:00,OTT_APP
EVT_003996,U00426,C001,Anupamaa S1,Series,22.5,45,50.0,Mobile,Basic,Mumbai,Tier 1,2024-03-05 09:00:00,OTT_APP
EVT_003997,U00455,C003,IPL 2024 Final,Sports,210.0,210,100.0,Tablet,Annual,Bangalore,Tier 1,2024-03-25 10:00:00,OTT_APP
EVT_003998,U00497,C004,Panchayat S3,Series,22.5,30,75.0,Mobile,Basic,Delhi,Tier 1,2024-02-07 08:00:00,OTT_APP
EVT_003999,U00265,C003,IPL 2024 Final,Sports,52.5,210,25.0,Mobile,Free,Mumbai,Tier 1,2024-01-26 08:00:00,OTT_APP
EVT_004000,U00472,C005,Mirzapur S3,Thriller,41.2,55,75.0,Mobile,Basic,Chennai,Tier 1,2024-01-02 16:00:00,OTT_APP
EVT_004001,U00159,C002,KBC Season 15,GameShow,30.0,60,50.0,Tablet,Annual,Mumbai,Tier 1,2024-02-26 06:00:00,OTT_APP
EVT_004002,U00406,C001,Anupamaa S1,Series,33.8,45,75.0,Mobile,Annual,Bangalore,Tier 1,2024-01-01 14:00:00,OTT_APP
EVT_004003,U00109,C004,Panchayat S3,Series,7.5,30,25.0,Mobile,Free,Hyderabad,Tier 2,2024-02-28 22:00:00,OTT_APP
EVT_004004,U00162,C002,KBC Season 15,GameShow,15.0,60,25.0,Laptop,Basic,Chennai,Tier 1,2024-02-19 14:00:00,OTT_APP
EVT_004005,U00405,C002,KBC Season 15,GameShow,30.0,60,50.0,Mobile,Annual,Bangalore,Tier 1,2024-03-17 14:00:00,OTT_APP
EVT_004006,U00133,C003,IPL 2024 Final,Sports,52.5,210,25.0,Laptop,Free,Delhi,Tier 1,2024-02-27 14:00:00,OTT_APP
EVT_004007,U00363,C005,Mirzapur S3,Thriller,55.0,55,100.0,Smart TV,Annual,Delhi,Tier 1,2024-03-18 09:00:00,OTT_APP
EVT_004008,U00494,C005,Mirzapur S3,Thriller,27.5,55,50.0,Tablet,Free,Delhi,Tier 1,2024-03-21 18:00:00,OTT_APP
EVT_004009,U00219,C001,Anupamaa S1,Series,45.0,45,100.0,Laptop,Premium,Mumbai,Tier 1,2024-01-29 11:00:00,OTT_APP
EVT_004010,U00251,C002,KBC Season 15,GameShow,60.0,60,100.0,Laptop,Basic,Hyderabad,Tier 2,2024-01-06 17:00:00,OTT_APP
EVT_004011,U00274,C001,Anupamaa S1,Series,33.8,45,75.0,Laptop,Premium,Mumbai,Tier 1,2024-01-11 06:00:00,OTT_APP
EVT_004012,U00116,C003,IPL 2024 Final,Sports,105.0,210,50.0,Laptop,Free,Mumbai,Tier 1,2024-01-22 16:00:00,OTT_APP
EVT_004013,U00226,C004,Panchayat S3,Series,30.0,30,100.0,Tablet,Annual,Mumbai,Tier 1,2024-01-08 14:00:00,OTT_APP
EVT_004014,U00303,C004,Panchayat S3,Series,22.5,30,75.0,Tablet,Premium,Hyderabad,Tier 2,2024-02-18 22:00:00,OTT_APP
EVT_004015,U00208,C005,Mirzapur S3,Thriller,110.0,55,25.0,Mobile,Free,Mumbai,Tier 1,2024-03-24 13:00:00,OTT_APP
EVT_004016,U00386,C001,Anupamaa S1,Series,45.0,45,100.0,Mobile,Annual,Bangalore,Tier 1,2024-02-29 06:00:00,OTT_APP
EVT_004017,U00161,C004,Panchayat S3,Series,30.0,30,100.0,Tablet,Basic,Delhi,Tier 1,2024-03-24 21:00:00,OTT_APP
EVT_004018,U00053,C002,KBC Season 15,GameShow,60.0,60,100.0,Mobile,Free,Mumbai,Tier 1,2024-02-26 22:00:00,OTT_APP
EVT_004019,U00143,C004,Panchayat S3,Series,7.5,30,25.0,Mobile,Basic,Bangalore,Tier 1,2024-01-07 07:00:00,OTT_APP
EVT_004020,U00172,C001,Anupamaa S1,Series,22.5,45,50.0,Laptop,Annual,Chennai,Tier 1,2024-01-12 17:00:00,OTT_APP
EVT_004021,U00156,C003,IPL 2024 Final,Sports,105.0,210,50.0,Laptop,Premium,Delhi,Tier 1,2024-03-26 22:00:00,OTT_APP
EVT_004022,U00246,C003,IPL 2024 Final,Sports,210.0,210,100.0,Mobile,Basic,Delhi,Tier 1,2024-03-13 09:00:00,OTT_APP
EVT_004023,U00317,C002,KBC Season 15,GameShow,30.0,60,50.0,Smart TV,Annual,Mumbai,Tier 1,2024-01-08 15:00:00,OTT_APP
EVT_004024,U00491,C004,Panchayat S3,Series,30.0,30,100.0,Laptop,Annual,Delhi,Tier 1,2024-02-19 09:00:00,OTT_APP
EVT_004025,U00391,C002,KBC Season 15,GameShow,15.0,60,25.0,Laptop,Basic,Bangalore,Tier 1,2024-01-28 15:00:00,OTT_APP
EVT_004026,U00422,C003,IPL 2024 Final,Sports,157.5,210,75.0,Tablet,Annual,Delhi,Tier 1,2024-01-26 23:00:00,OTT_APP
EVT_004027,,C003,IPL 2024 Final,Sports,210.0,210,100.0,Laptop,Annual,Delhi,Tier 1,2024-03-20 10:00:00,OTT_APP
EVT_004028,U00474,C005,Mirzapur S3,Thriller,27.5,55,50.0,Smart TV,Premium,Mumbai,Tier 1,2024-02-03 08:00:00,OTT_APP
EVT_004029,U00226,C005,Mirzapur S3,Thriller,27.5,55,50.0,Mobile,Annual,Mumbai,Tier 1,2024-03-02 18:00:00,OTT_APP
EVT_004030,,C001,Anupamaa S1,Series,22.5,45,50.0,Smart TV,Premium,Hyderabad,Tier 2,2024-03-23 09:00:00,OTT_APP
EVT_004031,U00070,C004,Panchayat S3,Series,22.5,30,75.0,Tablet,Free,Mumbai,Tier 1,2024-01-16 18:00:00,OTT_APP
EVT_004032,U00479,C004,Panchayat S3,Series,22.5,30,75.0,Tablet,Premium,Hyderabad,Tier 2,2024-03-12 12:00:00,OTT_APP
EVT_004033,U00356,C004,Panchayat S3,Series,15.0,30,50.0,Laptop,Free,Delhi,Tier 1,2024-03-16 23:00:00,OTT_APP
EVT_004034,U00003,C001,Anupamaa S1,Series,45.0,45,100.0,Smart TV,Basic,Chennai,Tier 1,2024-02-16 21:00:00,OTT_APP
EVT_004035,U00371,C003,IPL 2024 Final,Sports,157.5,210,75.0,Laptop,Annual,Bangalore,Tier 1,2024-03-30 09:00:00,OTT_APP
EVT_004036,U00310,C005,Mirzapur S3,Thriller,55.0,55,100.0,Mobile,Premium,Chennai,Tier 1,2024-02-11 10:00:00,OTT_APP
EVT_004037,U00004,C001,Anupamaa S1,Series,33.8,45,75.0,Mobile,Free,Delhi,Tier 1,2024-02-19 07:00:00,OTT_APP
EVT_004038,U00218,C001,Anupamaa S1,Series,33.8,45,75.0,Mobile,Annual,Mumbai,Tier 1,2024-01-11 16:00:00,OTT_APP
EVT_004039,U00133,C001,Anupamaa S1,Series,45.0,45,100.0,Tablet,Free,Bangalore,Tier 1,2024-01-25 23:00:00,OTT_APP
EVT_004040,U00345,C002,KBC Season 15,GameShow,60.0,60,100.0,Smart TV,Basic,Delhi,Tier 1,2024-01-01 07:00:00,OTT_APP
EVT_004041,U00392,C005,Mirzapur S3,Thriller,55.0,55,100.0,Laptop,Annual,Bangalore,Tier 1,2024-03-14 07:00:00,OTT_APP
EVT_004042,U00136,C002,KBC Season 15,GameShow,15.0,60,25.0,Tablet,Free,Delhi,Tier 1,2024-01-10 07:00:00,OTT_APP
EVT_004043,U00322,C004,Panchayat S3,Series,22.5,30,75.0,Laptop,Premium,Bangalore,Tier 1,2024-03-21 13:00:00,OTT_APP
EVT_004044,U00065,C003,IPL 2024 Final,Sports,157.5,210,75.0,Mobile,Basic,Mumbai,Tier 1,2024-03-18 10:00:00,OTT_APP
EVT_004045,U00373,C002,KBC Season 15,GameShow,15.0,60,25.0,Laptop,Premium,Delhi,Tier 1,2024-01-11 22:00:00,OTT_APP
EVT_004046,U00425,C001,Anupamaa S1,Series,22.5,45,50.0,Mobile,Basic,Mumbai,Tier 1,2024-03-22 13:00:00,OTT_APP
EVT_004047,U00312,C002,KBC Season 15,GameShow,30.0,60,50.0,Smart TV,Annual,Mumbai,Tier 1,2024-03-29 19:00:00,OTT_APP
EVT_004048,U00212,C005,Mirzapur S3,Thriller,13.8,55,25.0,Laptop,Annual,Hyderabad,Tier 2,2024-03-16 08:00:00,OTT_APP
EVT_004049,U00401,C003,IPL 2024 Final,Sports,52.5,210,25.0,Mobile,Basic,Delhi,Tier 1,2024-01-19 13:00:00,OTT_APP
EVT_004050,U00454,C002,KBC Season 15,GameShow,60.0,60,100.0,Laptop,Annual,Delhi,Tier 1,2024-03-09 10:00:00,OTT_APP
EVT_004051,U00299,C001,Anupamaa S1,Series,11.2,45,25.0,Tablet,Premium,Hyderabad,Tier 2,2024-01-31 20:00:00,OTT_APP
EVT_004052,U00390,C002,KBC Season 15,GameShow,60.0,60,100.0,Tablet,Premium,Chennai,Tier 1,2024-01-24 19:00:00,OTT_APP
EVT_004053,U00393,C003,IPL 2024 Final,Sports,157.5,210,75.0,Laptop,Free,Chennai,Tier 1,2024-02-01 19:00:00,OTT_APP
EVT_004054,U00219,C001,Anupamaa S1,Series,11.2,45,25.0,Tablet,Free,Delhi,Tier 1,2024-01-29 07:00:00,OTT_APP
EVT_004055,U00256,C005,Mirzapur S3,Thriller,41.2,55,75.0,Laptop,Free,Mumbai,Tier 1,2024-02-11 23:00:00,OTT_APP
EVT_004056,U00395,C003,IPL 2024 Final,Sports,105.0,210,50.0,Laptop,Basic,Chennai,Tier 1,2024-03-17 07:00:00,OTT_APP
EVT_004057,U00473,C004,Panchayat S3,Series,22.5,30,75.0,Tablet,Free,Hyderabad,Tier 2,2024-01-07 11:00:00,OTT_APP
EVT_004058,U00240,C002,KBC Season 15,GameShow,15.0,60,25.0,Smart TV,Free,Chennai,Tier 1,2024-02-19 13:00:00,OTT_APP
EVT_004059,U00111,C004,Panchayat S3,Series,7.5,30,25.0,Smart TV,Basic,Bangalore,Tier 1,2024-02-20 06:00:00,OTT_APP
EVT_004060,U00090,C003,IPL 2024 Final,Sports,157.5,210,75.0,Tablet,Premium,Mumbai,Tier 1,2024-03-09 06:00:00,OTT_APP
EVT_004061,U00370,C005,Mirzapur S3,Thriller,41.2,55,75.0,Laptop,Basic,Bangalore,Tier 1,2024-02-29 13:00:00,OTT_APP
EVT_004062,U00391,C005,Mirzapur S3,Thriller,55.0,55,100.0,Tablet,Free,Bangalore,Tier 1,2024-03-15 16:00:00,OTT_APP
EVT_004063,U00138,C005,Mirzapur S3,Thriller,55.0,55,100.0,Mobile,Free,Delhi,Tier 1,2024-02-02 20:00:00,OTT_APP
EVT_004064,U00007,C001,Anupamaa S1,Series,22.5,45,50.0,Smart TV,Annual,Delhi,Tier 1,2024-02-20 20:00:00,OTT_APP
EVT_004065,U00442,C002,KBC Season 15,GameShow,60.0,60,100.0,Laptop,Free,Bangalore,Tier 1,2024-03-24 20:00:00,OTT_APP
EVT_004066,U00106,C001,Anupamaa S1,Series,11.2,45,25.0,Smart TV,Free,Hyderabad,Tier 2,2024-02-07 11:00:00,OTT_APP
EVT_004067,U00017,C001,Anupamaa S1,Series,33.8,45,75.0,Smart TV,Basic,Chennai,Tier 1,2024-02-20 13:00:00,OTT_APP
EVT_004068,U00239,C003,IPL 2024 Final,Sports,210.0,210,100.0,Smart TV,Basic,Hyderabad,Tier 2,2024-01-18 22:00:00,OTT_APP
EVT_004069,U00269,C001,Anupamaa S1,Series,11.2,45,25.0,Smart TV,Free,Bangalore,Tier 1,2024-03-28 22:00:00,OTT_APP
EVT_004070,U00391,C002,KBC Season 15,GameShow,45.0,60,75.0,Tablet,Premium,Delhi,Tier 1,2024-02-24 17:00:00,OTT_APP
EVT_004071,U00033,C002,KBC Season 15,GameShow,15.0,60,25.0,Laptop,Free,Bangalore,Tier 1,2024-01-18 06:00:00,OTT_APP
EVT_004072,U00425,C005,Mirzapur S3,Thriller,27.5,55,50.0,Mobile,Annual,Hyderabad,Tier 2,2024-03-01 14:00:00,OTT_APP
EVT_004073,U00168,C002,KBC Season 15,GameShow,30.0,60,50.0,Mobile,Basic,Bangalore,Tier 1,2024-01-27 18:00:00,OTT_APP
EVT_004074,U00047,C005,Mirzapur S3,Thriller,41.2,55,75.0,Mobile,Free,Chennai,Tier 1,2024-02-15 16:00:00,OTT_APP
EVT_004075,U00317,C003,IPL 2024 Final,Sports,210.0,210,100.0,Tablet,Premium,Mumbai,Tier 1,2024-03-06 09:00:00,OTT_APP
EVT_004076,U00007,C002,KBC Season 15,GameShow,15.0,60,25.0,Smart TV,Annual,Delhi,Tier 1,2024-01-27 07:00:00,OTT_APP
EVT_004077,U00165,C001,Anupamaa S1,Series,45.0,45,100.0,Mobile,Basic,Delhi,Tier 1,2024-01-17 13:00:00,OTT_APP
EVT_004078,U00350,C005,Mirzapur S3,Thriller,27.5,55,50.0,Smart TV,Premium,Delhi,Tier 1,2024-03-26 14:00:00,OTT_APP
EVT_004079,U00223,C002,KBC Season 15,GameShow,60.0,60,100.0,Smart TV,Free,Chennai,Tier 1,2024-01-27 09:00:00,OTT_APP
EVT_004080,U00114,C005,Mirzapur S3,Thriller,13.8,55,25.0,Mobile,Annual,Bangalore,Tier 1,2024-03-31 18:00:00,OTT_APP
EVT_004081,U00005,C004,Panchayat S3,Series,22.5,30,75.0,Smart TV,Basic,Hyderabad,Tier 2,2024-03-01 15:00:00,OTT_APP
EVT_004082,U00483,C001,Anupamaa S1,Series,22.5,45,50.0,Mobile,Annual,Chennai,Tier 1,2024-02-02 08:00:00,OTT_APP
EVT_004083,U00003,C001,Anupamaa S1,Series,22.5,45,50.0,Mobile,Premium,Chennai,Tier 1,2024-03-15 20:00:00,OTT_APP
EVT_004084,U00052,C003,IPL 2024 Final,Sports,210.0,210,100.0,Tablet,Free,Chennai,Tier 1,2024-03-11 06:00:00,OTT_APP
EVT_004085,U00426,C004,Panchayat S3,Series,15.0,30,50.0,Smart TV,Free,Delhi,Tier 1,2024-03-15 19:00:00,OTT_APP
EVT_004086,U00004,C005,Mirzapur S3,Thriller,13.8,55,25.0,Tablet,Free,Mumbai,Tier 1,2024-01-16 17:00:00,OTT_APP
EVT_004087,U00051,C005,Mirzapur S3,Thriller,55.0,55,100.0,Smart TV,Free,Bangalore,Tier 1,2024-03-19 19:00:00,OTT_APP
EVT_004088,U00358,C003,IPL 2024 Final,Sports,210.0,210,100.0,Smart TV,Basic,Chennai,Tier 1,2024-02-17 11:00:00,OTT_APP
EVT_004089,U00258,C002,KBC Season 15,GameShow,45.0,60,75.0,Smart TV,Annual,Hyderabad,Tier 2,2024-01-07 16:00:00,OTT_APP
EVT_004090,U00379,C004,Panchayat S3,Series,22.5,30,75.0,Mobile,Premium,Delhi,Tier 1,2024-02-14 14:00:00,OTT_APP
EVT_004091,U00306,C004,Panchayat S3,Series,30.0,30,100.0,Tablet,Free,Delhi,Tier 1,2024-02-13 12:00:00,OTT_APP
EVT_004092,U00164,C001,Anupamaa S1,Series,11.2,45,25.0,Laptop,Basic,Chennai,Tier 1,2024-01-21 16:00:00,OTT_APP
EVT_004093,U00091,C004,Panchayat S3,Series,15.0,30,50.0,Laptop,Free,Hyderabad,Tier 2,2024-03-11 23:00:00,OTT_APP
EVT_004094,U00301,C002,KBC Season 15,GameShow,15.0,60,25.0,Mobile,Basic,Bangalore,Tier 1,2024-02-05 23:00:00,OTT_APP
EVT_004095,U00004,C001,Anupamaa S1,Series,22.5,45,50.0,Laptop,Free,Chennai,Tier 1,2024-03-09 22:00:00,OTT_APP
EVT_004096,U00312,C005,Mirzapur S3,Thriller,27.5,55,50.0,Smart TV,Premium,Chennai,Tier 1,2024-01-17 11:00:00,OTT_APP
EVT_004097,U00306,C003,IPL 2024 Final,Sports,210.0,210,100.0,Smart TV,Free,Chennai,Tier 1,2024-03-25 17:00:00,OTT_APP
EVT_004098,U00227,C003,IPL 2024 Final,Sports,157.5,210,75.0,Tablet,Annual,Chennai,Tier 1,2024-03-13 19:00:00,OTT_APP
EVT_004099,U00403,C004,Panchayat S3,Series,22.5,30,75.0,Laptop,Basic,Mumbai,Tier 1,2024-01-14 12:00:00,OTT_APP
EVT_004100,U00498,C001,Anupamaa S1,Series,33.8,45,75.0,Smart TV,Annual,Chennai,Tier 1,2024-02-29 19:00:00,OTT_APP
EVT_004101,U00001,C003,IPL 2024 Final,Sports,105.0,210,50.0,Tablet,Annual,Mumbai,Tier 1,2024-01-12 18:00:00,OTT_APP
EVT_004102,U00093,C001,Anupamaa S1,Series,45.0,45,100.0,Mobile,Basic,Mumbai,Tier 1,2024-02-14 11:00:00,OTT_APP
EVT_004103,U00032,C002,KBC Season 15,GameShow,30.0,60,50.0,Mobile,Basic,Hyderabad,Tier 2,2024-03-17 18:00:00,OTT_APP
EVT_004104,U00326,C003,IPL 2024 Final,Sports,105.0,210,50.0,Smart TV,Free,Mumbai,Tier 1,2024-01-17 22:00:00,OTT_APP
EVT_004105,U00375,C004,Panchayat S3,Series,15.0,30,50.0,Laptop,Basic,Mumbai,Tier 1,2024-01-15 13:00:00,OTT_APP
EVT_004106,U00479,C004,Panchayat S3,Series,7.5,30,25.0,Mobile,Basic,Chennai,Tier 1,2024-03-30 18:00:00,OTT_APP
EVT_004107,U00347,C002,KBC Season 15,GameShow,45.0,60,75.0,Tablet,Basic,Bangalore,Tier 1,2024-03-10 22:00:00,OTT_APP
EVT_004108,U00204,C005,Mirzapur S3,Thriller,27.5,55,50.0,Mobile,Premium,Hyderabad,Tier 2,2024-03-19 22:00:00,OTT_APP
EVT_004109,U00027,C002,KBC Season 15,GameShow,60.0,60,100.0,Mobile,Free,Bangalore,Tier 1,2024-02-20 13:00:00,OTT_APP
EVT_004110,U00401,C004,Panchayat S3,Series,15.0,30,50.0,Tablet,Premium,Hyderabad,Tier 2,2024-02-06 15:00:00,OTT_APP
EVT_004111,U00057,C004,Panchayat S3,Series,22.5,30,75.0,Mobile,Annual,Chennai,Tier 1,2024-02-09 14:00:00,OTT_APP
EVT_004112,U00198,C004,Panchayat S3,Series,22.5,30,75.0,Tablet,Premium,Delhi,Tier 1,2024-02-24 10:00:00,OTT_APP
EVT_004113,U00353,C002,KBC Season 15,GameShow,30.0,60,50.0,Laptop,Free,Bangalore,Tier 1,2024-02-15 09:00:00,OTT_APP
EVT_004114,U00108,C003,IPL 2024 Final,Sports,105.0,210,50.0,Tablet,Free,Hyderabad,Tier 2,2024-03-24 22:00:00,OTT_APP
EVT_004115,U00260,C004,Panchayat S3,Series,30.0,30,100.0,Tablet,Annual,Hyderabad,Tier 2,2024-02-24 17:00:00,OTT_APP
EVT_004116,,C005,Mirzapur S3,Thriller,55.0,55,100.0,Mobile,Annual,Bangalore,Tier 1,2024-02-12 19:00:00,OTT_APP
EVT_004117,U00251,C004,Panchayat S3,Series,22.5,30,75.0,Smart TV,Free,Delhi,Tier 1,2024-02-09 07:00:00,OTT_APP
EVT_004118,U00239,C004,Panchayat S3,Series,22.5,30,75.0,Laptop,Free,Mumbai,Tier 1,2024-03-28 20:00:00,OTT_APP
EVT_004119,U00252,C002,KBC Season 15,GameShow,30.0,60,50.0,Smart TV,Annual,Mumbai,Tier 1,2024-03-23 06:00:00,OTT_APP
EVT_004120,U00165,C005,Mirzapur S3,Thriller,13.8,55,25.0,Tablet,Free,Delhi,Tier 1,2024-01-26 22:00:00,OTT_APP
EVT_004121,U00067,C002,KBC Season 15,GameShow,60.0,60,100.0,Tablet,Free,Bangalore,Tier 1,2024-03-15 16:00:00,OTT_APP
EVT_004122,,C002,KBC Season 15,GameShow,30.0,60,50.0,Smart TV,Basic,Delhi,Tier 1,2024-03-28 18:00:00,OTT_APP
EVT_004123,U00320,C004,Panchayat S3,Series,15.0,30,50.0,Laptop,Basic,Chennai,Tier 1,2024-01-16 15:00:00,OTT_APP
EVT_004124,U00496,C003,IPL 2024 Final,Sports,420.0,210,75.0,Smart TV,Basic,Mumbai,Tier 1,2024-01-25 10:00:00,OTT_APP
EVT_004125,U00406,C003,IPL 2024 Final,Sports,105.0,210,50.0,Tablet,Free,Mumbai,Tier 1,2024-02-07 19:00:00,OTT_APP
EVT_004126,U00177,C005,Mirzapur S3,Thriller,27.5,55,50.0,Laptop,Free,Chennai,Tier 1,2024-02-10 17:00:00,OTT_APP
EVT_004127,U00129,C002,KBC Season 15,GameShow,15.0,60,25.0,Mobile,Basic,Bangalore,Tier 1,2024-01-15 21:00:00,OTT_APP
EVT_004128,U00410,C004,Panchayat S3,Series,30.0,30,100.0,Laptop,Annual,Chennai,Tier 1,2024-02-16 14:00:00,OTT_APP
EVT_004129,U00475,C001,Anupamaa S1,Series,45.0,45,100.0,Mobile,Basic,Mumbai,Tier 1,2024-03-11 13:00:00,OTT_APP
EVT_004130,U00016,C004,Panchayat S3,Series,22.5,30,75.0,Laptop,Annual,Mumbai,Tier 1,2024-02-23 16:00:00,OTT_APP
EVT_004131,U00333,C001,Anupamaa S1,Series,45.0,45,100.0,Smart TV,Free,Delhi,Tier 1,2024-01-20 23:00:00,OTT_APP
EVT_004132,U00356,C003,IPL 2024 Final,Sports,105.0,210,50.0,Tablet,Basic,Chennai,Tier 1,2024-02-23 23:00:00,OTT_APP
EVT_004133,U00416,C001,Anupamaa S1,Series,45.0,45,100.0,Tablet,Premium,Chennai,Tier 1,2024-02-17 16:00:00,OTT_APP
EVT_004134,U00220,C001,Anupamaa S1,Series,11.2,45,25.0,Mobile,Annual,Bangalore,Tier 1,2024-01-28 16:00:00,OTT_APP
EVT_004135,U00473,C004,Panchayat S3,Series,15.0,30,50.0,Smart TV,Basic,Hyderabad,Tier 2,2024-03-18 15:00:00,OTT_APP
EVT_004136,U00135,C002,KBC Season 15,GameShow,30.0,60,50.0,Laptop,Free,Delhi,Tier 1,2024-03-14 07:00:00,OTT_APP
EVT_004137,U00370,C001,Anupamaa S1,Series,33.8,45,75.0,Smart TV,Annual,Delhi,Tier 1,2024-02-21 18:00:00,OTT_APP
EVT_004138,U00289,C005,Mirzapur S3,Thriller,13.8,55,25.0,Laptop,Premium,Delhi,Tier 1,2024-01-20 07:00:00,OTT_APP
EVT_004139,U00396,C003,IPL 2024 Final,Sports,157.5,210,75.0,Mobile,Annual,Bangalore,Tier 1,2024-01-14 20:00:00,OTT_APP
EVT_004140,U00089,C004,Panchayat S3,Series,7.5,30,25.0,Mobile,Free,Mumbai,Tier 1,2024-02-13 09:00:00,OTT_APP
EVT_004141,,C002,KBC Season 15,GameShow,45.0,60,75.0,Mobile,Annual,Delhi,Tier 1,2024-02-02 15:00:00,OTT_APP
EVT_004142,U00094,C004,Panchayat S3,Series,22.5,30,75.0,Mobile,Basic,Delhi,Tier 1,2024-01-15 18:00:00,OTT_APP
EVT_004143,U00380,C002,KBC Season 15,GameShow,60.0,60,100.0,Smart TV,Annual,Delhi,Tier 1,2024-03-16 08:00:00,OTT_APP
EVT_004144,U00013,C005,Mirzapur S3,Thriller,13.8,55,25.0,Laptop,Free,Mumbai,Tier 1,2024-02-13 13:00:00,OTT_APP
EVT_004145,U00460,C002,KBC Season 15,GameShow,15.0,60,25.0,Smart TV,Basic,Bangalore,Tier 1,2024-01-06 07:00:00,OTT_APP
EVT_004146,U00094,C005,Mirzapur S3,Thriller,27.5,55,50.0,Laptop,Free,Bangalore,Tier 1,2024-02-26 14:00:00,OTT_APP
EVT_004147,U00377,C003,IPL 2024 Final,Sports,105.0,210,50.0,Laptop,Basic,Hyderabad,Tier 2,2024-02-11 21:00:00,OTT_APP
EVT_004148,U00078,C005,Mirzapur S3,Thriller,55.0,55,100.0,Smart TV,Free,Mumbai,Tier 1,2024-02-21 12:00:00,OTT_APP
EVT_004149,U00028,C001,Anupamaa S1,Series,45.0,45,100.0,Tablet,Premium,Delhi,Tier 1,2024-02-23 23:00:00,OTT_APP
EVT_004150,U00071,C004,Panchayat S3,Series,22.5,30,75.0,Tablet,Annual,Chennai,Tier 1,2024-03-05 16:00:00,OTT_APP
EVT_004151,U00332,C004,Panchayat S3,Series,7.5,30,25.0,Laptop,Premium,Hyderabad,Tier 2,2024-02-23 06:00:00,OTT_APP
EVT_004152,U00186,C004,Panchayat S3,Series,7.5,30,25.0,Laptop,Basic,Chennai,Tier 1,2024-02-13 11:00:00,OTT_APP
EVT_004153,U00281,C004,Panchayat S3,Series,22.5,30,75.0,Tablet,Free,Chennai,Tier 1,2024-03-01 21:00:00,OTT_APP
EVT_004154,U00163,C004,Panchayat S3,Series,7.5,30,25.0,Laptop,Annual,Hyderabad,Tier 2,2024-02-04 19:00:00,OTT_APP
EVT_004155,U00073,C004,Panchayat S3,Series,30.0,30,100.0,Laptop,Basic,Mumbai,Tier 1,2024-02-25 08:00:00,OTT_APP
EVT_004156,U00408,C005,Mirzapur S3,Thriller,27.5,55,50.0,Smart TV,Basic,Bangalore,Tier 1,2024-03-07 07:00:00,OTT_APP
EVT_004157,U00132,C004,Panchayat S3,Series,22.5,30,75.0,Mobile,Annual,Mumbai,Tier 1,2024-03-31 18:00:00,OTT_APP
EVT_004158,U00331,C001,Anupamaa S1,Series,11.2,45,25.0,Laptop,Free,Delhi,Tier 1,2024-03-04 08:00:00,OTT_APP
EVT_004159,U00006,C003,IPL 2024 Final,Sports,105.0,210,50.0,Smart TV,Free,Bangalore,Tier 1,2024-03-10 22:00:00,OTT_APP
EVT_004160,U00326,C004,Panchayat S3,Series,15.0,30,50.0,Mobile,Basic,Bangalore,Tier 1,2024-03-14 17:00:00,OTT_APP
EVT_004161,U00390,C004,Panchayat S3,Series,22.5,30,75.0,Tablet,Basic,Delhi,Tier 1,2024-01-16 11:00:00,OTT_APP
EVT_004162,U00043,C005,Mirzapur S3,Thriller,41.2,55,75.0,Laptop,Free,Delhi,Tier 1,2024-02-17 14:00:00,OTT_APP
EVT_004163,U00349,C001,Anupamaa S1,Series,33.8,45,75.0,Tablet,Free,Mumbai,Tier 1,2024-03-19 23:00:00,OTT_APP
EVT_004164,,C005,Mirzapur S3,Thriller,27.5,55,50.0,Laptop,Annual,Mumbai,Tier 1,2024-03-01 06:00:00,OTT_APP
EVT_004165,U00333,C001,Anupamaa S1,Series,22.5,45,50.0,Mobile,Free,Mumbai,Tier 1,2024-03-02 20:00:00,OTT_APP
EVT_004166,,C004,Panchayat S3,Series,30.0,30,100.0,Laptop,Premium,Mumbai,Tier 1,2024-02-06 13:00:00,OTT_APP
EVT_004167,U00332,C004,Panchayat S3,Series,22.5,30,75.0,Tablet,Annual,Bangalore,Tier 1,2024-03-30 10:00:00,OTT_APP
EVT_004168,U00018,C001,Anupamaa S1,Series,33.8,45,75.0,Mobile,Free,Chennai,Tier 1,2024-01-09 08:00:00,OTT_APP
EVT_004169,U00378,C004,Panchayat S3,Series,7.5,30,25.0,Tablet,Free,Mumbai,Tier 1,2024-03-04 23:00:00,OTT_APP
EVT_004170,U00341,C002,KBC Season 15,GameShow,15.0,60,25.0,Tablet,Annual,Mumbai,Tier 1,2024-01-20 17:00:00,OTT_APP
EVT_004171,U00017,C002,KBC Season 15,GameShow,45.0,60,75.0,Mobile,Free,Delhi,Tier 1,2024-03-31 11:00:00,OTT_APP
EVT_004172,U00138,C002,KBC Season 15,GameShow,45.0,60,75.0,Laptop,Premium,Bangalore,Tier 1,2024-02-16 21:00:00,OTT_APP
EVT_004173,U00384,C002,KBC Season 15,GameShow,60.0,60,100.0,Tablet,Premium,Bangalore,Tier 1,2024-02-11 20:00:00,OTT_APP
EVT_004174,U00343,C002,KBC Season 15,GameShow,30.0,60,50.0,Smart TV,Free,Bangalore,Tier 1,2024-03-25 14:00:00,OTT_APP
EVT_004175,U00399,C003,IPL 2024 Final,Sports,52.5,210,25.0,Smart TV,Annual,Chennai,Tier 1,2024-01-15 17:00:00,OTT_APP
EVT_004176,U00123,C003,IPL 2024 Final,Sports,52.5,210,25.0,Laptop,Basic,Chennai,Tier 1,2024-01-12 12:00:00,OTT_APP
EVT_004177,U00195,C004,Panchayat S3,Series,30.0,30,100.0,Mobile,Annual,Bangalore,Tier 1,2024-03-14 20:00:00,OTT_APP
EVT_004178,U00393,C001,Anupamaa S1,Series,45.0,45,100.0,Mobile,Annual,Chennai,Tier 1,2024-02-13 21:00:00,OTT_APP
EVT_004179,U00153,C003,IPL 2024 Final,Sports,157.5,210,75.0,Laptop,Free,Mumbai,Tier 1,2024-02-16 22:00:00,OTT_APP
EVT_004180,U00030,C003,IPL 2024 Final,Sports,105.0,210,50.0,Smart TV,Premium,Hyderabad,Tier 2,2024-01-05 22:00:00,OTT_APP
EVT_004181,U00228,C005,Mirzapur S3,Thriller,27.5,55,50.0,Tablet,Premium,Chennai,Tier 1,2024-01-06 17:00:00,OTT_APP
EVT_004182,U00224,C003,IPL 2024 Final,Sports,52.5,210,25.0,Smart TV,Basic,Hyderabad,Tier 2,2024-03-14 23:00:00,OTT_APP
EVT_004183,U00499,C003,IPL 2024 Final,Sports,105.0,210,50.0,Laptop,Free,Delhi,Tier 1,2024-02-10 10:00:00,OTT_APP
EVT_004184,U00467,C001,Anupamaa S1,Series,45.0,45,100.0,Tablet,Free,Mumbai,Tier 1,2024-03-29 07:00:00,OTT_APP
EVT_004185,U00343,C005,Mirzapur S3,Thriller,27.5,55,50.0,Tablet,Basic,Bangalore,Tier 1,2024-03-06 23:00:00,OTT_APP
EVT_004186,U00061,C002,KBC Season 15,GameShow,15.0,60,25.0,Smart TV,Free,Chennai,Tier 1,2024-03-14 19:00:00,OTT_APP
EVT_004187,U00355,C004,Panchayat S3,Series,22.5,30,75.0,Mobile,Free,Delhi,Tier 1,2024-03-24 14:00:00,OTT_APP
EVT_004188,U00178,C002,KBC Season 15,GameShow,15.0,60,25.0,Laptop,Basic,Bangalore,Tier 1,2024-02-03 10:00:00,OTT_APP
EVT_004189,U00424,C001,Anupamaa S1,Series,22.5,45,50.0,Smart TV,Annual,Chennai,Tier 1,2024-02-07 23:00:00,OTT_APP
EVT_004190,U00438,C005,Mirzapur S3,Thriller,55.0,55,100.0,Tablet,Annual,Hyderabad,Tier 2,2024-01-19 08:00:00,OTT_APP
EVT_004191,U00157,C003,IPL 2024 Final,Sports,157.5,210,75.0,Laptop,Free,Hyderabad,Tier 2,2024-02-05 20:00:00,OTT_APP
EVT_004192,U00247,C003,IPL 2024 Final,Sports,52.5,210,25.0,Tablet,Annual,Delhi,Tier 1,2024-02-28 09:00:00,OTT_APP
EVT_004193,U00094,C002,KBC Season 15,GameShow,15.0,60,25.0,Laptop,Premium,Bangalore,Tier 1,2024-01-11 20:00:00,OTT_APP
EVT_004194,U00319,C005,Mirzapur S3,Thriller,13.8,55,25.0,Smart TV,Annual,Chennai,Tier 1,2024-02-14 10:00:00,OTT_APP
EVT_004195,U00266,C004,Panchayat S3,Series,30.0,30,100.0,Laptop,Annual,Bangalore,Tier 1,2024-03-20 22:00:00,OTT_APP
EVT_004196,U00133,C004,Panchayat S3,Series,15.0,30,50.0,Laptop,Premium,Chennai,Tier 1,2024-02-12 22:00:00,OTT_APP
EVT_004197,U00370,C001,Anupamaa S1,Series,22.5,45,50.0,Smart TV,Annual,Mumbai,Tier 1,2024-01-15 10:00:00,OTT_APP
EVT_004198,U00357,C001,Anupamaa S1,Series,33.8,45,75.0,Laptop,Premium,Hyderabad,Tier 2,2024-02-25 11:00:00,OTT_APP
EVT_004199,U00193,C001,Anupamaa S1,Series,45.0,45,100.0,Smart TV,Free,Hyderabad,Tier 2,2024-01-27 14:00:00,OTT_APP
EVT_004200,U00404,C001,Anupamaa S1,Series,11.2,45,25.0,Tablet,Annual,Chennai,Tier 1,2024-03-08 15:00:00,OTT_APP
EVT_004201,U00472,C005,Mirzapur S3,Thriller,27.5,55,50.0,Mobile,Premium,Chennai,Tier 1,2024-02-22 09:00:00,OTT_APP
EVT_004202,U00360,C004,Panchayat S3,Series,22.5,30,75.0,Smart TV,Free,Bangalore,Tier 1,2024-01-18 10:00:00,OTT_APP
EVT_004203,U00266,C004,Panchayat S3,Series,7.5,30,25.0,Mobile,Premium,Bangalore,Tier 1,2024-02-12 14:00:00,OTT_APP
EVT_004204,U00231,C002,KBC Season 15,GameShow,15.0,60,25.0,Tablet,Basic,Mumbai,Tier 1,2024-01-17 10:00:00,OTT_APP
EVT_004205,U00414,C002,KBC Season 15,GameShow,15.0,60,25.0,Laptop,Free,Bangalore,Tier 1,2024-03-27 11:00:00,OTT_APP
EVT_004206,U00234,C005,Mirzapur S3,Thriller,27.5,55,50.0,Tablet,Annual,Delhi,Tier 1,2024-02-06 15:00:00,OTT_APP
EVT_004207,U00108,C002,KBC Season 15,GameShow,60.0,60,100.0,Mobile,Annual,Mumbai,Tier 1,2024-01-17 08:00:00,OTT_APP
EVT_004208,U00389,C005,Mirzapur S3,Thriller,55.0,55,100.0,Mobile,Annual,Hyderabad,Tier 2,2024-03-03 23:00:00,OTT_APP
EVT_004209,U00170,C004,Panchayat S3,Series,7.5,30,25.0,Laptop,Annual,Chennai,Tier 1,2024-02-14 22:00:00,OTT_APP
EVT_004210,U00041,C002,KBC Season 15,GameShow,30.0,60,50.0,Mobile,Basic,Chennai,Tier 1,2024-03-31 15:00:00,OTT_APP
EVT_004211,U00039,C005,Mirzapur S3,Thriller,41.2,55,75.0,Smart TV,Annual,Delhi,Tier 1,2024-02-13 10:00:00,OTT_APP
EVT_004212,U00200,C004,Panchayat S3,Series,22.5,30,75.0,Tablet,Basic,Chennai,Tier 1,2024-03-19 14:00:00,OTT_APP
EVT_004213,U00147,C005,Mirzapur S3,Thriller,41.2,55,75.0,Laptop,Free,Delhi,Tier 1,2024-03-29 23:00:00,OTT_APP
EVT_004214,U00430,C003,IPL 2024 Final,Sports,52.5,210,25.0,Smart TV,Annual,Delhi,Tier 1,2024-01-11 13:00:00,OTT_APP
EVT_004215,U00470,C001,Anupamaa S1,Series,45.0,45,100.0,Mobile,Basic,Delhi,Tier 1,2024-01-27 11:00:00,OTT_APP
EVT_004216,U00065,C004,Panchayat S3,Series,30.0,30,100.0,Laptop,Annual,Hyderabad,Tier 2,2024-02-25 15:00:00,OTT_APP
EVT_004217,U00096,C005,Mirzapur S3,Thriller,27.5,55,50.0,Laptop,Basic,Bangalore,Tier 1,2024-03-10 16:00:00,OTT_APP
EVT_004218,U00077,C005,Mirzapur S3,Thriller,27.5,55,50.0,Mobile,Annual,Bangalore,Tier 1,2024-01-04 13:00:00,OTT_APP
EVT_004219,U00490,C004,Panchayat S3,Series,22.5,30,75.0,Mobile,Annual,Chennai,Tier 1,2024-02-26 08:00:00,OTT_APP
EVT_004220,U00327,C002,KBC Season 15,GameShow,45.0,60,75.0,Tablet,Premium,Delhi,Tier 1,2024-01-29 14:00:00,OTT_APP
EVT_004221,U00489,C004,Panchayat S3,Series,15.0,30,50.0,Smart TV,Annual,Bangalore,Tier 1,2024-01-23 12:00:00,OTT_APP
EVT_004222,U00170,C004,Panchayat S3,Series,22.5,30,75.0,Smart TV,Premium,Mumbai,Tier 1,2024-01-08 14:00:00,OTT_APP
EVT_004223,U00032,C005,Mirzapur S3,Thriller,27.5,55,50.0,Smart TV,Annual,Hyderabad,Tier 2,2024-03-01 12:00:00,OTT_APP
EVT_004224,U00177,C002,KBC Season 15,GameShow,45.0,60,75.0,Laptop,Free,Delhi,Tier 1,2024-01-22 23:00:00,OTT_APP
EVT_004225,U00170,C003,IPL 2024 Final,Sports,157.5,210,75.0,Tablet,Premium,Chennai,Tier 1,2024-01-06 10:00:00,OTT_APP
EVT_004226,U00297,C003,IPL 2024 Final,Sports,210.0,210,100.0,Laptop,Annual,Hyderabad,Tier 2,2024-03-18 13:00:00,OTT_APP
EVT_004227,U00498,C001,Anupamaa S1,Series,22.5,45,50.0,Mobile,Premium,Mumbai,Tier 1,2024-02-23 21:00:00,OTT_APP
EVT_004228,U00120,C005,Mirzapur S3,Thriller,27.5,55,50.0,Laptop,Premium,Chennai,Tier 1,2024-02-21 20:00:00,OTT_APP
EVT_004229,U00344,C004,Panchayat S3,Series,22.5,30,75.0,Tablet,Annual,Chennai,Tier 1,2024-02-05 22:00:00,OTT_APP
EVT_004230,U00320,C004,Panchayat S3,Series,22.5,30,75.0,Mobile,Basic,Delhi,Tier 1,2024-01-24 11:00:00,OTT_APP
EVT_004231,U00239,C003,IPL 2024 Final,Sports,157.5,210,75.0,Laptop,Free,Chennai,Tier 1,2024-02-15 23:00:00,OTT_APP
EVT_004232,U00347,C001,Anupamaa S1,Series,33.8,45,75.0,Tablet,Premium,Bangalore,Tier 1,2024-01-21 13:00:00,OTT_APP
EVT_004233,U00141,C005,Mirzapur S3,Thriller,55.0,55,100.0,Mobile,Annual,Chennai,Tier 1,2024-01-21 19:00:00,OTT_APP
EVT_004234,U00106,C004,Panchayat S3,Series,7.5,30,25.0,Mobile,Free,Hyderabad,Tier 2,2024-03-17 16:00:00,OTT_APP
EVT_004235,U00295,C002,KBC Season 15,GameShow,60.0,60,100.0,Mobile,Free,Mumbai,Tier 1,2024-01-29 13:00:00,OTT_APP
EVT_004236,U00444,C002,KBC Season 15,GameShow,45.0,60,75.0,Laptop,Basic,Hyderabad,Tier 2,2024-03-04 08:00:00,OTT_APP
EVT_004237,U00320,C005,Mirzapur S3,Thriller,27.5,55,50.0,Mobile,Premium,Chennai,Tier 1,2024-02-24 23:00:00,OTT_APP
EVT_004238,U00345,C005,Mirzapur S3,Thriller,55.0,55,100.0,Mobile,Free,Mumbai,Tier 1,2024-01-05 23:00:00,OTT_APP
EVT_004239,U00429,C003,IPL 2024 Final,Sports,210.0,210,100.0,Smart TV,Premium,Delhi,Tier 1,2024-02-28 14:00:00,OTT_APP
EVT_004240,U00252,C004,Panchayat S3,Series,15.0,30,50.0,Smart TV,Annual,Delhi,Tier 1,2024-03-22 20:00:00,OTT_APP
EVT_004241,U00338,C001,Anupamaa S1,Series,45.0,45,100.0,Tablet,Annual,Bangalore,Tier 1,2024-02-16 19:00:00,OTT_APP
EVT_004242,U00175,C005,Mirzapur S3,Thriller,41.2,55,75.0,Tablet,Premium,Chennai,Tier 1,2024-02-15 21:00:00,OTT_APP
EVT_004243,,C003,IPL 2024 Final,Sports,52.5,210,25.0,Laptop,Basic,Chennai,Tier 1,2024-02-11 13:00:00,OTT_APP
EVT_004244,U00154,C005,Mirzapur S3,Thriller,41.2,55,75.0,Tablet,Premium,Mumbai,Tier 1,2024-02-26 09:00:00,OTT_APP
EVT_004245,U00354,C001,Anupamaa S1,Series,33.8,45,75.0,Tablet,Basic,Hyderabad,Tier 2,2024-02-14 11:00:00,OTT_APP
EVT_004246,U00331,C003,IPL 2024 Final,Sports,52.5,210,25.0,Smart TV,Free,Mumbai,Tier 1,2024-02-28 22:00:00,OTT_APP
EVT_004247,U00048,C004,Panchayat S3,Series,22.5,30,75.0,Tablet,Premium,Mumbai,Tier 1,2024-01-09 11:00:00,OTT_APP
EVT_004248,U00031,C004,Panchayat S3,Series,15.0,30,50.0,Smart TV,Free,Chennai,Tier 1,2024-02-10 10:00:00,OTT_APP
EVT_004249,U00238,C002,KBC Season 15,GameShow,30.0,60,50.0,Smart TV,Free,Bangalore,Tier 1,2024-03-20 14:00:00,OTT_APP
EVT_004250,U00487,C005,Mirzapur S3,Thriller,41.2,55,75.0,Mobile,Basic,Hyderabad,Tier 2,2024-01-19 15:00:00,OTT_APP
EVT_004251,U00403,C003,IPL 2024 Final,Sports,157.5,210,75.0,Smart TV,Premium,Delhi,Tier 1,2024-01-23 08:00:00,OTT_APP
EVT_004252,U00396,C003,IPL 2024 Final,Sports,52.5,210,25.0,Laptop,Basic,Delhi,Tier 1,2024-03-15 12:00:00,OTT_APP
EVT_004253,U00047,C003,IPL 2024 Final,Sports,157.5,210,75.0,Smart TV,Free,Mumbai,Tier 1,2024-03-14 14:00:00,OTT_APP
EVT_004254,U00182,C005,Mirzapur S3,Thriller,55.0,55,100.0,Laptop,Premium,Chennai,Tier 1,2024-03-25 11:00:00,OTT_APP
EVT_004255,U00312,C005,Mirzapur S3,Thriller,41.2,55,75.0,Tablet,Free,Mumbai,Tier 1,2024-02-06 21:00:00,OTT_APP
EVT_004256,U00155,C002,KBC Season 15,GameShow,60.0,60,100.0,Laptop,Free,Delhi,Tier 1,2024-01-20 16:00:00,OTT_APP
EVT_004257,U00105,C001,Anupamaa S1,Series,33.8,45,75.0,Tablet,Basic,Hyderabad,Tier 2,2024-01-12 09:00:00,OTT_APP
EVT_004258,U00104,C003,IPL 2024 Final,Sports,210.0,210,100.0,Smart TV,Annual,Chennai,Tier 1,2024-03-01 08:00:00,OTT_APP
EVT_004259,U00045,C002,KBC Season 15,GameShow,60.0,60,100.0,Smart TV,Annual,Bangalore,Tier 1,2024-03-10 19:00:00,OTT_APP
EVT_004260,U00078,C002,KBC Season 15,GameShow,30.0,60,50.0,Mobile,Basic,Delhi,Tier 1,2024-01-15 09:00:00,OTT_APP
EVT_004261,U00115,C005,Mirzapur S3,Thriller,13.8,55,25.0,Mobile,Free,Delhi,Tier 1,2024-03-05 08:00:00,OTT_APP
EVT_004262,U00084,C003,IPL 2024 Final,Sports,157.5,210,75.0,Mobile,Free,Chennai,Tier 1,2024-03-12 07:00:00,OTT_APP
EVT_004263,U00081,C005,Mirzapur S3,Thriller,27.5,55,50.0,Smart TV,Free,Bangalore,Tier 1,2024-02-08 17:00:00,OTT_APP
EVT_004264,U00263,C005,Mirzapur S3,Thriller,13.8,55,25.0,Smart TV,Free,Hyderabad,Tier 2,2024-03-16 07:00:00,OTT_APP
EVT_004265,U00049,C002,KBC Season 15,GameShow,15.0,60,25.0,Laptop,Basic,Bangalore,Tier 1,2024-03-12 12:00:00,OTT_APP
EVT_004266,U00154,C002,KBC Season 15,GameShow,60.0,60,100.0,Mobile,Annual,Bangalore,Tier 1,2024-03-03 07:00:00,OTT_APP
EVT_004267,U00462,C001,Anupamaa S1,Series,11.2,45,25.0,Mobile,Free,Delhi,Tier 1,2024-03-29 23:00:00,OTT_APP
EVT_004268,U00165,C005,Mirzapur S3,Thriller,55.0,55,100.0,Mobile,Free,Bangalore,Tier 1,2024-02-07 07:00:00,OTT_APP
EVT_004269,U00140,C002,KBC Season 15,GameShow,45.0,60,75.0,Tablet,Premium,Delhi,Tier 1,2024-01-03 13:00:00,OTT_APP
EVT_004270,U00458,C004,Panchayat S3,Series,7.5,30,25.0,Laptop,Annual,Bangalore,Tier 1,2024-01-10 14:00:00,OTT_APP
EVT_004271,,C003,IPL 2024 Final,Sports,52.5,210,25.0,Smart TV,Premium,Bangalore,Tier 1,2024-02-28 17:00:00,OTT_APP
EVT_004272,U00061,C004,Panchayat S3,Series,7.5,30,25.0,Laptop,Free,Mumbai,Tier 1,2024-02-18 12:00:00,OTT_APP
EVT_004273,U00334,C002,KBC Season 15,GameShow,45.0,60,75.0,Mobile,Premium,Hyderabad,Tier 2,2024-01-10 08:00:00,OTT_APP
EVT_004274,U00441,C004,Panchayat S3,Series,60.0,30,100.0,Smart TV,Free,Mumbai,Tier 1,2024-01-25 18:00:00,OTT_APP
EVT_004275,U00177,C004,Panchayat S3,Series,15.0,30,50.0,Tablet,Annual,Bangalore,Tier 1,2024-01-03 06:00:00,OTT_APP
EVT_004276,U00441,C005,Mirzapur S3,Thriller,55.0,55,100.0,Smart TV,Basic,Bangalore,Tier 1,2024-02-20 13:00:00,OTT_APP
EVT_004277,U00056,C002,KBC Season 15,GameShow,45.0,60,75.0,Tablet,Free,Mumbai,Tier 1,2024-01-04 21:00:00,OTT_APP
EVT_004278,U00287,C001,Anupamaa S1,Series,33.8,45,75.0,Laptop,Basic,Mumbai,Tier 1,2024-02-05 07:00:00,OTT_APP
EVT_004279,U00410,C002,KBC Season 15,GameShow,15.0,60,25.0,Laptop,Premium,Chennai,Tier 1,2024-01-28 06:00:00,OTT_APP
EVT_004280,U00356,C005,Mirzapur S3,Thriller,55.0,55,100.0,Smart TV,Basic,Chennai,Tier 1,2024-02-06 23:00:00,OTT_APP
EVT_004281,U00096,C002,KBC Season 15,GameShow,30.0,60,50.0,Smart TV,Premium,Hyderabad,Tier 2,2024-01-01 21:00:00,OTT_APP
EVT_004282,U00282,C005,Mirzapur S3,Thriller,55.0,55,100.0,Tablet,Premium,Delhi,Tier 1,2024-03-28 17:00:00,OTT_APP
EVT_004283,,C003,IPL 2024 Final,Sports,105.0,210,50.0,Laptop,Free,Mumbai,Tier 1,2024-01-28 09:00:00,OTT_APP
EVT_004284,U00220,C002,KBC Season 15,GameShow,60.0,60,100.0,Laptop,Basic,Hyderabad,Tier 2,2024-01-22 13:00:00,OTT_APP
EVT_004285,U00075,C005,Mirzapur S3,Thriller,41.2,55,75.0,Smart TV,Free,Delhi,Tier 1,2024-02-20 12:00:00,OTT_APP
EVT_004286,U00225,C001,Anupamaa S1,Series,22.5,45,50.0,Tablet,Premium,Delhi,Tier 1,2024-02-22 14:00:00,OTT_APP
EVT_004287,U00378,C004,Panchayat S3,Series,15.0,30,50.0,Laptop,Premium,Chennai,Tier 1,2024-03-07 19:00:00,OTT_APP
EVT_004288,U00020,C001,Anupamaa S1,Series,22.5,45,50.0,Laptop,Basic,Bangalore,Tier 1,2024-01-12 10:00:00,OTT_APP
EVT_004289,U00247,C001,Anupamaa S1,Series,22.5,45,50.0,Laptop,Free,Chennai,Tier 1,2024-01-22 20:00:00,OTT_APP
EVT_004290,U00263,C001,Anupamaa S1,Series,22.5,45,50.0,Mobile,Free,Hyderabad,Tier 2,2024-02-08 06:00:00,OTT_APP
EVT_004291,U00092,C003,IPL 2024 Final,Sports,105.0,210,50.0,Mobile,Premium,Mumbai,Tier 1,2024-02-17 20:00:00,OTT_APP
EVT_004292,U00276,C002,KBC Season 15,GameShow,45.0,60,75.0,Laptop,Free,Mumbai,Tier 1,2024-01-10 19:00:00,OTT_APP
EVT_004293,U00039,C001,Anupamaa S1,Series,22.5,45,50.0,Mobile,Basic,Mumbai,Tier 1,2024-01-26 18:00:00,OTT_APP
EVT_004294,U00174,C004,Panchayat S3,Series,22.5,30,75.0,Tablet,Annual,Mumbai,Tier 1,2024-02-12 16:00:00,OTT_APP
EVT_004295,U00497,C003,IPL 2024 Final,Sports,210.0,210,100.0,Smart TV,Annual,Delhi,Tier 1,2024-02-20 22:00:00,OTT_APP
EVT_004296,U00046,C005,Mirzapur S3,Thriller,55.0,55,100.0,Tablet,Free,Delhi,Tier 1,2024-03-04 20:00:00,OTT_APP
EVT_004297,U00144,C002,KBC Season 15,GameShow,30.0,60,50.0,Tablet,Premium,Chennai,Tier 1,2024-03-21 16:00:00,OTT_APP
EVT_004298,,C004,Panchayat S3,Series,30.0,30,100.0,Mobile,Free,Mumbai,Tier 1,2024-01-02 13:00:00,OTT_APP
EVT_004299,U00398,C005,Mirzapur S3,Thriller,55.0,55,100.0,Smart TV,Basic,Delhi,Tier 1,2024-01-20 21:00:00,OTT_APP
EVT_004300,U00352,C005,Mirzapur S3,Thriller,27.5,55,50.0,Smart TV,Free,Hyderabad,Tier 2,2024-03-01 14:00:00,OTT_APP
EVT_004301,U00119,C004,Panchayat S3,Series,22.5,30,75.0,Tablet,Free,Delhi,Tier 1,2024-02-19 22:00:00,OTT_APP
EVT_004302,U00133,C005,Mirzapur S3,Thriller,27.5,55,50.0,Mobile,Free,Bangalore,Tier 1,2024-01-03 12:00:00,OTT_APP
EVT_004303,U00059,C004,Panchayat S3,Series,22.5,30,75.0,Mobile,Basic,Chennai,Tier 1,2024-01-05 23:00:00,OTT_APP
EVT_004304,U00141,C004,Panchayat S3,Series,30.0,30,100.0,Tablet,Premium,Chennai,Tier 1,2024-01-03 13:00:00,OTT_APP
EVT_004305,U00008,C002,KBC Season 15,GameShow,60.0,60,100.0,Laptop,Basic,Bangalore,Tier 1,2024-02-29 07:00:00,OTT_APP
EVT_004306,U00449,C004,Panchayat S3,Series,30.0,30,100.0,Mobile,Premium,Chennai,Tier 1,2024-03-25 16:00:00,OTT_APP
EVT_004307,U00314,C002,KBC Season 15,GameShow,45.0,60,75.0,Laptop,Annual,Chennai,Tier 1,2024-02-02 15:00:00,OTT_APP
EVT_004308,U00432,C005,Mirzapur S3,Thriller,27.5,55,50.0,Tablet,Annual,Delhi,Tier 1,2024-01-11 21:00:00,OTT_APP
EVT_004309,U00496,C002,KBC Season 15,GameShow,30.0,60,50.0,Mobile,Free,Delhi,Tier 1,2024-03-05 06:00:00,OTT_APP
EVT_004310,U00105,C004,Panchayat S3,Series,30.0,30,100.0,Tablet,Premium,Mumbai,Tier 1,2024-03-23 20:00:00,OTT_APP
EVT_004311,U00300,C004,Panchayat S3,Series,22.5,30,75.0,Smart TV,Basic,Chennai,Tier 1,2024-03-30 16:00:00,OTT_APP
EVT_004312,U00117,C003,IPL 2024 Final,Sports,157.5,210,75.0,Smart TV,Annual,Bangalore,Tier 1,2024-01-28 23:00:00,OTT_APP
EVT_004313,U00368,C003,IPL 2024 Final,Sports,210.0,210,100.0,Mobile,Free,Hyderabad,Tier 2,2024-03-18 21:00:00,OTT_APP
EVT_004314,U00495,C001,Anupamaa S1,Series,11.2,45,25.0,Mobile,Basic,Mumbai,Tier 1,2024-02-29 23:00:00,OTT_APP
EVT_004315,U00488,C005,Mirzapur S3,Thriller,27.5,55,50.0,Mobile,Basic,Chennai,Tier 1,2024-02-27 18:00:00,OTT_APP
EVT_004316,U00145,C001,Anupamaa S1,Series,45.0,45,100.0,Mobile,Premium,Hyderabad,Tier 2,2024-02-08 23:00:00,OTT_APP
EVT_004317,U00397,C002,KBC Season 15,GameShow,45.0,60,75.0,Smart TV,Basic,Delhi,Tier 1,2024-02-10 17:00:00,OTT_APP
EVT_004318,U00441,C002,KBC Season 15,GameShow,30.0,60,50.0,Laptop,Annual,Hyderabad,Tier 2,2024-03-01 17:00:00,OTT_APP
EVT_004319,U00025,C005,Mirzapur S3,Thriller,55.0,55,100.0,Smart TV,Annual,Mumbai,Tier 1,2024-03-25 12:00:00,OTT_APP
EVT_004320,U00424,C003,IPL 2024 Final,Sports,105.0,210,50.0,Mobile,Premium,Bangalore,Tier 1,2024-03-01 09:00:00,OTT_APP
EVT_004321,U00492,C005,Mirzapur S3,Thriller,110.0,55,75.0,Mobile,Premium,Mumbai,Tier 1,2024-03-08 20:00:00,OTT_APP
EVT_004322,U00060,C001,Anupamaa S1,Series,45.0,45,100.0,Laptop,Free,Mumbai,Tier 1,2024-03-03 09:00:00,OTT_APP
EVT_004323,,C001,Anupamaa S1,Series,22.5,45,50.0,Mobile,Free,Bangalore,Tier 1,2024-02-02 14:00:00,OTT_APP
EVT_004324,U00186,C005,Mirzapur S3,Thriller,55.0,55,100.0,Tablet,Basic,Delhi,Tier 1,2024-01-08 20:00:00,OTT_APP
EVT_004325,U00470,C003,IPL 2024 Final,Sports,210.0,210,100.0,Tablet,Basic,Bangalore,Tier 1,2024-01-28 22:00:00,OTT_APP
EVT_004326,U00346,C002,KBC Season 15,GameShow,30.0,60,50.0,Laptop,Annual,Bangalore,Tier 1,2024-02-07 23:00:00,OTT_APP
EVT_004327,U00324,C001,Anupamaa S1,Series,11.2,45,25.0,Smart TV,Premium,Hyderabad,Tier 2,2024-03-12 09:00:00,OTT_APP
EVT_004328,U00385,C002,KBC Season 15,GameShow,15.0,60,25.0,Mobile,Basic,Mumbai,Tier 1,2024-01-21 08:00:00,OTT_APP
EVT_004329,U00315,C002,KBC Season 15,GameShow,30.0,60,50.0,Laptop,Annual,Hyderabad,Tier 2,2024-03-15 07:00:00,OTT_APP
EVT_004330,U00185,C004,Panchayat S3,Series,22.5,30,75.0,Smart TV,Basic,Delhi,Tier 1,2024-03-10 19:00:00,OTT_APP
EVT_004331,U00210,C005,Mirzapur S3,Thriller,41.2,55,75.0,Tablet,Annual,Chennai,Tier 1,2024-02-28 08:00:00,OTT_APP
EVT_004332,U00097,C005,Mirzapur S3,Thriller,13.8,55,25.0,Laptop,Free,Mumbai,Tier 1,2024-01-01 06:00:00,OTT_APP
EVT_004333,U00416,C005,Mirzapur S3,Thriller,55.0,55,100.0,Smart TV,Annual,Mumbai,Tier 1,2024-02-27 07:00:00,OTT_APP
EVT_004334,U00385,C005,Mirzapur S3,Thriller,55.0,55,100.0,Laptop,Annual,Hyderabad,Tier 2,2024-03-21 22:00:00,OTT_APP
EVT_004335,,C005,Mirzapur S3,Thriller,27.5,55,50.0,Smart TV,Premium,Mumbai,Tier 1,2024-03-04 07:00:00,OTT_APP
EVT_004336,U00252,C005,Mirzapur S3,Thriller,27.5,55,50.0,Tablet,Annual,Delhi,Tier 1,2024-03-27 19:00:00,OTT_APP
EVT_004337,,C004,Panchayat S3,Series,30.0,30,100.0,Mobile,Annual,Delhi,Tier 1,2024-03-19 19:00:00,OTT_APP
EVT_004338,U00163,C003,IPL 2024 Final,Sports,157.5,210,75.0,Laptop,Basic,Chennai,Tier 1,2024-02-13 18:00:00,OTT_APP
EVT_004339,U00046,C004,Panchayat S3,Series,15.0,30,50.0,Smart TV,Free,Chennai,Tier 1,2024-03-27 14:00:00,OTT_APP
EVT_004340,U00296,C004,Panchayat S3,Series,30.0,30,100.0,Tablet,Free,Chennai,Tier 1,2024-03-04 21:00:00,OTT_APP
EVT_004341,U00032,C001,Anupamaa S1,Series,11.2,45,25.0,Smart TV,Annual,Chennai,Tier 1,2024-01-17 10:00:00,OTT_APP
EVT_004342,U00065,C002,KBC Season 15,GameShow,30.0,60,50.0,Laptop,Premium,Delhi,Tier 1,2024-01-08 12:00:00,OTT_APP
EVT_004343,U00124,C003,IPL 2024 Final,Sports,52.5,210,25.0,Mobile,Free,Chennai,Tier 1,2024-02-26 13:00:00,OTT_APP
EVT_004344,,C004,Panchayat S3,Series,30.0,30,100.0,Tablet,Free,Chennai,Tier 1,2024-01-06 18:00:00,OTT_APP
EVT_004345,U00140,C004,Panchayat S3,Series,22.5,30,75.0,Laptop,Annual,Delhi,Tier 1,2024-03-23 10:00:00,OTT_APP
EVT_004346,U00103,C004,Panchayat S3,Series,15.0,30,50.0,Laptop,Free,Delhi,Tier 1,2024-02-13 23:00:00,OTT_APP
EVT_004347,U00371,C001,Anupamaa S1,Series,33.8,45,75.0,Laptop,Basic,Chennai,Tier 1,2024-01-27 18:00:00,OTT_APP
EVT_004348,U00133,C002,KBC Season 15,GameShow,15.0,60,25.0,Smart TV,Basic,Bangalore,Tier 1,2024-01-30 12:00:00,OTT_APP
EVT_004349,U00119,C005,Mirzapur S3,Thriller,55.0,55,100.0,Laptop,Basic,Bangalore,Tier 1,2024-01-21 22:00:00,OTT_APP
EVT_004350,U00385,C002,KBC Season 15,GameShow,30.0,60,50.0,Smart TV,Free,Delhi,Tier 1,2024-01-24 16:00:00,OTT_APP
EVT_004351,U00004,C001,Anupamaa S1,Series,22.5,45,50.0,Tablet,Basic,Delhi,Tier 1,2024-03-01 07:00:00,OTT_APP
EVT_004352,U00006,C002,KBC Season 15,GameShow,30.0,60,50.0,Tablet,Basic,Mumbai,Tier 1,2024-01-27 20:00:00,OTT_APP
EVT_004353,U00324,C002,KBC Season 15,GameShow,30.0,60,50.0,Smart TV,Premium,Delhi,Tier 1,2024-03-28 09:00:00,OTT_APP
EVT_004354,U00331,C003,IPL 2024 Final,Sports,105.0,210,50.0,Laptop,Free,Mumbai,Tier 1,2024-01-17 17:00:00,OTT_APP
EVT_004355,U00411,C003,IPL 2024 Final,Sports,105.0,210,50.0,Tablet,Free,Bangalore,Tier 1,2024-01-13 22:00:00,OTT_APP
EVT_004356,,C004,Panchayat S3,Series,30.0,30,100.0,Mobile,Annual,Hyderabad,Tier 2,2024-03-25 18:00:00,OTT_APP
EVT_004357,U00373,C003,IPL 2024 Final,Sports,105.0,210,50.0,Smart TV,Free,Chennai,Tier 1,2024-02-09 15:00:00,OTT_APP
EVT_004358,U00318,C003,IPL 2024 Final,Sports,105.0,210,50.0,Smart TV,Annual,Hyderabad,Tier 2,2024-01-29 20:00:00,OTT_APP
EVT_004359,U00102,C003,IPL 2024 Final,Sports,52.5,210,25.0,Laptop,Premium,Delhi,Tier 1,2024-01-19 20:00:00,OTT_APP
EVT_004360,U00110,C005,Mirzapur S3,Thriller,27.5,55,50.0,Mobile,Basic,Delhi,Tier 1,2024-03-08 23:00:00,OTT_APP
EVT_004361,U00442,C005,Mirzapur S3,Thriller,27.5,55,50.0,Smart TV,Basic,Hyderabad,Tier 2,2024-02-29 22:00:00,OTT_APP
EVT_004362,U00049,C001,Anupamaa S1,Series,33.8,45,75.0,Tablet,Annual,Mumbai,Tier 1,2024-01-31 11:00:00,OTT_APP
EVT_004363,U00066,C003,IPL 2024 Final,Sports,210.0,210,100.0,Tablet,Free,Mumbai,Tier 1,2024-03-28 06:00:00,OTT_APP
EVT_004364,U00207,C004,Panchayat S3,Series,15.0,30,50.0,Laptop,Basic,Hyderabad,Tier 2,2024-02-21 07:00:00,OTT_APP
EVT_004365,U00425,C003,IPL 2024 Final,Sports,105.0,210,50.0,Laptop,Basic,Bangalore,Tier 1,2024-01-12 15:00:00,OTT_APP
EVT_004366,U00456,C002,KBC Season 15,GameShow,45.0,60,75.0,Mobile,Basic,Chennai,Tier 1,2024-03-19 08:00:00,OTT_APP
EVT_004367,U00196,C005,Mirzapur S3,Thriller,27.5,55,50.0,Smart TV,Basic,Chennai,Tier 1,2024-01-19 21:00:00,OTT_APP
EVT_004368,U00465,C001,Anupamaa S1,Series,22.5,45,50.0,Laptop,Premium,Hyderabad,Tier 2,2024-02-21 13:00:00,OTT_APP
EVT_004369,U00315,C002,KBC Season 15,GameShow,45.0,60,75.0,Tablet,Premium,Bangalore,Tier 1,2024-01-30 14:00:00,OTT_APP
EVT_004370,U00404,C001,Anupamaa S1,Series,22.5,45,50.0,Tablet,Annual,Hyderabad,Tier 2,2024-02-14 16:00:00,OTT_APP
EVT_004371,U00241,C003,IPL 2024 Final,Sports,105.0,210,50.0,Mobile,Annual,Chennai,Tier 1,2024-01-26 08:00:00,OTT_APP
EVT_004372,U00340,C002,KBC Season 15,GameShow,15.0,60,25.0,Smart TV,Annual,Delhi,Tier 1,2024-01-12 06:00:00,OTT_APP
EVT_004373,U00180,C002,KBC Season 15,GameShow,30.0,60,50.0,Laptop,Annual,Bangalore,Tier 1,2024-01-29 11:00:00,OTT_APP
EVT_004374,,C002,KBC Season 15,GameShow,45.0,60,75.0,Laptop,Premium,Delhi,Tier 1,2024-01-22 12:00:00,OTT_APP
EVT_004375,U00003,C005,Mirzapur S3,Thriller,27.5,55,50.0,Mobile,Free,Mumbai,Tier 1,2024-02-24 18:00:00,OTT_APP
EVT_004376,U00221,C001,Anupamaa S1,Series,33.8,45,75.0,Laptop,Free,Chennai,Tier 1,2024-03-11 22:00:00,OTT_APP
EVT_004377,U00156,C004,Panchayat S3,Series,15.0,30,50.0,Laptop,Basic,Delhi,Tier 1,2024-02-22 15:00:00,OTT_APP
EVT_004378,U00047,C004,Panchayat S3,Series,22.5,30,75.0,Laptop,Annual,Hyderabad,Tier 2,2024-02-16 14:00:00,OTT_APP
EVT_004379,U00307,C001,Anupamaa S1,Series,45.0,45,100.0,Smart TV,Annual,Hyderabad,Tier 2,2024-03-26 06:00:00,OTT_APP
EVT_004380,U00327,C001,Anupamaa S1,Series,45.0,45,100.0,Mobile,Free,Chennai,Tier 1,2024-03-31 17:00:00,OTT_APP
EVT_004381,U00215,C003,IPL 2024 Final,Sports,105.0,210,50.0,Laptop,Premium,Bangalore,Tier 1,2024-02-01 14:00:00,OTT_APP
EVT_004382,U00277,C003,IPL 2024 Final,Sports,210.0,210,100.0,Laptop,Free,Delhi,Tier 1,2024-03-29 13:00:00,OTT_APP
EVT_004383,U00200,C003,IPL 2024 Final,Sports,52.5,210,25.0,Laptop,Premium,Hyderabad,Tier 2,2024-01-04 16:00:00,OTT_APP
EVT_004384,U00379,C001,Anupamaa S1,Series,33.8,45,75.0,Laptop,Annual,Bangalore,Tier 1,2024-03-10 15:00:00,OTT_APP
EVT_004385,U00228,C001,Anupamaa S1,Series,33.8,45,75.0,Tablet,Basic,Hyderabad,Tier 2,2024-03-05 13:00:00,OTT_APP
EVT_004386,U00164,C003,IPL 2024 Final,Sports,105.0,210,50.0,Smart TV,Free,Hyderabad,Tier 2,2024-02-21 22:00:00,OTT_APP
EVT_004387,U00123,C004,Panchayat S3,Series,7.5,30,25.0,Mobile,Annual,Chennai,Tier 1,2024-01-08 10:00:00,OTT_APP
EVT_004388,U00136,C003,IPL 2024 Final,Sports,105.0,210,50.0,Smart TV,Premium,Hyderabad,Tier 2,2024-03-22 11:00:00,OTT_APP
EVT_004389,U00091,C002,KBC Season 15,GameShow,30.0,60,50.0,Mobile,Basic,Hyderabad,Tier 2,2024-02-21 16:00:00,OTT_APP
EVT_004390,U00259,C001,Anupamaa S1,Series,33.8,45,75.0,Laptop,Free,Bangalore,Tier 1,2024-01-05 13:00:00,OTT_APP
EVT_004391,U00445,C001,Anupamaa S1,Series,33.8,45,75.0,Tablet,Annual,Mumbai,Tier 1,2024-01-27 16:00:00,OTT_APP
EVT_004392,U00301,C005,Mirzapur S3,Thriller,27.5,55,50.0,Mobile,Basic,Bangalore,Tier 1,2024-01-01 15:00:00,OTT_APP
EVT_004393,U00221,C004,Panchayat S3,Series,15.0,30,50.0,Mobile,Free,Bangalore,Tier 1,2024-02-05 20:00:00,OTT_APP
EVT_004394,U00023,C004,Panchayat S3,Series,7.5,30,25.0,Smart TV,Annual,Delhi,Tier 1,2024-01-15 16:00:00,OTT_APP
EVT_004395,U00365,C003,IPL 2024 Final,Sports,210.0,210,100.0,Mobile,Free,Hyderabad,Tier 2,2024-02-22 22:00:00,OTT_APP
EVT_004396,U00267,C001,Anupamaa S1,Series,45.0,45,100.0,Smart TV,Basic,Chennai,Tier 1,2024-01-16 16:00:00,OTT_APP
EVT_004397,U00001,C002,KBC Season 15,GameShow,30.0,60,50.0,Mobile,Basic,Hyderabad,Tier 2,2024-02-23 18:00:00,OTT_APP
EVT_004398,U00301,C005,Mirzapur S3,Thriller,27.5,55,50.0,Tablet,Annual,Mumbai,Tier 1,2024-01-04 11:00:00,OTT_APP
EVT_004399,U00036,C002,KBC Season 15,GameShow,60.0,60,100.0,Smart TV,Premium,Mumbai,Tier 1,2024-01-14 06:00:00,OTT_APP
EVT_004400,U00467,C003,IPL 2024 Final,Sports,210.0,210,100.0,Tablet,Free,Mumbai,Tier 1,2024-03-10 08:00:00,OTT_APP
EVT_004401,U00312,C004,Panchayat S3,Series,22.5,30,75.0,Mobile,Basic,Mumbai,Tier 1,2024-03-17 15:00:00,OTT_APP
EVT_004402,U00173,C004,Panchayat S3,Series,22.5,30,75.0,Mobile,Free,Chennai,Tier 1,2024-01-05 17:00:00,OTT_APP
EVT_004403,U00225,C005,Mirzapur S3,Thriller,27.5,55,50.0,Mobile,Annual,Hyderabad,Tier 2,2024-02-22 23:00:00,OTT_APP
EVT_004404,U00329,C004,Panchayat S3,Series,7.5,30,25.0,Tablet,Basic,Mumbai,Tier 1,2024-03-09 06:00:00,OTT_APP
EVT_004405,U00009,C005,Mirzapur S3,Thriller,55.0,55,100.0,Laptop,Free,Delhi,Tier 1,2024-03-12 17:00:00,OTT_APP
EVT_004406,U00107,C005,Mirzapur S3,Thriller,27.5,55,50.0,Smart TV,Free,Delhi,Tier 1,2024-03-16 13:00:00,OTT_APP
EVT_004407,U00022,C002,KBC Season 15,GameShow,30.0,60,50.0,Tablet,Free,Chennai,Tier 1,2024-01-21 10:00:00,OTT_APP
EVT_004408,U00480,C001,Anupamaa S1,Series,45.0,45,100.0,Laptop,Annual,Delhi,Tier 1,2024-03-02 08:00:00,OTT_APP
EVT_004409,U00367,C003,IPL 2024 Final,Sports,157.5,210,75.0,Laptop,Premium,Chennai,Tier 1,2024-02-19 10:00:00,OTT_APP
EVT_004410,,C005,Mirzapur S3,Thriller,13.8,55,25.0,Smart TV,Annual,Bangalore,Tier 1,2024-01-14 08:00:00,OTT_APP
EVT_004411,U00304,C002,KBC Season 15,GameShow,45.0,60,75.0,Tablet,Free,Delhi,Tier 1,2024-01-08 18:00:00,OTT_APP
EVT_004412,U00061,C004,Panchayat S3,Series,15.0,30,50.0,Laptop,Free,Mumbai,Tier 1,2024-01-22 09:00:00,OTT_APP
EVT_004413,U00443,C001,Anupamaa S1,Series,33.8,45,75.0,Smart TV,Basic,Mumbai,Tier 1,2024-03-26 10:00:00,OTT_APP
EVT_004414,U00394,C002,KBC Season 15,GameShow,15.0,60,25.0,Laptop,Basic,Chennai,Tier 1,2024-02-15 22:00:00,OTT_APP
EVT_004415,U00405,C001,Anupamaa S1,Series,22.5,45,50.0,Tablet,Premium,Delhi,Tier 1,2024-01-29 09:00:00,OTT_APP
EVT_004416,U00434,C005,Mirzapur S3,Thriller,27.5,55,50.0,Mobile,Annual,Hyderabad,Tier 2,2024-03-30 09:00:00,OTT_APP
EVT_004417,U00496,C001,Anupamaa S1,Series,33.8,45,75.0,Tablet,Premium,Bangalore,Tier 1,2024-03-11 07:00:00,OTT_APP
EVT_004418,U00387,C001,Anupamaa S1,Series,22.5,45,50.0,Mobile,Basic,Mumbai,Tier 1,2024-01-09 10:00:00,OTT_APP
EVT_004419,,C004,Panchayat S3,Series,7.5,30,25.0,Mobile,Free,Mumbai,Tier 1,2024-02-21 14:00:00,OTT_APP
EVT_004420,U00360,C003,IPL 2024 Final,Sports,105.0,210,50.0,Mobile,Annual,Bangalore,Tier 1,2024-01-06 23:00:00,OTT_APP
EVT_004421,U00218,C001,Anupamaa S1,Series,22.5,45,50.0,Tablet,Premium,Hyderabad,Tier 2,2024-01-31 14:00:00,OTT_APP
EVT_004422,U00006,C003,IPL 2024 Final,Sports,157.5,210,75.0,Tablet,Free,Chennai,Tier 1,2024-01-04 18:00:00,OTT_APP
EVT_004423,,C004,Panchayat S3,Series,30.0,30,100.0,Laptop,Basic,Bangalore,Tier 1,2024-02-03 16:00:00,OTT_APP
EVT_004424,U00250,C005,Mirzapur S3,Thriller,41.2,55,75.0,Tablet,Basic,Chennai,Tier 1,2024-03-14 07:00:00,OTT_APP
EVT_004425,U00341,C005,Mirzapur S3,Thriller,55.0,55,100.0,Mobile,Premium,Mumbai,Tier 1,2024-02-09 10:00:00,OTT_APP
EVT_004426,U00162,C005,Mirzapur S3,Thriller,27.5,55,50.0,Smart TV,Premium,Bangalore,Tier 1,2024-02-25 11:00:00,OTT_APP
EVT_004427,U00450,C004,Panchayat S3,Series,15.0,30,50.0,Tablet,Basic,Bangalore,Tier 1,2024-03-18 08:00:00,OTT_APP
EVT_004428,U00269,C001,Anupamaa S1,Series,11.2,45,25.0,Laptop,Free,Chennai,Tier 1,2024-03-04 10:00:00,OTT_APP
EVT_004429,U00299,C004,Panchayat S3,Series,30.0,30,100.0,Mobile,Basic,Bangalore,Tier 1,2024-03-07 16:00:00,OTT_APP
EVT_004430,U00062,C004,Panchayat S3,Series,7.5,30,25.0,Laptop,Annual,Bangalore,Tier 1,2024-02-19 08:00:00,OTT_APP
EVT_004431,U00005,C002,KBC Season 15,GameShow,60.0,60,100.0,Smart TV,Premium,Hyderabad,Tier 2,2024-02-21 19:00:00,OTT_APP
EVT_004432,,C005,Mirzapur S3,Thriller,41.2,55,75.0,Laptop,Annual,Chennai,Tier 1,2024-02-21 23:00:00,OTT_APP
EVT_004433,U00430,C001,Anupamaa S1,Series,11.2,45,25.0,Laptop,Annual,Chennai,Tier 1,2024-02-18 11:00:00,OTT_APP
EVT_004434,U00488,C003,IPL 2024 Final,Sports,52.5,210,25.0,Smart TV,Basic,Mumbai,Tier 1,2024-02-16 21:00:00,OTT_APP
EVT_004435,U00141,C001,Anupamaa S1,Series,33.8,45,75.0,Smart TV,Basic,Delhi,Tier 1,2024-02-11 10:00:00,OTT_APP
EVT_004436,U00267,C003,IPL 2024 Final,Sports,52.5,210,25.0,Tablet,Premium,Bangalore,Tier 1,2024-01-05 06:00:00,OTT_APP
EVT_004437,U00056,C005,Mirzapur S3,Thriller,27.5,55,50.0,Tablet,Free,Mumbai,Tier 1,2024-02-27 11:00:00,OTT_APP
EVT_004438,U00465,C003,IPL 2024 Final,Sports,210.0,210,100.0,Smart TV,Premium,Mumbai,Tier 1,2024-03-21 17:00:00,OTT_APP
EVT_004439,U00140,C002,KBC Season 15,GameShow,60.0,60,100.0,Tablet,Annual,Delhi,Tier 1,2024-01-16 22:00:00,OTT_APP
EVT_004440,U00340,C001,Anupamaa S1,Series,22.5,45,50.0,Smart TV,Basic,Hyderabad,Tier 2,2024-01-30 15:00:00,OTT_APP
EVT_004441,U00453,C002,KBC Season 15,GameShow,15.0,60,25.0,Smart TV,Premium,Mumbai,Tier 1,2024-01-01 08:00:00,OTT_APP
EVT_004442,U00466,C003,IPL 2024 Final,Sports,210.0,210,100.0,Mobile,Premium,Delhi,Tier 1,2024-01-14 14:00:00,OTT_APP
EVT_004443,U00114,C001,Anupamaa S1,Series,45.0,45,100.0,Tablet,Basic,Hyderabad,Tier 2,2024-03-03 22:00:00,OTT_APP
EVT_004444,U00078,C004,Panchayat S3,Series,30.0,30,100.0,Tablet,Free,Bangalore,Tier 1,2024-03-16 23:00:00,OTT_APP
EVT_004445,U00076,C002,KBC Season 15,GameShow,15.0,60,25.0,Smart TV,Free,Mumbai,Tier 1,2024-02-24 22:00:00,OTT_APP
EVT_004446,U00042,C002,KBC Season 15,GameShow,30.0,60,50.0,Mobile,Free,Hyderabad,Tier 2,2024-03-28 22:00:00,OTT_APP
EVT_004447,U00442,C001,Anupamaa S1,Series,45.0,45,100.0,Tablet,Basic,Hyderabad,Tier 2,2024-02-19 10:00:00,OTT_APP
EVT_004448,U00416,C004,Panchayat S3,Series,15.0,30,50.0,Smart TV,Premium,Bangalore,Tier 1,2024-03-07 19:00:00,OTT_APP
EVT_004449,U00444,C003,IPL 2024 Final,Sports,157.5,210,75.0,Smart TV,Annual,Bangalore,Tier 1,2024-02-06 17:00:00,OTT_APP
EVT_004450,U00487,C002,KBC Season 15,GameShow,60.0,60,100.0,Smart TV,Basic,Chennai,Tier 1,2024-03-05 22:00:00,OTT_APP
EVT_004451,U00152,C004,Panchayat S3,Series,30.0,30,100.0,Smart TV,Basic,Delhi,Tier 1,2024-02-10 15:00:00,OTT_APP
EVT_004452,U00497,C003,IPL 2024 Final,Sports,105.0,210,50.0,Smart TV,Free,Mumbai,Tier 1,2024-01-09 20:00:00,OTT_APP
EVT_004453,U00188,C003,IPL 2024 Final,Sports,52.5,210,25.0,Smart TV,Basic,Delhi,Tier 1,2024-02-02 16:00:00,OTT_APP
EVT_004454,U00226,C005,Mirzapur S3,Thriller,110.0,55,100.0,Laptop,Annual,Delhi,Tier 1,2024-01-01 14:00:00,OTT_APP
EVT_004455,U00273,C004,Panchayat S3,Series,15.0,30,50.0,Smart TV,Annual,Bangalore,Tier 1,2024-03-31 07:00:00,OTT_APP
EVT_004456,U00371,C003,IPL 2024 Final,Sports,105.0,210,50.0,Smart TV,Free,Hyderabad,Tier 2,2024-02-27 08:00:00,OTT_APP
EVT_004457,U00367,C004,Panchayat S3,Series,15.0,30,50.0,Laptop,Premium,Mumbai,Tier 1,2024-03-28 12:00:00,OTT_APP
EVT_004458,U00203,C005,Mirzapur S3,Thriller,13.8,55,25.0,Smart TV,Free,Chennai,Tier 1,2024-03-31 10:00:00,OTT_APP
EVT_004459,U00405,C001,Anupamaa S1,Series,22.5,45,50.0,Tablet,Basic,Chennai,Tier 1,2024-01-11 14:00:00,OTT_APP
EVT_004460,U00042,C001,Anupamaa S1,Series,33.8,45,75.0,Tablet,Premium,Mumbai,Tier 1,2024-01-02 18:00:00,OTT_APP
EVT_004461,U00181,C003,IPL 2024 Final,Sports,52.5,210,25.0,Laptop,Premium,Hyderabad,Tier 2,2024-02-18 15:00:00,OTT_APP
EVT_004462,U00050,C003,IPL 2024 Final,Sports,210.0,210,100.0,Mobile,Premium,Delhi,Tier 1,2024-01-09 21:00:00,OTT_APP
EVT_004463,U00085,C002,KBC Season 15,GameShow,30.0,60,50.0,Laptop,Annual,Delhi,Tier 1,2024-02-05 20:00:00,OTT_APP
EVT_004464,U00116,C001,Anupamaa S1,Series,11.2,45,25.0,Tablet,Premium,Mumbai,Tier 1,2024-01-27 15:00:00,OTT_APP
EVT_004465,U00417,C005,Mirzapur S3,Thriller,41.2,55,75.0,Laptop,Free,Chennai,Tier 1,2024-03-10 17:00:00,OTT_APP
EVT_004466,U00207,C005,Mirzapur S3,Thriller,41.2,55,75.0,Mobile,Basic,Mumbai,Tier 1,2024-03-01 22:00:00,OTT_APP
EVT_004467,U00311,C001,Anupamaa S1,Series,22.5,45,50.0,Tablet,Basic,Hyderabad,Tier 2,2024-01-20 21:00:00,OTT_APP
EVT_004468,U00252,C004,Panchayat S3,Series,15.0,30,50.0,Tablet,Free,Delhi,Tier 1,2024-03-06 10:00:00,OTT_APP
EVT_004469,U00118,C002,KBC Season 15,GameShow,30.0,60,50.0,Tablet,Premium,Delhi,Tier 1,2024-01-22 11:00:00,OTT_APP
EVT_004470,U00231,C005,Mirzapur S3,Thriller,13.8,55,25.0,Smart TV,Free,Bangalore,Tier 1,2024-01-02 15:00:00,OTT_APP
EVT_004471,U00285,C003,IPL 2024 Final,Sports,157.5,210,75.0,Laptop,Premium,Hyderabad,Tier 2,2024-01-28 18:00:00,OTT_APP
EVT_004472,U00236,C004,Panchayat S3,Series,15.0,30,50.0,Mobile,Basic,Bangalore,Tier 1,2024-02-02 06:00:00,OTT_APP
EVT_004473,U00002,C004,Panchayat S3,Series,15.0,30,50.0,Laptop,Annual,Chennai,Tier 1,2024-02-21 06:00:00,OTT_APP
EVT_004474,U00444,C002,KBC Season 15,GameShow,15.0,60,25.0,Smart TV,Basic,Hyderabad,Tier 2,2024-01-20 09:00:00,OTT_APP
EVT_004475,U00443,C001,Anupamaa S1,Series,33.8,45,75.0,Smart TV,Annual,Delhi,Tier 1,2024-03-05 19:00:00,OTT_APP
EVT_004476,U00134,C005,Mirzapur S3,Thriller,55.0,55,100.0,Smart TV,Basic,Bangalore,Tier 1,2024-01-18 19:00:00,OTT_APP
EVT_004477,U00292,C002,KBC Season 15,GameShow,60.0,60,100.0,Smart TV,Free,Chennai,Tier 1,2024-02-16 19:00:00,OTT_APP
EVT_004478,U00279,C004,Panchayat S3,Series,15.0,30,50.0,Tablet,Basic,Bangalore,Tier 1,2024-01-05 14:00:00,OTT_APP
EVT_004479,U00106,C001,Anupamaa S1,Series,11.2,45,25.0,Tablet,Premium,Chennai,Tier 1,2024-03-24 14:00:00,OTT_APP
EVT_004480,U00495,C005,Mirzapur S3,Thriller,55.0,55,100.0,Tablet,Annual,Hyderabad,Tier 2,2024-01-12 09:00:00,OTT_APP
EVT_004481,U00015,C003,IPL 2024 Final,Sports,52.5,210,25.0,Laptop,Basic,Chennai,Tier 1,2024-01-24 09:00:00,OTT_APP
EVT_004482,U00158,C004,Panchayat S3,Series,22.5,30,75.0,Smart TV,Annual,Mumbai,Tier 1,2024-03-01 06:00:00,OTT_APP
EVT_004483,U00353,C003,IPL 2024 Final,Sports,157.5,210,75.0,Laptop,Premium,Hyderabad,Tier 2,2024-01-13 08:00:00,OTT_APP
EVT_004484,U00294,C005,Mirzapur S3,Thriller,27.5,55,50.0,Tablet,Basic,Chennai,Tier 1,2024-03-11 17:00:00,OTT_APP
EVT_004485,U00472,C001,Anupamaa S1,Series,33.8,45,75.0,Mobile,Basic,Bangalore,Tier 1,2024-03-14 12:00:00,OTT_APP
EVT_004486,U00091,C004,Panchayat S3,Series,7.5,30,25.0,Laptop,Annual,Bangalore,Tier 1,2024-02-13 21:00:00,OTT_APP
EVT_004487,U00188,C004,Panchayat S3,Series,15.0,30,50.0,Smart TV,Premium,Bangalore,Tier 1,2024-03-01 21:00:00,OTT_APP
EVT_004488,U00249,C005,Mirzapur S3,Thriller,27.5,55,50.0,Tablet,Free,Delhi,Tier 1,2024-02-09 08:00:00,OTT_APP
EVT_004489,U00335,C005,Mirzapur S3,Thriller,27.5,55,50.0,Tablet,Basic,Hyderabad,Tier 2,2024-01-04 23:00:00,OTT_APP
EVT_004490,U00312,C004,Panchayat S3,Series,30.0,30,100.0,Mobile,Annual,Delhi,Tier 1,2024-01-25 12:00:00,OTT_APP
EVT_004491,U00039,C004,Panchayat S3,Series,7.5,30,25.0,Mobile,Basic,Mumbai,Tier 1,2024-01-05 09:00:00,OTT_APP
EVT_004492,U00158,C005,Mirzapur S3,Thriller,13.8,55,25.0,Tablet,Basic,Chennai,Tier 1,2024-03-08 06:00:00,OTT_APP
EVT_004493,U00389,C002,KBC Season 15,GameShow,30.0,60,50.0,Mobile,Premium,Chennai,Tier 1,2024-03-04 11:00:00,OTT_APP
EVT_004494,U00487,C005,Mirzapur S3,Thriller,41.2,55,75.0,Laptop,Free,Mumbai,Tier 1,2024-01-01 22:00:00,OTT_APP
EVT_004495,U00160,C004,Panchayat S3,Series,30.0,30,100.0,Mobile,Premium,Chennai,Tier 1,2024-02-28 06:00:00,OTT_APP
EVT_004496,U00314,C004,Panchayat S3,Series,15.0,30,50.0,Laptop,Annual,Mumbai,Tier 1,2024-02-18 20:00:00,OTT_APP
EVT_004497,U00061,C002,KBC Season 15,GameShow,30.0,60,50.0,Mobile,Basic,Delhi,Tier 1,2024-01-05 18:00:00,OTT_APP
EVT_004498,U00346,C002,KBC Season 15,GameShow,30.0,60,50.0,Smart TV,Free,Bangalore,Tier 1,2024-02-09 13:00:00,OTT_APP
EVT_004499,,C003,IPL 2024 Final,Sports,157.5,210,75.0,Tablet,Premium,Bangalore,Tier 1,2024-03-13 20:00:00,OTT_APP
EVT_004500,U00186,C005,Mirzapur S3,Thriller,55.0,55,100.0,Laptop,Basic,Mumbai,Tier 1,2024-03-26 17:00:00,OTT_APP
EVT_004501,U00061,C002,KBC Season 15,GameShow,60.0,60,100.0,Mobile,Premium,Bangalore,Tier 1,2024-02-29 06:00:00,OTT_APP
EVT_004502,U00106,C003,IPL 2024 Final,Sports,157.5,210,75.0,Smart TV,Annual,Mumbai,Tier 1,2024-02-29 21:00:00,OTT_APP
EVT_004503,U00175,C001,Anupamaa S1,Series,45.0,45,100.0,Laptop,Annual,Hyderabad,Tier 2,2024-02-24 22:00:00,OTT_APP
EVT_004504,U00103,C001,Anupamaa S1,Series,11.2,45,25.0,Tablet,Annual,Hyderabad,Tier 2,2024-02-13 21:00:00,OTT_APP
EVT_004505,U00486,C004,Panchayat S3,Series,30.0,30,100.0,Smart TV,Annual,Hyderabad,Tier 2,2024-02-07 12:00:00,OTT_APP
EVT_004506,U00196,C003,IPL 2024 Final,Sports,105.0,210,50.0,Smart TV,Basic,Bangalore,Tier 1,2024-01-07 11:00:00,OTT_APP
EVT_004507,U00454,C004,Panchayat S3,Series,15.0,30,50.0,Tablet,Annual,Bangalore,Tier 1,2024-03-25 19:00:00,OTT_APP
EVT_004508,U00198,C003,IPL 2024 Final,Sports,157.5,210,75.0,Tablet,Premium,Hyderabad,Tier 2,2024-02-26 18:00:00,OTT_APP
EVT_004509,U00141,C004,Panchayat S3,Series,22.5,30,75.0,Laptop,Premium,Chennai,Tier 1,2024-02-15 13:00:00,OTT_APP
EVT_004510,U00397,C003,IPL 2024 Final,Sports,157.5,210,75.0,Tablet,Basic,Delhi,Tier 1,2024-02-02 06:00:00,OTT_APP
EVT_004511,U00287,C004,Panchayat S3,Series,15.0,30,50.0,Tablet,Annual,Hyderabad,Tier 2,2024-03-23 06:00:00,OTT_APP
EVT_004512,U00450,C003,IPL 2024 Final,Sports,210.0,210,100.0,Mobile,Basic,Hyderabad,Tier 2,2024-02-03 16:00:00,OTT_APP
EVT_004513,U00444,C004,Panchayat S3,Series,30.0,30,100.0,Mobile,Annual,Chennai,Tier 1,2024-02-05 23:00:00,OTT_APP
EVT_004514,U00102,C005,Mirzapur S3,Thriller,13.8,55,25.0,Tablet,Annual,Delhi,Tier 1,2024-03-09 12:00:00,OTT_APP
EVT_004515,U00209,C005,Mirzapur S3,Thriller,13.8,55,25.0,Laptop,Premium,Hyderabad,Tier 2,2024-01-16 13:00:00,OTT_APP
EVT_004516,U00114,C005,Mirzapur S3,Thriller,13.8,55,25.0,Laptop,Basic,Chennai,Tier 1,2024-01-04 21:00:00,OTT_APP
EVT_004517,U00001,C001,Anupamaa S1,Series,45.0,45,100.0,Laptop,Basic,Chennai,Tier 1,2024-01-12 17:00:00,OTT_APP
EVT_004518,U00053,C002,KBC Season 15,GameShow,60.0,60,100.0,Mobile,Basic,Chennai,Tier 1,2024-01-04 16:00:00,OTT_APP
EVT_004519,U00324,C004,Panchayat S3,Series,15.0,30,50.0,Laptop,Basic,Delhi,Tier 1,2024-03-09 20:00:00,OTT_APP
EVT_004520,U00332,C002,KBC Season 15,GameShow,60.0,60,100.0,Laptop,Premium,Bangalore,Tier 1,2024-02-29 14:00:00,OTT_APP
EVT_004521,U00436,C004,Panchayat S3,Series,30.0,30,100.0,Smart TV,Annual,Mumbai,Tier 1,2024-02-01 12:00:00,OTT_APP
EVT_004522,U00136,C002,KBC Season 15,GameShow,60.0,60,100.0,Mobile,Premium,Hyderabad,Tier 2,2024-03-20 21:00:00,OTT_APP
EVT_004523,U00419,C005,Mirzapur S3,Thriller,13.8,55,25.0,Mobile,Free,Mumbai,Tier 1,2024-03-31 15:00:00,OTT_APP
EVT_004524,U00248,C001,Anupamaa S1,Series,11.2,45,25.0,Mobile,Premium,Bangalore,Tier 1,2024-02-25 07:00:00,OTT_APP
EVT_004525,U00244,C001,Anupamaa S1,Series,22.5,45,50.0,Laptop,Basic,Hyderabad,Tier 2,2024-02-03 20:00:00,OTT_APP
EVT_004526,U00045,C005,Mirzapur S3,Thriller,13.8,55,25.0,Tablet,Premium,Delhi,Tier 1,2024-01-03 19:00:00,OTT_APP
EVT_004527,U00139,C002,KBC Season 15,GameShow,60.0,60,100.0,Laptop,Basic,Bangalore,Tier 1,2024-03-24 17:00:00,OTT_APP
EVT_004528,U00210,C003,IPL 2024 Final,Sports,52.5,210,25.0,Mobile,Basic,Chennai,Tier 1,2024-03-26 11:00:00,OTT_APP
EVT_004529,U00172,C004,Panchayat S3,Series,7.5,30,25.0,Laptop,Annual,Bangalore,Tier 1,2024-03-08 21:00:00,OTT_APP
EVT_004530,U00483,C001,Anupamaa S1,Series,22.5,45,50.0,Smart TV,Basic,Hyderabad,Tier 2,2024-03-28 09:00:00,OTT_APP
EVT_004531,,C002,KBC Season 15,GameShow,60.0,60,100.0,Mobile,Basic,Bangalore,Tier 1,2024-01-13 12:00:00,OTT_APP
EVT_004532,U00495,C002,KBC Season 15,GameShow,30.0,60,50.0,Tablet,Free,Chennai,Tier 1,2024-02-16 22:00:00,OTT_APP
EVT_004533,U00479,C002,KBC Season 15,GameShow,60.0,60,100.0,Laptop,Free,Delhi,Tier 1,2024-03-04 19:00:00,OTT_APP
EVT_004534,U00297,C003,IPL 2024 Final,Sports,210.0,210,100.0,Mobile,Free,Hyderabad,Tier 2,2024-01-02 21:00:00,OTT_APP
EVT_004535,U00420,C004,Panchayat S3,Series,30.0,30,100.0,Laptop,Premium,Chennai,Tier 1,2024-01-16 06:00:00,OTT_APP
EVT_004536,U00390,C001,Anupamaa S1,Series,22.5,45,50.0,Tablet,Annual,Bangalore,Tier 1,2024-03-08 12:00:00,OTT_APP
EVT_004537,U00117,C005,Mirzapur S3,Thriller,41.2,55,75.0,Tablet,Premium,Hyderabad,Tier 2,2024-01-26 06:00:00,OTT_APP
EVT_004538,U00354,C004,Panchayat S3,Series,15.0,30,50.0,Mobile,Premium,Chennai,Tier 1,2024-03-25 15:00:00,OTT_APP
EVT_004539,U00030,C003,IPL 2024 Final,Sports,157.5,210,75.0,Mobile,Basic,Bangalore,Tier 1,2024-01-24 22:00:00,OTT_APP
EVT_004540,U00406,C001,Anupamaa S1,Series,45.0,45,100.0,Laptop,Premium,Hyderabad,Tier 2,2024-03-05 13:00:00,OTT_APP
EVT_004541,U00382,C002,KBC Season 15,GameShow,45.0,60,75.0,Tablet,Premium,Mumbai,Tier 1,2024-02-24 21:00:00,OTT_APP
EVT_004542,U00338,C003,IPL 2024 Final,Sports,210.0,210,100.0,Tablet,Basic,Mumbai,Tier 1,2024-03-11 23:00:00,OTT_APP
EVT_004543,U00237,C001,Anupamaa S1,Series,11.2,45,25.0,Tablet,Annual,Delhi,Tier 1,2024-03-21 07:00:00,OTT_APP
EVT_004544,U00318,C001,Anupamaa S1,Series,45.0,45,100.0,Mobile,Free,Chennai,Tier 1,2024-01-20 19:00:00,OTT_APP
EVT_004545,U00196,C003,IPL 2024 Final,Sports,52.5,210,25.0,Smart TV,Basic,Mumbai,Tier 1,2024-01-17 18:00:00,OTT_APP
EVT_004546,U00436,C001,Anupamaa S1,Series,45.0,45,100.0,Laptop,Premium,Delhi,Tier 1,2024-02-01 17:00:00,OTT_APP
EVT_004547,U00306,C003,IPL 2024 Final,Sports,210.0,210,100.0,Mobile,Premium,Delhi,Tier 1,2024-01-04 20:00:00,OTT_APP
EVT_004548,U00107,C003,IPL 2024 Final,Sports,210.0,210,100.0,Smart TV,Free,Mumbai,Tier 1,2024-01-24 20:00:00,OTT_APP
EVT_004549,U00048,C001,Anupamaa S1,Series,11.2,45,25.0,Tablet,Free,Hyderabad,Tier 2,2024-02-15 12:00:00,OTT_APP
EVT_004550,U00072,C001,Anupamaa S1,Series,22.5,45,50.0,Mobile,Annual,Delhi,Tier 1,2024-01-11 23:00:00,OTT_APP
EVT_004551,U00448,C005,Mirzapur S3,Thriller,13.8,55,25.0,Mobile,Free,Mumbai,Tier 1,2024-02-08 22:00:00,OTT_APP
EVT_004552,U00272,C005,Mirzapur S3,Thriller,27.5,55,50.0,Tablet,Annual,Mumbai,Tier 1,2024-02-14 15:00:00,OTT_APP
EVT_004553,U00308,C002,KBC Season 15,GameShow,60.0,60,100.0,Laptop,Basic,Chennai,Tier 1,2024-02-26 21:00:00,OTT_APP
EVT_004554,U00327,C005,Mirzapur S3,Thriller,55.0,55,100.0,Tablet,Basic,Delhi,Tier 1,2024-02-04 16:00:00,OTT_APP
EVT_004555,U00081,C005,Mirzapur S3,Thriller,55.0,55,100.0,Laptop,Basic,Chennai,Tier 1,2024-01-11 23:00:00,OTT_APP
EVT_004556,U00437,C002,KBC Season 15,GameShow,60.0,60,100.0,Smart TV,Premium,Delhi,Tier 1,2024-02-25 14:00:00,OTT_APP
EVT_004557,U00332,C001,Anupamaa S1,Series,33.8,45,75.0,Laptop,Annual,Delhi,Tier 1,2024-02-16 17:00:00,OTT_APP
EVT_004558,U00303,C005,Mirzapur S3,Thriller,55.0,55,100.0,Mobile,Basic,Mumbai,Tier 1,2024-02-13 16:00:00,OTT_APP
EVT_004559,U00373,C001,Anupamaa S1,Series,45.0,45,100.0,Tablet,Premium,Mumbai,Tier 1,2024-03-14 19:00:00,OTT_APP
EVT_004560,U00346,C003,IPL 2024 Final,Sports,157.5,210,75.0,Tablet,Free,Bangalore,Tier 1,2024-02-19 09:00:00,OTT_APP
EVT_004561,U00454,C003,IPL 2024 Final,Sports,157.5,210,75.0,Tablet,Free,Chennai,Tier 1,2024-03-15 09:00:00,OTT_APP
EVT_004562,U00365,C005,Mirzapur S3,Thriller,41.2,55,75.0,Tablet,Free,Chennai,Tier 1,2024-02-06 19:00:00,OTT_APP
EVT_004563,U00305,C002,KBC Season 15,GameShow,60.0,60,100.0,Tablet,Premium,Mumbai,Tier 1,2024-02-26 19:00:00,OTT_APP
EVT_004564,U00261,C003,IPL 2024 Final,Sports,157.5,210,75.0,Mobile,Free,Delhi,Tier 1,2024-02-17 16:00:00,OTT_APP
EVT_004565,,C005,Mirzapur S3,Thriller,55.0,55,100.0,Laptop,Premium,Delhi,Tier 1,2024-03-25 10:00:00,OTT_APP
EVT_004566,U00479,C003,IPL 2024 Final,Sports,105.0,210,50.0,Laptop,Premium,Bangalore,Tier 1,2024-03-21 21:00:00,OTT_APP
EVT_004567,U00451,C003,IPL 2024 Final,Sports,157.5,210,75.0,Mobile,Basic,Delhi,Tier 1,2024-02-17 15:00:00,OTT_APP
EVT_004568,U00248,C002,KBC Season 15,GameShow,45.0,60,75.0,Laptop,Free,Delhi,Tier 1,2024-02-06 13:00:00,OTT_APP
EVT_004569,,C001,Anupamaa S1,Series,22.5,45,50.0,Tablet,Premium,Chennai,Tier 1,2024-02-12 17:00:00,OTT_APP
EVT_004570,U00473,C005,Mirzapur S3,Thriller,41.2,55,75.0,Mobile,Annual,Bangalore,Tier 1,2024-02-29 14:00:00,OTT_APP
EVT_004571,U00338,C004,Panchayat S3,Series,7.5,30,25.0,Laptop,Free,Hyderabad,Tier 2,2024-02-13 19:00:00,OTT_APP
EVT_004572,U00462,C002,KBC Season 15,GameShow,30.0,60,50.0,Mobile,Basic,Hyderabad,Tier 2,2024-01-29 16:00:00,OTT_APP
EVT_004573,U00193,C004,Panchayat S3,Series,15.0,30,50.0,Tablet,Free,Chennai,Tier 1,2024-03-20 06:00:00,OTT_APP
EVT_004574,U00348,C002,KBC Season 15,GameShow,60.0,60,100.0,Laptop,Annual,Delhi,Tier 1,2024-03-03 10:00:00,OTT_APP
EVT_004575,U00486,C003,IPL 2024 Final,Sports,52.5,210,25.0,Mobile,Basic,Mumbai,Tier 1,2024-02-06 17:00:00,OTT_APP
EVT_004576,U00145,C003,IPL 2024 Final,Sports,52.5,210,25.0,Tablet,Premium,Mumbai,Tier 1,2024-01-08 16:00:00,OTT_APP
EVT_004577,U00319,C005,Mirzapur S3,Thriller,27.5,55,50.0,Tablet,Premium,Chennai,Tier 1,2024-02-15 17:00:00,OTT_APP
EVT_004578,U00490,C004,Panchayat S3,Series,30.0,30,100.0,Smart TV,Basic,Mumbai,Tier 1,2024-02-24 23:00:00,OTT_APP
EVT_004579,U00213,C003,IPL 2024 Final,Sports,210.0,210,100.0,Mobile,Premium,Bangalore,Tier 1,2024-03-30 19:00:00,OTT_APP
EVT_004580,U00258,C001,Anupamaa S1,Series,22.5,45,50.0,Laptop,Free,Hyderabad,Tier 2,2024-01-12 06:00:00,OTT_APP
EVT_004581,U00467,C003,IPL 2024 Final,Sports,105.0,210,50.0,Tablet,Annual,Bangalore,Tier 1,2024-01-12 17:00:00,OTT_APP
EVT_004582,U00299,C005,Mirzapur S3,Thriller,27.5,55,50.0,Smart TV,Basic,Delhi,Tier 1,2024-01-12 20:00:00,OTT_APP
EVT_004583,U00446,C004,Panchayat S3,Series,22.5,30,75.0,Mobile,Annual,Mumbai,Tier 1,2024-03-19 13:00:00,OTT_APP
EVT_004584,U00180,C001,Anupamaa S1,Series,33.8,45,75.0,Mobile,Free,Hyderabad,Tier 2,2024-03-05 23:00:00,OTT_APP
EVT_004585,U00048,C001,Anupamaa S1,Series,22.5,45,50.0,Mobile,Premium,Hyderabad,Tier 2,2024-01-26 08:00:00,OTT_APP
EVT_004586,,C002,KBC Season 15,GameShow,15.0,60,25.0,Mobile,Basic,Delhi,Tier 1,2024-02-21 15:00:00,OTT_APP
EVT_004587,U00256,C002,KBC Season 15,GameShow,45.0,60,75.0,Mobile,Basic,Hyderabad,Tier 2,2024-02-25 13:00:00,OTT_APP
EVT_004588,U00326,C001,Anupamaa S1,Series,33.8,45,75.0,Laptop,Basic,Delhi,Tier 1,2024-03-10 23:00:00,OTT_APP
EVT_004589,U00153,C001,Anupamaa S1,Series,33.8,45,75.0,Tablet,Annual,Hyderabad,Tier 2,2024-01-28 22:00:00,OTT_APP
EVT_004590,U00207,C005,Mirzapur S3,Thriller,13.8,55,25.0,Smart TV,Premium,Bangalore,Tier 1,2024-02-27 19:00:00,OTT_APP
EVT_004591,U00263,C002,KBC Season 15,GameShow,45.0,60,75.0,Mobile,Basic,Hyderabad,Tier 2,2024-01-30 15:00:00,OTT_APP
EVT_004592,U00247,C003,IPL 2024 Final,Sports,52.5,210,25.0,Tablet,Basic,Bangalore,Tier 1,2024-02-25 15:00:00,OTT_APP
EVT_004593,U00332,C004,Panchayat S3,Series,15.0,30,50.0,Smart TV,Basic,Mumbai,Tier 1,2024-02-02 20:00:00,OTT_APP
EVT_004594,U00227,C004,Panchayat S3,Series,22.5,30,75.0,Tablet,Free,Bangalore,Tier 1,2024-02-22 13:00:00,OTT_APP
EVT_004595,U00160,C005,Mirzapur S3,Thriller,27.5,55,50.0,Laptop,Annual,Chennai,Tier 1,2024-02-04 11:00:00,OTT_APP
EVT_004596,U00407,C001,Anupamaa S1,Series,22.5,45,50.0,Tablet,Basic,Chennai,Tier 1,2024-02-19 12:00:00,OTT_APP
EVT_004597,U00160,C001,Anupamaa S1,Series,45.0,45,100.0,Smart TV,Basic,Chennai,Tier 1,2024-02-25 18:00:00,OTT_APP
EVT_004598,U00406,C005,Mirzapur S3,Thriller,27.5,55,50.0,Mobile,Annual,Delhi,Tier 1,2024-03-21 18:00:00,OTT_APP
EVT_004599,U00215,C003,IPL 2024 Final,Sports,210.0,210,100.0,Mobile,Free,Hyderabad,Tier 2,2024-02-19 18:00:00,OTT_APP
EVT_004600,U00125,C005,Mirzapur S3,Thriller,13.8,55,25.0,Smart TV,Premium,Delhi,Tier 1,2024-03-14 10:00:00,OTT_APP
EVT_004601,U00116,C004,Panchayat S3,Series,22.5,30,75.0,Laptop,Basic,Delhi,Tier 1,2024-01-24 07:00:00,OTT_APP
EVT_004602,U00199,C002,KBC Season 15,GameShow,30.0,60,50.0,Mobile,Basic,Hyderabad,Tier 2,2024-02-04 07:00:00,OTT_APP
EVT_004603,U00494,C005,Mirzapur S3,Thriller,27.5,55,50.0,Tablet,Annual,Chennai,Tier 1,2024-03-31 22:00:00,OTT_APP
EVT_004604,U00300,C005,Mirzapur S3,Thriller,27.5,55,50.0,Laptop,Premium,Chennai,Tier 1,2024-02-12 16:00:00,OTT_APP
EVT_004605,U00198,C004,Panchayat S3,Series,22.5,30,75.0,Mobile,Free,Chennai,Tier 1,2024-02-28 22:00:00,OTT_APP
EVT_004606,U00334,C003,IPL 2024 Final,Sports,105.0,210,50.0,Laptop,Premium,Delhi,Tier 1,2024-02-20 21:00:00,OTT_APP
EVT_004607,U00469,C003,IPL 2024 Final,Sports,210.0,210,100.0,Smart TV,Basic,Chennai,Tier 1,2024-01-28 19:00:00,OTT_APP
EVT_004608,U00493,C004,Panchayat S3,Series,7.5,30,25.0,Laptop,Premium,Bangalore,Tier 1,2024-01-14 14:00:00,OTT_APP
EVT_004609,U00032,C002,KBC Season 15,GameShow,60.0,60,100.0,Tablet,Basic,Chennai,Tier 1,2024-01-23 07:00:00,OTT_APP
EVT_004610,U00129,C001,Anupamaa S1,Series,45.0,45,100.0,Laptop,Free,Hyderabad,Tier 2,2024-02-25 20:00:00,OTT_APP
EVT_004611,U00324,C003,IPL 2024 Final,Sports,52.5,210,25.0,Mobile,Premium,Delhi,Tier 1,2024-02-11 08:00:00,OTT_APP
EVT_004612,U00121,C001,Anupamaa S1,Series,45.0,45,100.0,Smart TV,Premium,Bangalore,Tier 1,2024-02-17 09:00:00,OTT_APP
EVT_004613,U00097,C005,Mirzapur S3,Thriller,27.5,55,50.0,Smart TV,Basic,Hyderabad,Tier 2,2024-01-12 14:00:00,OTT_APP
EVT_004614,U00364,C005,Mirzapur S3,Thriller,41.2,55,75.0,Smart TV,Basic,Bangalore,Tier 1,2024-02-24 19:00:00,OTT_APP
EVT_004615,U00107,C004,Panchayat S3,Series,22.5,30,75.0,Smart TV,Free,Mumbai,Tier 1,2024-02-05 10:00:00,OTT_APP
EVT_004616,U00378,C001,Anupamaa S1,Series,22.5,45,50.0,Laptop,Free,Hyderabad,Tier 2,2024-03-19 08:00:00,OTT_APP
EVT_004617,U00271,C001,Anupamaa S1,Series,22.5,45,50.0,Tablet,Premium,Delhi,Tier 1,2024-03-18 08:00:00,OTT_APP
EVT_004618,U00186,C004,Panchayat S3,Series,30.0,30,100.0,Mobile,Premium,Chennai,Tier 1,2024-03-15 19:00:00,OTT_APP
EVT_004619,U00049,C002,KBC Season 15,GameShow,30.0,60,50.0,Mobile,Premium,Delhi,Tier 1,2024-02-14 19:00:00,OTT_APP
EVT_004620,U00160,C002,KBC Season 15,GameShow,30.0,60,50.0,Mobile,Annual,Hyderabad,Tier 2,2024-01-25 07:00:00,OTT_APP
EVT_004621,U00021,C004,Panchayat S3,Series,22.5,30,75.0,Laptop,Free,Chennai,Tier 1,2024-01-16 13:00:00,OTT_APP
EVT_004622,U00206,C001,Anupamaa S1,Series,33.8,45,75.0,Laptop,Premium,Delhi,Tier 1,2024-01-18 09:00:00,OTT_APP
EVT_004623,U00145,C003,IPL 2024 Final,Sports,210.0,210,100.0,Laptop,Basic,Delhi,Tier 1,2024-02-28 09:00:00,OTT_APP
EVT_004624,U00228,C002,KBC Season 15,GameShow,15.0,60,25.0,Tablet,Basic,Delhi,Tier 1,2024-01-11 10:00:00,OTT_APP
EVT_004625,U00204,C001,Anupamaa S1,Series,11.2,45,25.0,Mobile,Basic,Bangalore,Tier 1,2024-02-22 17:00:00,OTT_APP
EVT_004626,U00174,C002,KBC Season 15,GameShow,30.0,60,50.0,Mobile,Annual,Mumbai,Tier 1,2024-02-22 17:00:00,OTT_APP
EVT_004627,U00077,C002,KBC Season 15,GameShow,30.0,60,50.0,Laptop,Annual,Chennai,Tier 1,2024-02-12 16:00:00,OTT_APP
EVT_004628,U00383,C002,KBC Season 15,GameShow,60.0,60,100.0,Mobile,Basic,Delhi,Tier 1,2024-02-21 21:00:00,OTT_APP
EVT_004629,U00456,C004,Panchayat S3,Series,22.5,30,75.0,Tablet,Annual,Mumbai,Tier 1,2024-01-01 06:00:00,OTT_APP
EVT_004630,U00164,C005,Mirzapur S3,Thriller,27.5,55,50.0,Laptop,Free,Bangalore,Tier 1,2024-03-15 06:00:00,OTT_APP
EVT_004631,U00047,C001,Anupamaa S1,Series,45.0,45,100.0,Laptop,Annual,Mumbai,Tier 1,2024-03-30 22:00:00,OTT_APP
EVT_004632,U00410,C005,Mirzapur S3,Thriller,27.5,55,50.0,Smart TV,Basic,Delhi,Tier 1,2024-01-31 17:00:00,OTT_APP
EVT_004633,U00145,C002,KBC Season 15,GameShow,15.0,60,25.0,Tablet,Free,Chennai,Tier 1,2024-02-04 22:00:00,OTT_APP
EVT_004634,U00097,C004,Panchayat S3,Series,15.0,30,50.0,Smart TV,Free,Mumbai,Tier 1,2024-02-26 15:00:00,OTT_APP
EVT_004635,U00203,C005,Mirzapur S3,Thriller,27.5,55,50.0,Tablet,Annual,Delhi,Tier 1,2024-02-04 11:00:00,OTT_APP
EVT_004636,U00074,C005,Mirzapur S3,Thriller,55.0,55,100.0,Mobile,Premium,Chennai,Tier 1,2024-01-15 06:00:00,OTT_APP
EVT_004637,U00279,C001,Anupamaa S1,Series,45.0,45,100.0,Mobile,Premium,Mumbai,Tier 1,2024-02-11 15:00:00,OTT_APP
EVT_004638,U00201,C001,Anupamaa S1,Series,11.2,45,25.0,Tablet,Basic,Delhi,Tier 1,2024-01-25 15:00:00,OTT_APP
EVT_004639,U00162,C002,KBC Season 15,GameShow,60.0,60,100.0,Laptop,Premium,Delhi,Tier 1,2024-01-31 06:00:00,OTT_APP
EVT_004640,U00461,C003,IPL 2024 Final,Sports,52.5,210,25.0,Tablet,Free,Mumbai,Tier 1,2024-01-01 23:00:00,OTT_APP
EVT_004641,U00476,C004,Panchayat S3,Series,30.0,30,100.0,Laptop,Free,Chennai,Tier 1,2024-01-30 20:00:00,OTT_APP
EVT_004642,U00226,C002,KBC Season 15,GameShow,15.0,60,25.0,Mobile,Free,Bangalore,Tier 1,2024-01-02 14:00:00,OTT_APP
EVT_004643,U00461,C002,KBC Season 15,GameShow,30.0,60,50.0,Smart TV,Basic,Hyderabad,Tier 2,2024-01-22 23:00:00,OTT_APP
EVT_004644,U00192,C005,Mirzapur S3,Thriller,41.2,55,75.0,Laptop,Free,Mumbai,Tier 1,2024-02-27 23:00:00,OTT_APP
EVT_004645,U00182,C004,Panchayat S3,Series,15.0,30,50.0,Mobile,Annual,Bangalore,Tier 1,2024-02-17 07:00:00,OTT_APP
EVT_004646,U00391,C002,KBC Season 15,GameShow,60.0,60,100.0,Mobile,Free,Hyderabad,Tier 2,2024-01-31 06:00:00,OTT_APP
EVT_004647,U00311,C003,IPL 2024 Final,Sports,157.5,210,75.0,Smart TV,Basic,Hyderabad,Tier 2,2024-01-11 18:00:00,OTT_APP
EVT_004648,U00330,C001,Anupamaa S1,Series,22.5,45,50.0,Laptop,Free,Delhi,Tier 1,2024-02-18 15:00:00,OTT_APP
EVT_004649,,C005,Mirzapur S3,Thriller,41.2,55,75.0,Tablet,Premium,Chennai,Tier 1,2024-02-08 07:00:00,OTT_APP
EVT_004650,U00477,C003,IPL 2024 Final,Sports,210.0,210,100.0,Tablet,Annual,Chennai,Tier 1,2024-03-14 12:00:00,OTT_APP
EVT_004651,U00296,C001,Anupamaa S1,Series,33.8,45,75.0,Tablet,Annual,Bangalore,Tier 1,2024-02-17 06:00:00,OTT_APP
EVT_004652,U00218,C002,KBC Season 15,GameShow,60.0,60,100.0,Smart TV,Basic,Bangalore,Tier 1,2024-03-09 16:00:00,OTT_APP
EVT_004653,U00390,C004,Panchayat S3,Series,7.5,30,25.0,Smart TV,Annual,Delhi,Tier 1,2024-02-22 06:00:00,OTT_APP
EVT_004654,U00379,C001,Anupamaa S1,Series,11.2,45,25.0,Mobile,Free,Bangalore,Tier 1,2024-03-06 06:00:00,OTT_APP
EVT_004655,U00301,C005,Mirzapur S3,Thriller,55.0,55,100.0,Mobile,Premium,Delhi,Tier 1,2024-02-25 06:00:00,OTT_APP
EVT_004656,U00026,C005,Mirzapur S3,Thriller,13.8,55,25.0,Mobile,Basic,Hyderabad,Tier 2,2024-01-09 20:00:00,OTT_APP
EVT_004657,U00271,C002,KBC Season 15,GameShow,30.0,60,50.0,Mobile,Premium,Bangalore,Tier 1,2024-03-26 11:00:00,OTT_APP
EVT_004658,U00044,C005,Mirzapur S3,Thriller,27.5,55,50.0,Tablet,Annual,Bangalore,Tier 1,2024-03-04 07:00:00,OTT_APP
EVT_004659,U00054,C002,KBC Season 15,GameShow,45.0,60,75.0,Tablet,Annual,Hyderabad,Tier 2,2024-01-17 09:00:00,OTT_APP
EVT_004660,,C005,Mirzapur S3,Thriller,55.0,55,100.0,Laptop,Annual,Chennai,Tier 1,2024-02-25 06:00:00,OTT_APP
EVT_004661,U00357,C002,KBC Season 15,GameShow,45.0,60,75.0,Mobile,Basic,Hyderabad,Tier 2,2024-02-16 18:00:00,OTT_APP
EVT_004662,U00206,C002,KBC Season 15,GameShow,15.0,60,25.0,Smart TV,Annual,Mumbai,Tier 1,2024-01-27 17:00:00,OTT_APP
EVT_004663,U00023,C003,IPL 2024 Final,Sports,157.5,210,75.0,Mobile,Annual,Hyderabad,Tier 2,2024-01-23 17:00:00,OTT_APP
EVT_004664,U00214,C003,IPL 2024 Final,Sports,52.5,210,25.0,Laptop,Basic,Bangalore,Tier 1,2024-02-04 22:00:00,OTT_APP
EVT_004665,U00251,C003,IPL 2024 Final,Sports,157.5,210,75.0,Laptop,Premium,Hyderabad,Tier 2,2024-01-17 09:00:00,OTT_APP
EVT_004666,U00311,C005,Mirzapur S3,Thriller,27.5,55,50.0,Smart TV,Premium,Chennai,Tier 1,2024-03-04 20:00:00,OTT_APP
EVT_004667,U00158,C005,Mirzapur S3,Thriller,55.0,55,100.0,Smart TV,Basic,Chennai,Tier 1,2024-03-24 23:00:00,OTT_APP
EVT_004668,U00385,C003,IPL 2024 Final,Sports,105.0,210,50.0,Mobile,Basic,Hyderabad,Tier 2,2024-03-16 21:00:00,OTT_APP
EVT_004669,U00032,C003,IPL 2024 Final,Sports,52.5,210,25.0,Laptop,Premium,Mumbai,Tier 1,2024-01-11 12:00:00,OTT_APP
EVT_004670,U00415,C004,Panchayat S3,Series,22.5,30,75.0,Laptop,Free,Mumbai,Tier 1,2024-01-20 18:00:00,OTT_APP
EVT_004671,U00108,C005,Mirzapur S3,Thriller,13.8,55,25.0,Tablet,Basic,Bangalore,Tier 1,2024-03-15 12:00:00,OTT_APP
EVT_004672,U00245,C001,Anupamaa S1,Series,22.5,45,50.0,Smart TV,Free,Mumbai,Tier 1,2024-02-01 23:00:00,OTT_APP
EVT_004673,U00409,C003,IPL 2024 Final,Sports,157.5,210,75.0,Laptop,Premium,Hyderabad,Tier 2,2024-01-17 22:00:00,OTT_APP
EVT_004674,U00354,C002,KBC Season 15,GameShow,30.0,60,50.0,Smart TV,Free,Chennai,Tier 1,2024-01-23 19:00:00,OTT_APP
EVT_004675,U00130,C002,KBC Season 15,GameShow,45.0,60,75.0,Laptop,Free,Chennai,Tier 1,2024-03-11 21:00:00,OTT_APP
EVT_004676,U00149,C001,Anupamaa S1,Series,11.2,45,25.0,Tablet,Free,Delhi,Tier 1,2024-02-21 12:00:00,OTT_APP
EVT_004677,U00297,C004,Panchayat S3,Series,15.0,30,50.0,Smart TV,Free,Delhi,Tier 1,2024-01-17 10:00:00,OTT_APP
EVT_004678,U00464,C004,Panchayat S3,Series,22.5,30,75.0,Mobile,Basic,Hyderabad,Tier 2,2024-02-25 16:00:00,OTT_APP
EVT_004679,U00162,C005,Mirzapur S3,Thriller,41.2,55,75.0,Tablet,Annual,Bangalore,Tier 1,2024-02-17 07:00:00,OTT_APP
EVT_004680,U00154,C004,Panchayat S3,Series,22.5,30,75.0,Smart TV,Free,Hyderabad,Tier 2,2024-01-11 20:00:00,OTT_APP
EVT_004681,U00106,C002,KBC Season 15,GameShow,45.0,60,75.0,Tablet,Basic,Delhi,Tier 1,2024-02-08 16:00:00,OTT_APP
EVT_004682,U00254,C005,Mirzapur S3,Thriller,55.0,55,100.0,Tablet,Free,Mumbai,Tier 1,2024-01-09 16:00:00,OTT_APP
EVT_004683,U00317,C005,Mirzapur S3,Thriller,13.8,55,25.0,Tablet,Free,Bangalore,Tier 1,2024-01-21 07:00:00,OTT_APP
EVT_004684,U00214,C002,KBC Season 15,GameShow,30.0,60,50.0,Smart TV,Premium,Chennai,Tier 1,2024-02-27 17:00:00,OTT_APP
EVT_004685,U00194,C002,KBC Season 15,GameShow,15.0,60,25.0,Laptop,Free,Mumbai,Tier 1,2024-02-22 23:00:00,OTT_APP
EVT_004686,U00294,C005,Mirzapur S3,Thriller,41.2,55,75.0,Tablet,Basic,Chennai,Tier 1,2024-01-03 18:00:00,OTT_APP
EVT_004687,U00031,C005,Mirzapur S3,Thriller,41.2,55,75.0,Mobile,Free,Chennai,Tier 1,2024-02-04 09:00:00,OTT_APP
EVT_004688,U00134,C003,IPL 2024 Final,Sports,52.5,210,25.0,Smart TV,Premium,Bangalore,Tier 1,2024-03-16 21:00:00,OTT_APP
EVT_004689,,C003,IPL 2024 Final,Sports,210.0,210,100.0,Mobile,Annual,Delhi,Tier 1,2024-01-15 06:00:00,OTT_APP
EVT_004690,U00110,C005,Mirzapur S3,Thriller,55.0,55,100.0,Smart TV,Basic,Hyderabad,Tier 2,2024-03-23 09:00:00,OTT_APP
EVT_004691,U00158,C003,IPL 2024 Final,Sports,105.0,210,50.0,Mobile,Free,Chennai,Tier 1,2024-01-27 22:00:00,OTT_APP
EVT_004692,,C001,Anupamaa S1,Series,22.5,45,50.0,Laptop,Premium,Bangalore,Tier 1,2024-01-05 12:00:00,OTT_APP
EVT_004693,U00431,C004,Panchayat S3,Series,7.5,30,25.0,Smart TV,Annual,Mumbai,Tier 1,2024-02-22 15:00:00,OTT_APP
EVT_004694,U00214,C002,KBC Season 15,GameShow,30.0,60,50.0,Smart TV,Free,Chennai,Tier 1,2024-02-11 15:00:00,OTT_APP
EVT_004695,,C002,KBC Season 15,GameShow,60.0,60,100.0,Laptop,Basic,Delhi,Tier 1,2024-02-13 14:00:00,OTT_APP
EVT_004696,U00251,C002,KBC Season 15,GameShow,45.0,60,75.0,Mobile,Annual,Hyderabad,Tier 2,2024-02-06 06:00:00,OTT_APP
EVT_004697,U00197,C002,KBC Season 15,GameShow,45.0,60,75.0,Mobile,Premium,Delhi,Tier 1,2024-02-05 18:00:00,OTT_APP
EVT_004698,U00214,C003,IPL 2024 Final,Sports,105.0,210,50.0,Mobile,Basic,Mumbai,Tier 1,2024-03-25 07:00:00,OTT_APP
EVT_004699,U00296,C005,Mirzapur S3,Thriller,41.2,55,75.0,Tablet,Free,Mumbai,Tier 1,2024-01-07 20:00:00,OTT_APP
EVT_004700,U00324,C004,Panchayat S3,Series,7.5,30,25.0,Mobile,Basic,Delhi,Tier 1,2024-01-10 14:00:00,OTT_APP
EVT_004701,,C001,Anupamaa S1,Series,45.0,45,100.0,Tablet,Annual,Delhi,Tier 1,2024-02-07 09:00:00,OTT_APP
EVT_004702,U00224,C001,Anupamaa S1,Series,22.5,45,50.0,Tablet,Free,Mumbai,Tier 1,2024-03-18 16:00:00,OTT_APP
EVT_004703,U00099,C005,Mirzapur S3,Thriller,41.2,55,75.0,Smart TV,Basic,Chennai,Tier 1,2024-02-04 09:00:00,OTT_APP
EVT_004704,U00175,C004,Panchayat S3,Series,15.0,30,50.0,Mobile,Premium,Mumbai,Tier 1,2024-01-18 22:00:00,OTT_APP
EVT_004705,U00225,C004,Panchayat S3,Series,22.5,30,75.0,Mobile,Premium,Chennai,Tier 1,2024-03-11 09:00:00,OTT_APP
EVT_004706,U00091,C004,Panchayat S3,Series,22.5,30,75.0,Tablet,Basic,Hyderabad,Tier 2,2024-01-08 16:00:00,OTT_APP
EVT_004707,U00334,C002,KBC Season 15,GameShow,15.0,60,25.0,Tablet,Basic,Hyderabad,Tier 2,2024-01-15 09:00:00,OTT_APP
EVT_004708,U00058,C005,Mirzapur S3,Thriller,41.2,55,75.0,Tablet,Free,Hyderabad,Tier 2,2024-02-04 22:00:00,OTT_APP
EVT_004709,U00493,C003,IPL 2024 Final,Sports,52.5,210,25.0,Tablet,Annual,Mumbai,Tier 1,2024-01-28 22:00:00,OTT_APP
EVT_004710,U00438,C005,Mirzapur S3,Thriller,41.2,55,75.0,Smart TV,Annual,Hyderabad,Tier 2,2024-01-16 15:00:00,OTT_APP
EVT_004711,U00056,C003,IPL 2024 Final,Sports,52.5,210,25.0,Laptop,Premium,Mumbai,Tier 1,2024-01-21 06:00:00,OTT_APP
EVT_004712,U00360,C001,Anupamaa S1,Series,11.2,45,25.0,Tablet,Annual,Hyderabad,Tier 2,2024-03-05 15:00:00,OTT_APP
EVT_004713,U00207,C005,Mirzapur S3,Thriller,55.0,55,100.0,Tablet,Premium,Hyderabad,Tier 2,2024-03-07 18:00:00,OTT_APP
EVT_004714,U00096,C005,Mirzapur S3,Thriller,13.8,55,25.0,Mobile,Basic,Hyderabad,Tier 2,2024-01-19 20:00:00,OTT_APP
EVT_004715,U00468,C004,Panchayat S3,Series,15.0,30,50.0,Laptop,Premium,Chennai,Tier 1,2024-03-18 09:00:00,OTT_APP
EVT_004716,,C003,IPL 2024 Final,Sports,157.5,210,75.0,Smart TV,Free,Hyderabad,Tier 2,2024-01-16 16:00:00,OTT_APP
EVT_004717,U00032,C005,Mirzapur S3,Thriller,41.2,55,75.0,Tablet,Basic,Mumbai,Tier 1,2024-01-13 12:00:00,OTT_APP
EVT_004718,U00455,C002,KBC Season 15,GameShow,15.0,60,25.0,Smart TV,Premium,Bangalore,Tier 1,2024-03-09 11:00:00,OTT_APP
EVT_004719,U00452,C002,KBC Season 15,GameShow,45.0,60,75.0,Tablet,Annual,Mumbai,Tier 1,2024-01-17 10:00:00,OTT_APP
EVT_004720,U00400,C002,KBC Season 15,GameShow,60.0,60,100.0,Smart TV,Free,Bangalore,Tier 1,2024-01-11 13:00:00,OTT_APP
EVT_004721,,C002,KBC Season 15,GameShow,30.0,60,50.0,Laptop,Annual,Chennai,Tier 1,2024-01-21 13:00:00,OTT_APP
EVT_004722,U00160,C001,Anupamaa S1,Series,45.0,45,100.0,Smart TV,Basic,Bangalore,Tier 1,2024-02-19 06:00:00,OTT_APP
EVT_004723,U00363,C005,Mirzapur S3,Thriller,55.0,55,100.0,Laptop,Annual,Bangalore,Tier 1,2024-03-22 19:00:00,OTT_APP
EVT_004724,,C003,IPL 2024 Final,Sports,52.5,210,25.0,Smart TV,Free,Hyderabad,Tier 2,2024-03-30 21:00:00,OTT_APP
EVT_004725,U00432,C001,Anupamaa S1,Series,22.5,45,50.0,Mobile,Free,Chennai,Tier 1,2024-01-23 15:00:00,OTT_APP
EVT_004726,U00010,C002,KBC Season 15,GameShow,60.0,60,100.0,Laptop,Basic,Mumbai,Tier 1,2024-02-17 08:00:00,OTT_APP
EVT_004727,U00094,C003,IPL 2024 Final,Sports,210.0,210,100.0,Laptop,Premium,Delhi,Tier 1,2024-02-14 14:00:00,OTT_APP
EVT_004728,U00304,C003,IPL 2024 Final,Sports,210.0,210,100.0,Smart TV,Basic,Bangalore,Tier 1,2024-03-26 23:00:00,OTT_APP
EVT_004729,U00298,C004,Panchayat S3,Series,30.0,30,100.0,Tablet,Basic,Bangalore,Tier 1,2024-03-31 13:00:00,OTT_APP
EVT_004730,U00408,C002,KBC Season 15,GameShow,45.0,60,75.0,Smart TV,Annual,Mumbai,Tier 1,2024-03-11 11:00:00,OTT_APP
EVT_004731,U00334,C002,KBC Season 15,GameShow,60.0,60,100.0,Laptop,Free,Delhi,Tier 1,2024-02-28 23:00:00,OTT_APP
EVT_004732,U00334,C004,Panchayat S3,Series,30.0,30,100.0,Smart TV,Premium,Mumbai,Tier 1,2024-02-05 11:00:00,OTT_APP
EVT_004733,U00315,C004,Panchayat S3,Series,30.0,30,100.0,Tablet,Basic,Delhi,Tier 1,2024-01-11 22:00:00,OTT_APP
EVT_004734,U00346,C001,Anupamaa S1,Series,45.0,45,100.0,Mobile,Basic,Bangalore,Tier 1,2024-03-28 11:00:00,OTT_APP
EVT_004735,,C003,IPL 2024 Final,Sports,105.0,210,50.0,Laptop,Free,Bangalore,Tier 1,2024-01-08 17:00:00,OTT_APP
EVT_004736,U00471,C004,Panchayat S3,Series,15.0,30,50.0,Tablet,Premium,Mumbai,Tier 1,2024-03-12 23:00:00,OTT_APP
EVT_004737,U00234,C005,Mirzapur S3,Thriller,41.2,55,75.0,Laptop,Annual,Bangalore,Tier 1,2024-01-26 17:00:00,OTT_APP
EVT_004738,U00479,C004,Panchayat S3,Series,7.5,30,25.0,Mobile,Premium,Mumbai,Tier 1,2024-01-31 23:00:00,OTT_APP
EVT_004739,U00144,C005,Mirzapur S3,Thriller,27.5,55,50.0,Tablet,Premium,Hyderabad,Tier 2,2024-02-02 23:00:00,OTT_APP
EVT_004740,U00173,C002,KBC Season 15,GameShow,15.0,60,25.0,Mobile,Basic,Chennai,Tier 1,2024-03-15 16:00:00,OTT_APP
EVT_004741,U00180,C002,KBC Season 15,GameShow,45.0,60,75.0,Tablet,Free,Chennai,Tier 1,2024-03-19 08:00:00,OTT_APP
EVT_004742,U00014,C005,Mirzapur S3,Thriller,27.5,55,50.0,Laptop,Annual,Chennai,Tier 1,2024-01-15 09:00:00,OTT_APP
EVT_004743,U00206,C003,IPL 2024 Final,Sports,105.0,210,50.0,Tablet,Free,Delhi,Tier 1,2024-02-24 13:00:00,OTT_APP
EVT_004744,U00122,C003,IPL 2024 Final,Sports,157.5,210,75.0,Laptop,Basic,Chennai,Tier 1,2024-01-09 21:00:00,OTT_APP
EVT_004745,U00432,C002,KBC Season 15,GameShow,30.0,60,50.0,Laptop,Free,Delhi,Tier 1,2024-02-23 21:00:00,OTT_APP
EVT_004746,U00058,C002,KBC Season 15,GameShow,60.0,60,100.0,Smart TV,Free,Delhi,Tier 1,2024-01-28 23:00:00,OTT_APP
EVT_004747,U00181,C004,Panchayat S3,Series,7.5,30,25.0,Tablet,Annual,Hyderabad,Tier 2,2024-03-20 13:00:00,OTT_APP
EVT_004748,U00226,C003,IPL 2024 Final,Sports,210.0,210,100.0,Tablet,Annual,Mumbai,Tier 1,2024-01-10 11:00:00,OTT_APP
EVT_004749,U00045,C002,KBC Season 15,GameShow,60.0,60,100.0,Tablet,Basic,Bangalore,Tier 1,2024-01-28 08:00:00,OTT_APP
EVT_004750,U00258,C002,KBC Season 15,GameShow,60.0,60,100.0,Laptop,Basic,Mumbai,Tier 1,2024-01-03 23:00:00,OTT_APP
EVT_004751,U00345,C002,KBC Season 15,GameShow,15.0,60,25.0,Mobile,Free,Bangalore,Tier 1,2024-02-12 14:00:00,OTT_APP
EVT_004752,U00411,C002,KBC Season 15,GameShow,60.0,60,100.0,Mobile,Basic,Hyderabad,Tier 2,2024-01-13 22:00:00,OTT_APP
EVT_004753,U00470,C004,Panchayat S3,Series,15.0,30,50.0,Mobile,Basic,Chennai,Tier 1,2024-01-12 07:00:00,OTT_APP
EVT_004754,U00013,C001,Anupamaa S1,Series,33.8,45,75.0,Mobile,Annual,Chennai,Tier 1,2024-01-10 14:00:00,OTT_APP
EVT_004755,U00218,C001,Anupamaa S1,Series,11.2,45,25.0,Laptop,Annual,Chennai,Tier 1,2024-02-24 08:00:00,OTT_APP
EVT_004756,U00442,C002,KBC Season 15,GameShow,15.0,60,25.0,Mobile,Basic,Mumbai,Tier 1,2024-02-06 21:00:00,OTT_APP
EVT_004757,U00341,C002,KBC Season 15,GameShow,60.0,60,100.0,Laptop,Premium,Chennai,Tier 1,2024-01-25 15:00:00,OTT_APP
EVT_004758,U00054,C002,KBC Season 15,GameShow,45.0,60,75.0,Mobile,Annual,Chennai,Tier 1,2024-02-09 10:00:00,OTT_APP
EVT_004759,U00432,C003,IPL 2024 Final,Sports,52.5,210,25.0,Laptop,Free,Mumbai,Tier 1,2024-01-03 15:00:00,OTT_APP
EVT_004760,U00063,C001,Anupamaa S1,Series,11.2,45,25.0,Smart TV,Premium,Chennai,Tier 1,2024-01-15 12:00:00,OTT_APP
EVT_004761,U00069,C003,IPL 2024 Final,Sports,105.0,210,50.0,Mobile,Annual,Bangalore,Tier 1,2024-03-14 15:00:00,OTT_APP
EVT_004762,U00306,C002,KBC Season 15,GameShow,45.0,60,75.0,Tablet,Annual,Delhi,Tier 1,2024-03-27 13:00:00,OTT_APP
EVT_004763,U00407,C004,Panchayat S3,Series,7.5,30,25.0,Mobile,Annual,Mumbai,Tier 1,2024-03-03 18:00:00,OTT_APP
EVT_004764,U00244,C005,Mirzapur S3,Thriller,55.0,55,100.0,Laptop,Premium,Bangalore,Tier 1,2024-03-03 19:00:00,OTT_APP
EVT_004765,U00066,C001,Anupamaa S1,Series,22.5,45,50.0,Smart TV,Free,Bangalore,Tier 1,2024-02-29 08:00:00,OTT_APP
EVT_004766,U00330,C005,Mirzapur S3,Thriller,55.0,55,100.0,Smart TV,Free,Delhi,Tier 1,2024-03-19 20:00:00,OTT_APP
EVT_004767,U00185,C003,IPL 2024 Final,Sports,157.5,210,75.0,Mobile,Premium,Delhi,Tier 1,2024-01-05 14:00:00,OTT_APP
EVT_004768,U00414,C003,IPL 2024 Final,Sports,105.0,210,50.0,Mobile,Annual,Hyderabad,Tier 2,2024-02-22 22:00:00,OTT_APP
EVT_004769,U00256,C002,KBC Season 15,GameShow,30.0,60,50.0,Laptop,Premium,Hyderabad,Tier 2,2024-03-12 06:00:00,OTT_APP
EVT_004770,U00413,C001,Anupamaa S1,Series,22.5,45,50.0,Tablet,Premium,Mumbai,Tier 1,2024-02-14 21:00:00,OTT_APP
EVT_004771,U00327,C005,Mirzapur S3,Thriller,13.8,55,25.0,Tablet,Basic,Hyderabad,Tier 2,2024-01-14 23:00:00,OTT_APP
EVT_004772,U00424,C004,Panchayat S3,Series,22.5,30,75.0,Tablet,Basic,Mumbai,Tier 1,2024-02-16 14:00:00,OTT_APP
EVT_004773,U00129,C002,KBC Season 15,GameShow,45.0,60,75.0,Mobile,Annual,Bangalore,Tier 1,2024-01-11 16:00:00,OTT_APP
EVT_004774,U00072,C002,KBC Season 15,GameShow,45.0,60,75.0,Mobile,Annual,Bangalore,Tier 1,2024-02-28 06:00:00,OTT_APP
EVT_004775,U00337,C001,Anupamaa S1,Series,45.0,45,100.0,Tablet,Basic,Delhi,Tier 1,2024-02-28 23:00:00,OTT_APP
EVT_004776,U00369,C001,Anupamaa S1,Series,33.8,45,75.0,Tablet,Basic,Chennai,Tier 1,2024-02-15 17:00:00,OTT_APP
EVT_004777,U00363,C003,IPL 2024 Final,Sports,105.0,210,50.0,Laptop,Annual,Mumbai,Tier 1,2024-02-27 22:00:00,OTT_APP
EVT_004778,U00498,C004,Panchayat S3,Series,22.5,30,75.0,Smart TV,Basic,Hyderabad,Tier 2,2024-03-08 23:00:00,OTT_APP
EVT_004779,U00400,C001,Anupamaa S1,Series,45.0,45,100.0,Smart TV,Free,Mumbai,Tier 1,2024-01-05 20:00:00,OTT_APP
EVT_004780,U00390,C003,IPL 2024 Final,Sports,52.5,210,25.0,Mobile,Free,Hyderabad,Tier 2,2024-02-09 21:00:00,OTT_APP
EVT_004781,U00188,C002,KBC Season 15,GameShow,30.0,60,50.0,Laptop,Free,Mumbai,Tier 1,2024-03-29 20:00:00,OTT_APP
EVT_004782,U00283,C003,IPL 2024 Final,Sports,420.0,210,25.0,Laptop,Annual,Mumbai,Tier 1,2024-03-29 15:00:00,OTT_APP
EVT_004783,U00077,C004,Panchayat S3,Series,7.5,30,25.0,Laptop,Basic,Bangalore,Tier 1,2024-02-02 14:00:00,OTT_APP
EVT_004784,U00289,C003,IPL 2024 Final,Sports,105.0,210,50.0,Laptop,Annual,Bangalore,Tier 1,2024-01-08 14:00:00,OTT_APP
EVT_004785,U00238,C001,Anupamaa S1,Series,11.2,45,25.0,Laptop,Free,Mumbai,Tier 1,2024-01-16 22:00:00,OTT_APP
EVT_004786,U00355,C002,KBC Season 15,GameShow,30.0,60,50.0,Tablet,Premium,Chennai,Tier 1,2024-02-29 07:00:00,OTT_APP
EVT_004787,U00069,C002,KBC Season 15,GameShow,60.0,60,100.0,Tablet,Annual,Mumbai,Tier 1,2024-02-29 13:00:00,OTT_APP
EVT_004788,U00337,C004,Panchayat S3,Series,30.0,30,100.0,Tablet,Free,Hyderabad,Tier 2,2024-03-19 21:00:00,OTT_APP
EVT_004789,U00263,C002,KBC Season 15,GameShow,45.0,60,75.0,Mobile,Annual,Mumbai,Tier 1,2024-02-03 13:00:00,OTT_APP
EVT_004790,U00134,C004,Panchayat S3,Series,22.5,30,75.0,Laptop,Basic,Hyderabad,Tier 2,2024-03-16 10:00:00,OTT_APP
EVT_004791,U00054,C003,IPL 2024 Final,Sports,105.0,210,50.0,Smart TV,Free,Chennai,Tier 1,2024-03-08 09:00:00,OTT_APP
EVT_004792,U00127,C001,Anupamaa S1,Series,33.8,45,75.0,Mobile,Premium,Chennai,Tier 1,2024-02-01 10:00:00,OTT_APP
EVT_004793,U00404,C003,IPL 2024 Final,Sports,157.5,210,75.0,Mobile,Basic,Chennai,Tier 1,2024-01-13 22:00:00,OTT_APP
EVT_004794,U00012,C004,Panchayat S3,Series,15.0,30,50.0,Smart TV,Premium,Mumbai,Tier 1,2024-03-01 07:00:00,OTT_APP
EVT_004795,U00374,C002,KBC Season 15,GameShow,60.0,60,100.0,Smart TV,Premium,Bangalore,Tier 1,2024-02-04 12:00:00,OTT_APP
EVT_004796,U00498,C004,Panchayat S3,Series,30.0,30,100.0,Tablet,Basic,Bangalore,Tier 1,2024-02-07 06:00:00,OTT_APP
EVT_004797,U00106,C004,Panchayat S3,Series,7.5,30,25.0,Mobile,Free,Mumbai,Tier 1,2024-03-24 10:00:00,OTT_APP
EVT_004798,U00328,C003,IPL 2024 Final,Sports,105.0,210,50.0,Smart TV,Free,Mumbai,Tier 1,2024-01-15 06:00:00,OTT_APP
EVT_004799,U00333,C004,Panchayat S3,Series,7.5,30,25.0,Smart TV,Free,Mumbai,Tier 1,2024-02-01 18:00:00,OTT_APP
EVT_004800,,C001,Anupamaa S1,Series,22.5,45,50.0,Tablet,Premium,Delhi,Tier 1,2024-01-23 08:00:00,OTT_APP
EVT_004801,,C002,KBC Season 15,GameShow,45.0,60,75.0,Tablet,Basic,Bangalore,Tier 1,2024-02-26 13:00:00,OTT_APP
EVT_004802,U00062,C005,Mirzapur S3,Thriller,27.5,55,50.0,Mobile,Annual,Delhi,Tier 1,2024-02-10 19:00:00,OTT_APP
EVT_004803,U00139,C001,Anupamaa S1,Series,45.0,45,100.0,Smart TV,Annual,Chennai,Tier 1,2024-03-26 15:00:00,OTT_APP
EVT_004804,U00225,C001,Anupamaa S1,Series,33.8,45,75.0,Tablet,Basic,Chennai,Tier 1,2024-02-10 12:00:00,OTT_APP
EVT_004805,U00274,C004,Panchayat S3,Series,22.5,30,75.0,Mobile,Premium,Hyderabad,Tier 2,2024-02-17 07:00:00,OTT_APP
EVT_004806,U00410,C005,Mirzapur S3,Thriller,41.2,55,75.0,Smart TV,Basic,Chennai,Tier 1,2024-01-05 11:00:00,OTT_APP
EVT_004807,U00423,C002,KBC Season 15,GameShow,30.0,60,50.0,Tablet,Free,Chennai,Tier 1,2024-03-16 13:00:00,OTT_APP
EVT_004808,U00261,C002,KBC Season 15,GameShow,60.0,60,100.0,Mobile,Premium,Chennai,Tier 1,2024-03-23 11:00:00,OTT_APP
EVT_004809,U00447,C001,Anupamaa S1,Series,45.0,45,100.0,Laptop,Free,Bangalore,Tier 1,2024-02-10 07:00:00,OTT_APP
EVT_004810,U00133,C005,Mirzapur S3,Thriller,41.2,55,75.0,Tablet,Basic,Bangalore,Tier 1,2024-01-28 17:00:00,OTT_APP
EVT_004811,U00248,C003,IPL 2024 Final,Sports,52.5,210,25.0,Tablet,Premium,Bangalore,Tier 1,2024-03-04 21:00:00,OTT_APP
EVT_004812,,C003,IPL 2024 Final,Sports,157.5,210,75.0,Tablet,Annual,Chennai,Tier 1,2024-03-16 13:00:00,OTT_APP
EVT_004813,U00198,C003,IPL 2024 Final,Sports,210.0,210,100.0,Smart TV,Annual,Mumbai,Tier 1,2024-02-25 06:00:00,OTT_APP
EVT_004814,U00187,C003,IPL 2024 Final,Sports,157.5,210,75.0,Tablet,Basic,Delhi,Tier 1,2024-03-26 20:00:00,OTT_APP
EVT_004815,U00463,C004,Panchayat S3,Series,15.0,30,50.0,Tablet,Annual,Delhi,Tier 1,2024-03-12 17:00:00,OTT_APP
EVT_004816,U00454,C001,Anupamaa S1,Series,33.8,45,75.0,Tablet,Free,Delhi,Tier 1,2024-01-16 06:00:00,OTT_APP
EVT_004817,U00375,C004,Panchayat S3,Series,7.5,30,25.0,Smart TV,Annual,Chennai,Tier 1,2024-02-02 17:00:00,OTT_APP
EVT_004818,U00073,C001,Anupamaa S1,Series,11.2,45,25.0,Tablet,Annual,Bangalore,Tier 1,2024-01-08 13:00:00,OTT_APP
EVT_004819,U00185,C001,Anupamaa S1,Series,22.5,45,50.0,Mobile,Annual,Delhi,Tier 1,2024-02-20 10:00:00,OTT_APP
EVT_004820,U00068,C003,IPL 2024 Final,Sports,105.0,210,50.0,Tablet,Free,Bangalore,Tier 1,2024-01-08 12:00:00,OTT_APP
EVT_004821,U00346,C002,KBC Season 15,GameShow,45.0,60,75.0,Tablet,Premium,Hyderabad,Tier 2,2024-02-08 13:00:00,OTT_APP
EVT_004822,U00352,C002,KBC Season 15,GameShow,30.0,60,50.0,Smart TV,Annual,Hyderabad,Tier 2,2024-02-15 10:00:00,OTT_APP
EVT_004823,U00292,C001,Anupamaa S1,Series,45.0,45,100.0,Laptop,Premium,Bangalore,Tier 1,2024-03-16 14:00:00,OTT_APP
EVT_004824,U00365,C003,IPL 2024 Final,Sports,210.0,210,100.0,Tablet,Annual,Chennai,Tier 1,2024-03-18 17:00:00,OTT_APP
EVT_004825,U00372,C005,Mirzapur S3,Thriller,55.0,55,100.0,Mobile,Annual,Delhi,Tier 1,2024-02-27 12:00:00,OTT_APP
EVT_004826,U00271,C003,IPL 2024 Final,Sports,157.5,210,75.0,Smart TV,Basic,Delhi,Tier 1,2024-02-26 09:00:00,OTT_APP
EVT_004827,U00110,C002,KBC Season 15,GameShow,60.0,60,100.0,Smart TV,Annual,Chennai,Tier 1,2024-01-04 11:00:00,OTT_APP
EVT_004828,U00471,C002,KBC Season 15,GameShow,30.0,60,50.0,Tablet,Free,Mumbai,Tier 1,2024-02-29 19:00:00,OTT_APP
EVT_004829,U00340,C003,IPL 2024 Final,Sports,210.0,210,100.0,Tablet,Free,Chennai,Tier 1,2024-02-19 16:00:00,OTT_APP
EVT_004830,U00041,C001,Anupamaa S1,Series,11.2,45,25.0,Mobile,Free,Bangalore,Tier 1,2024-01-30 22:00:00,OTT_APP
EVT_004831,U00273,C003,IPL 2024 Final,Sports,52.5,210,25.0,Smart TV,Free,Delhi,Tier 1,2024-03-31 10:00:00,OTT_APP
EVT_004832,U00301,C004,Panchayat S3,Series,30.0,30,100.0,Tablet,Basic,Chennai,Tier 1,2024-03-27 16:00:00,OTT_APP
EVT_004833,U00252,C005,Mirzapur S3,Thriller,55.0,55,100.0,Laptop,Premium,Delhi,Tier 1,2024-02-26 19:00:00,OTT_APP
EVT_004834,U00112,C002,KBC Season 15,GameShow,30.0,60,50.0,Smart TV,Annual,Delhi,Tier 1,2024-02-10 14:00:00,OTT_APP
EVT_004835,U00494,C002,KBC Season 15,GameShow,45.0,60,75.0,Smart TV,Annual,Delhi,Tier 1,2024-02-26 22:00:00,OTT_APP
EVT_004836,U00007,C005,Mirzapur S3,Thriller,13.8,55,25.0,Smart TV,Annual,Chennai,Tier 1,2024-01-16 07:00:00,OTT_APP
EVT_004837,U00100,C001,Anupamaa S1,Series,22.5,45,50.0,Tablet,Annual,Delhi,Tier 1,2024-01-09 14:00:00,OTT_APP
EVT_004838,U00448,C005,Mirzapur S3,Thriller,41.2,55,75.0,Laptop,Free,Bangalore,Tier 1,2024-02-13 12:00:00,OTT_APP
EVT_004839,U00497,C003,IPL 2024 Final,Sports,210.0,210,100.0,Mobile,Premium,Bangalore,Tier 1,2024-02-01 09:00:00,OTT_APP
EVT_004840,U00034,C002,KBC Season 15,GameShow,15.0,60,25.0,Laptop,Basic,Hyderabad,Tier 2,2024-03-12 12:00:00,OTT_APP
EVT_004841,U00244,C001,Anupamaa S1,Series,33.8,45,75.0,Smart TV,Basic,Hyderabad,Tier 2,2024-02-16 07:00:00,OTT_APP
EVT_004842,U00314,C004,Panchayat S3,Series,15.0,30,50.0,Laptop,Basic,Delhi,Tier 1,2024-01-14 10:00:00,OTT_APP
EVT_004843,U00027,C003,IPL 2024 Final,Sports,210.0,210,100.0,Smart TV,Annual,Chennai,Tier 1,2024-03-07 16:00:00,OTT_APP
EVT_004844,U00211,C003,IPL 2024 Final,Sports,157.5,210,75.0,Mobile,Free,Mumbai,Tier 1,2024-03-08 10:00:00,OTT_APP
EVT_004845,U00288,C005,Mirzapur S3,Thriller,13.8,55,25.0,Laptop,Free,Delhi,Tier 1,2024-01-23 06:00:00,OTT_APP
EVT_004846,U00178,C002,KBC Season 15,GameShow,60.0,60,100.0,Smart TV,Basic,Mumbai,Tier 1,2024-03-07 14:00:00,OTT_APP
EVT_004847,U00396,C005,Mirzapur S3,Thriller,55.0,55,100.0,Mobile,Basic,Chennai,Tier 1,2024-03-13 19:00:00,OTT_APP
EVT_004848,U00370,C002,KBC Season 15,GameShow,30.0,60,50.0,Laptop,Premium,Chennai,Tier 1,2024-03-20 22:00:00,OTT_APP
EVT_004849,U00102,C001,Anupamaa S1,Series,22.5,45,50.0,Smart TV,Basic,Bangalore,Tier 1,2024-03-20 06:00:00,OTT_APP
EVT_004850,U00030,C001,Anupamaa S1,Series,45.0,45,100.0,Laptop,Free,Hyderabad,Tier 2,2024-03-08 23:00:00,OTT_APP
EVT_004851,U00007,C005,Mirzapur S3,Thriller,27.5,55,50.0,Smart TV,Premium,Mumbai,Tier 1,2024-02-29 16:00:00,OTT_APP
EVT_004852,U00263,C001,Anupamaa S1,Series,45.0,45,100.0,Laptop,Annual,Mumbai,Tier 1,2024-01-07 20:00:00,OTT_APP
EVT_004853,U00350,C003,IPL 2024 Final,Sports,157.5,210,75.0,Tablet,Free,Bangalore,Tier 1,2024-02-11 16:00:00,OTT_APP
EVT_004854,U00023,C005,Mirzapur S3,Thriller,27.5,55,50.0,Tablet,Annual,Mumbai,Tier 1,2024-02-08 16:00:00,OTT_APP
EVT_004855,U00347,C002,KBC Season 15,GameShow,60.0,60,100.0,Laptop,Basic,Bangalore,Tier 1,2024-02-22 15:00:00,OTT_APP
EVT_004856,U00277,C004,Panchayat S3,Series,7.5,30,25.0,Mobile,Premium,Bangalore,Tier 1,2024-02-13 09:00:00,OTT_APP
EVT_004857,,C002,KBC Season 15,GameShow,15.0,60,25.0,Tablet,Free,Delhi,Tier 1,2024-03-24 23:00:00,OTT_APP
EVT_004858,U00449,C003,IPL 2024 Final,Sports,210.0,210,100.0,Laptop,Premium,Delhi,Tier 1,2024-01-14 21:00:00,OTT_APP
EVT_004859,U00055,C002,KBC Season 15,GameShow,60.0,60,100.0,Laptop,Annual,Hyderabad,Tier 2,2024-01-26 15:00:00,OTT_APP
EVT_004860,U00458,C004,Panchayat S3,Series,15.0,30,50.0,Laptop,Premium,Mumbai,Tier 1,2024-02-26 23:00:00,OTT_APP
EVT_004861,U00491,C005,Mirzapur S3,Thriller,27.5,55,50.0,Mobile,Free,Chennai,Tier 1,2024-03-20 08:00:00,OTT_APP
EVT_004862,U00220,C004,Panchayat S3,Series,22.5,30,75.0,Tablet,Free,Bangalore,Tier 1,2024-02-28 10:00:00,OTT_APP
EVT_004863,U00276,C005,Mirzapur S3,Thriller,27.5,55,50.0,Tablet,Basic,Delhi,Tier 1,2024-03-24 20:00:00,OTT_APP
EVT_004864,U00295,C004,Panchayat S3,Series,15.0,30,50.0,Smart TV,Free,Mumbai,Tier 1,2024-01-21 14:00:00,OTT_APP
EVT_004865,U00076,C004,Panchayat S3,Series,22.5,30,75.0,Tablet,Basic,Chennai,Tier 1,2024-03-27 22:00:00,OTT_APP
EVT_004866,U00150,C004,Panchayat S3,Series,22.5,30,75.0,Mobile,Annual,Chennai,Tier 1,2024-02-26 06:00:00,OTT_APP
EVT_004867,U00430,C005,Mirzapur S3,Thriller,27.5,55,50.0,Laptop,Premium,Chennai,Tier 1,2024-01-09 22:00:00,OTT_APP
EVT_004868,U00388,C004,Panchayat S3,Series,30.0,30,100.0,Mobile,Basic,Delhi,Tier 1,2024-02-25 10:00:00,OTT_APP
EVT_004869,U00061,C002,KBC Season 15,GameShow,30.0,60,50.0,Smart TV,Premium,Delhi,Tier 1,2024-02-13 21:00:00,OTT_APP
EVT_004870,U00437,C004,Panchayat S3,Series,30.0,30,100.0,Smart TV,Free,Delhi,Tier 1,2024-01-10 10:00:00,OTT_APP
EVT_004871,U00442,C001,Anupamaa S1,Series,33.8,45,75.0,Tablet,Free,Chennai,Tier 1,2024-02-28 22:00:00,OTT_APP
EVT_004872,U00398,C003,IPL 2024 Final,Sports,105.0,210,50.0,Laptop,Annual,Chennai,Tier 1,2024-01-24 16:00:00,OTT_APP
EVT_004873,U00470,C001,Anupamaa S1,Series,11.2,45,25.0,Laptop,Basic,Hyderabad,Tier 2,2024-01-01 16:00:00,OTT_APP
EVT_004874,U00016,C004,Panchayat S3,Series,22.5,30,75.0,Smart TV,Premium,Mumbai,Tier 1,2024-03-30 12:00:00,OTT_APP
EVT_004875,U00174,C001,Anupamaa S1,Series,45.0,45,100.0,Smart TV,Basic,Delhi,Tier 1,2024-03-22 18:00:00,OTT_APP
EVT_004876,U00316,C005,Mirzapur S3,Thriller,41.2,55,75.0,Laptop,Annual,Bangalore,Tier 1,2024-03-09 14:00:00,OTT_APP
EVT_004877,U00013,C001,Anupamaa S1,Series,33.8,45,75.0,Laptop,Premium,Mumbai,Tier 1,2024-02-24 07:00:00,OTT_APP
EVT_004878,U00447,C004,Panchayat S3,Series,7.5,30,25.0,Laptop,Free,Chennai,Tier 1,2024-01-31 13:00:00,OTT_APP
EVT_004879,U00159,C001,Anupamaa S1,Series,45.0,45,100.0,Tablet,Basic,Hyderabad,Tier 2,2024-01-11 21:00:00,OTT_APP
EVT_004880,U00123,C004,Panchayat S3,Series,22.5,30,75.0,Laptop,Annual,Mumbai,Tier 1,2024-03-25 18:00:00,OTT_APP
EVT_004881,U00410,C002,KBC Season 15,GameShow,60.0,60,100.0,Tablet,Free,Chennai,Tier 1,2024-03-02 21:00:00,OTT_APP
EVT_004882,U00220,C003,IPL 2024 Final,Sports,105.0,210,50.0,Mobile,Basic,Chennai,Tier 1,2024-03-05 19:00:00,OTT_APP
EVT_004883,U00141,C003,IPL 2024 Final,Sports,210.0,210,100.0,Smart TV,Annual,Bangalore,Tier 1,2024-02-09 08:00:00,OTT_APP
EVT_004884,U00129,C005,Mirzapur S3,Thriller,27.5,55,50.0,Mobile,Annual,Delhi,Tier 1,2024-03-21 08:00:00,OTT_APP
EVT_004885,U00043,C002,KBC Season 15,GameShow,30.0,60,50.0,Smart TV,Basic,Chennai,Tier 1,2024-03-28 11:00:00,OTT_APP
EVT_004886,U00460,C002,KBC Season 15,GameShow,45.0,60,75.0,Smart TV,Free,Hyderabad,Tier 2,2024-03-15 22:00:00,OTT_APP
EVT_004887,U00358,C003,IPL 2024 Final,Sports,157.5,210,75.0,Mobile,Basic,Mumbai,Tier 1,2024-01-02 20:00:00,OTT_APP
EVT_004888,U00486,C002,KBC Season 15,GameShow,45.0,60,75.0,Tablet,Premium,Mumbai,Tier 1,2024-02-07 14:00:00,OTT_APP
EVT_004889,U00425,C004,Panchayat S3,Series,15.0,30,50.0,Tablet,Free,Bangalore,Tier 1,2024-01-10 17:00:00,OTT_APP
EVT_004890,U00152,C004,Panchayat S3,Series,22.5,30,75.0,Tablet,Annual,Bangalore,Tier 1,2024-02-19 06:00:00,OTT_APP
EVT_004891,U00457,C005,Mirzapur S3,Thriller,41.2,55,75.0,Mobile,Annual,Delhi,Tier 1,2024-03-14 08:00:00,OTT_APP
EVT_004892,U00385,C003,IPL 2024 Final,Sports,105.0,210,50.0,Laptop,Premium,Bangalore,Tier 1,2024-03-03 20:00:00,OTT_APP
EVT_004893,U00247,C004,Panchayat S3,Series,22.5,30,75.0,Laptop,Free,Bangalore,Tier 1,2024-02-21 14:00:00,OTT_APP
EVT_004894,U00436,C005,Mirzapur S3,Thriller,27.5,55,50.0,Smart TV,Annual,Mumbai,Tier 1,2024-03-05 16:00:00,OTT_APP
EVT_004895,U00252,C003,IPL 2024 Final,Sports,105.0,210,50.0,Tablet,Free,Chennai,Tier 1,2024-01-24 08:00:00,OTT_APP
EVT_004896,U00271,C003,IPL 2024 Final,Sports,157.5,210,75.0,Smart TV,Annual,Hyderabad,Tier 2,2024-03-07 21:00:00,OTT_APP
EVT_004897,U00086,C002,KBC Season 15,GameShow,30.0,60,50.0,Mobile,Annual,Chennai,Tier 1,2024-02-05 10:00:00,OTT_APP
EVT_004898,U00213,C001,Anupamaa S1,Series,33.8,45,75.0,Smart TV,Annual,Hyderabad,Tier 2,2024-02-16 07:00:00,OTT_APP
EVT_004899,U00018,C002,KBC Season 15,GameShow,45.0,60,75.0,Mobile,Annual,Bangalore,Tier 1,2024-03-28 14:00:00,OTT_APP
EVT_004900,U00300,C004,Panchayat S3,Series,7.5,30,25.0,Mobile,Basic,Bangalore,Tier 1,2024-02-25 12:00:00,OTT_APP
EVT_004901,U00029,C002,KBC Season 15,GameShow,60.0,60,100.0,Smart TV,Free,Mumbai,Tier 1,2024-02-02 13:00:00,OTT_APP
EVT_004902,U00421,C005,Mirzapur S3,Thriller,110.0,55,75.0,Mobile,Free,Hyderabad,Tier 2,2024-01-31 13:00:00,OTT_APP
EVT_004903,U00206,C001,Anupamaa S1,Series,45.0,45,100.0,Tablet,Premium,Hyderabad,Tier 2,2024-02-03 06:00:00,OTT_APP
EVT_004904,U00164,C005,Mirzapur S3,Thriller,41.2,55,75.0,Tablet,Basic,Chennai,Tier 1,2024-03-07 21:00:00,OTT_APP
EVT_004905,U00176,C003,IPL 2024 Final,Sports,105.0,210,50.0,Mobile,Premium,Hyderabad,Tier 2,2024-02-20 09:00:00,OTT_APP
EVT_004906,U00233,C002,KBC Season 15,GameShow,30.0,60,50.0,Smart TV,Premium,Bangalore,Tier 1,2024-02-02 17:00:00,OTT_APP
EVT_004907,U00333,C001,Anupamaa S1,Series,45.0,45,100.0,Laptop,Free,Hyderabad,Tier 2,2024-03-10 12:00:00,OTT_APP
EVT_004908,U00499,C002,KBC Season 15,GameShow,30.0,60,50.0,Smart TV,Basic,Bangalore,Tier 1,2024-02-24 19:00:00,OTT_APP
EVT_004909,U00224,C005,Mirzapur S3,Thriller,41.2,55,75.0,Tablet,Free,Hyderabad,Tier 2,2024-02-15 23:00:00,OTT_APP
EVT_004910,U00463,C004,Panchayat S3,Series,22.5,30,75.0,Mobile,Free,Delhi,Tier 1,2024-02-11 18:00:00,OTT_APP
EVT_004911,U00067,C005,Mirzapur S3,Thriller,41.2,55,75.0,Tablet,Annual,Hyderabad,Tier 2,2024-01-15 19:00:00,OTT_APP
EVT_004912,U00304,C005,Mirzapur S3,Thriller,27.5,55,50.0,Smart TV,Annual,Bangalore,Tier 1,2024-02-23 11:00:00,OTT_APP
EVT_004913,U00429,C005,Mirzapur S3,Thriller,27.5,55,50.0,Mobile,Annual,Bangalore,Tier 1,2024-03-08 17:00:00,OTT_APP
EVT_004914,U00047,C005,Mirzapur S3,Thriller,27.5,55,50.0,Mobile,Basic,Bangalore,Tier 1,2024-03-02 07:00:00,OTT_APP
EVT_004915,U00439,C004,Panchayat S3,Series,30.0,30,100.0,Smart TV,Free,Hyderabad,Tier 2,2024-01-08 16:00:00,OTT_APP
EVT_004916,U00469,C002,KBC Season 15,GameShow,45.0,60,75.0,Smart TV,Free,Bangalore,Tier 1,2024-01-21 09:00:00,OTT_APP
EVT_004917,U00461,C003,IPL 2024 Final,Sports,157.5,210,75.0,Tablet,Annual,Hyderabad,Tier 2,2024-01-06 14:00:00,OTT_APP
EVT_004918,U00078,C002,KBC Season 15,GameShow,60.0,60,100.0,Mobile,Free,Chennai,Tier 1,2024-02-23 11:00:00,OTT_APP
EVT_004919,U00309,C004,Panchayat S3,Series,15.0,30,50.0,Smart TV,Premium,Bangalore,Tier 1,2024-01-28 13:00:00,OTT_APP
EVT_004920,U00197,C001,Anupamaa S1,Series,33.8,45,75.0,Smart TV,Premium,Chennai,Tier 1,2024-01-25 10:00:00,OTT_APP
EVT_004921,U00121,C002,KBC Season 15,GameShow,45.0,60,75.0,Mobile,Annual,Mumbai,Tier 1,2024-02-05 06:00:00,OTT_APP
EVT_004922,U00034,C003,IPL 2024 Final,Sports,105.0,210,50.0,Tablet,Basic,Hyderabad,Tier 2,2024-03-08 15:00:00,OTT_APP
EVT_004923,U00098,C001,Anupamaa S1,Series,11.2,45,25.0,Tablet,Free,Chennai,Tier 1,2024-03-08 15:00:00,OTT_APP
EVT_004924,U00378,C004,Panchayat S3,Series,15.0,30,50.0,Smart TV,Basic,Mumbai,Tier 1,2024-03-17 12:00:00,OTT_APP
EVT_004925,U00013,C005,Mirzapur S3,Thriller,13.8,55,25.0,Smart TV,Premium,Hyderabad,Tier 2,2024-03-22 20:00:00,OTT_APP
EVT_004926,U00465,C003,IPL 2024 Final,Sports,52.5,210,25.0,Mobile,Annual,Delhi,Tier 1,2024-01-12 06:00:00,OTT_APP
EVT_004927,U00347,C004,Panchayat S3,Series,7.5,30,25.0,Tablet,Basic,Hyderabad,Tier 2,2024-01-23 13:00:00,OTT_APP
EVT_004928,U00251,C002,KBC Season 15,GameShow,60.0,60,100.0,Laptop,Premium,Bangalore,Tier 1,2024-03-01 13:00:00,OTT_APP
EVT_004929,,C003,IPL 2024 Final,Sports,105.0,210,50.0,Laptop,Premium,Bangalore,Tier 1,2024-01-09 20:00:00,OTT_APP
EVT_004930,U00286,C004,Panchayat S3,Series,30.0,30,100.0,Mobile,Premium,Chennai,Tier 1,2024-02-11 15:00:00,OTT_APP
EVT_004931,U00220,C004,Panchayat S3,Series,30.0,30,100.0,Mobile,Premium,Delhi,Tier 1,2024-02-19 19:00:00,OTT_APP
EVT_004932,U00092,C002,KBC Season 15,GameShow,45.0,60,75.0,Laptop,Free,Hyderabad,Tier 2,2024-01-17 14:00:00,OTT_APP
EVT_004933,U00107,C002,KBC Season 15,GameShow,60.0,60,100.0,Tablet,Basic,Chennai,Tier 1,2024-01-08 09:00:00,OTT_APP
EVT_004934,U00317,C002,KBC Season 15,GameShow,45.0,60,75.0,Tablet,Basic,Bangalore,Tier 1,2024-01-21 21:00:00,OTT_APP
EVT_004935,U00361,C003,IPL 2024 Final,Sports,210.0,210,100.0,Mobile,Basic,Bangalore,Tier 1,2024-01-25 12:00:00,OTT_APP
EVT_004936,U00471,C005,Mirzapur S3,Thriller,55.0,55,100.0,Mobile,Free,Mumbai,Tier 1,2024-01-29 20:00:00,OTT_APP
EVT_004937,U00291,C002,KBC Season 15,GameShow,60.0,60,100.0,Tablet,Premium,Chennai,Tier 1,2024-03-17 13:00:00,OTT_APP
EVT_004938,U00044,C004,Panchayat S3,Series,22.5,30,75.0,Mobile,Annual,Mumbai,Tier 1,2024-02-06 11:00:00,OTT_APP
EVT_004939,U00439,C002,KBC Season 15,GameShow,60.0,60,100.0,Tablet,Free,Mumbai,Tier 1,2024-03-31 18:00:00,OTT_APP
EVT_004940,U00202,C001,Anupamaa S1,Series,11.2,45,25.0,Tablet,Basic,Chennai,Tier 1,2024-02-02 12:00:00,OTT_APP
EVT_004941,U00384,C004,Panchayat S3,Series,15.0,30,50.0,Laptop,Free,Chennai,Tier 1,2024-01-27 11:00:00,OTT_APP
EVT_004942,U00238,C003,IPL 2024 Final,Sports,52.5,210,25.0,Smart TV,Basic,Mumbai,Tier 1,2024-03-21 07:00:00,OTT_APP
EVT_004943,U00081,C004,Panchayat S3,Series,15.0,30,50.0,Laptop,Free,Hyderabad,Tier 2,2024-01-31 16:00:00,OTT_APP
EVT_004944,U00343,C005,Mirzapur S3,Thriller,55.0,55,100.0,Laptop,Free,Bangalore,Tier 1,2024-03-10 16:00:00,OTT_APP
EVT_004945,U00385,C001,Anupamaa S1,Series,33.8,45,75.0,Tablet,Basic,Delhi,Tier 1,2024-01-25 23:00:00,OTT_APP
EVT_004946,U00341,C001,Anupamaa S1,Series,11.2,45,25.0,Laptop,Basic,Hyderabad,Tier 2,2024-01-06 07:00:00,OTT_APP
EVT_004947,U00478,C002,KBC Season 15,GameShow,30.0,60,50.0,Laptop,Premium,Bangalore,Tier 1,2024-03-23 21:00:00,OTT_APP
EVT_004948,U00246,C003,IPL 2024 Final,Sports,105.0,210,50.0,Smart TV,Premium,Hyderabad,Tier 2,2024-02-22 09:00:00,OTT_APP
EVT_004949,U00412,C004,Panchayat S3,Series,22.5,30,75.0,Laptop,Basic,Delhi,Tier 1,2024-02-07 14:00:00,OTT_APP
EVT_004950,U00333,C002,KBC Season 15,GameShow,15.0,60,25.0,Laptop,Premium,Chennai,Tier 1,2024-02-18 17:00:00,OTT_APP
EVT_004951,U00062,C001,Anupamaa S1,Series,22.5,45,50.0,Laptop,Premium,Bangalore,Tier 1,2024-01-26 16:00:00,OTT_APP
EVT_004952,U00056,C004,Panchayat S3,Series,15.0,30,50.0,Laptop,Annual,Mumbai,Tier 1,2024-03-06 17:00:00,OTT_APP
EVT_004953,U00468,C005,Mirzapur S3,Thriller,41.2,55,75.0,Laptop,Premium,Chennai,Tier 1,2024-03-31 17:00:00,OTT_APP
EVT_004954,U00230,C004,Panchayat S3,Series,7.5,30,25.0,Tablet,Basic,Delhi,Tier 1,2024-03-31 13:00:00,OTT_APP
EVT_004955,U00132,C002,KBC Season 15,GameShow,45.0,60,75.0,Smart TV,Free,Bangalore,Tier 1,2024-02-04 22:00:00,OTT_APP
EVT_004956,U00048,C001,Anupamaa S1,Series,33.8,45,75.0,Tablet,Premium,Delhi,Tier 1,2024-01-17 16:00:00,OTT_APP
EVT_004957,U00430,C003,IPL 2024 Final,Sports,105.0,210,50.0,Smart TV,Annual,Hyderabad,Tier 2,2024-03-22 17:00:00,OTT_APP
EVT_004958,U00140,C002,KBC Season 15,GameShow,30.0,60,50.0,Mobile,Premium,Bangalore,Tier 1,2024-02-22 07:00:00,OTT_APP
EVT_004959,U00095,C002,KBC Season 15,GameShow,60.0,60,100.0,Laptop,Free,Chennai,Tier 1,2024-01-28 07:00:00,OTT_APP
EVT_004960,U00303,C005,Mirzapur S3,Thriller,13.8,55,25.0,Smart TV,Free,Bangalore,Tier 1,2024-01-20 11:00:00,OTT_APP
EVT_004961,U00160,C001,Anupamaa S1,Series,33.8,45,75.0,Smart TV,Basic,Delhi,Tier 1,2024-02-16 10:00:00,OTT_APP
EVT_004962,U00367,C002,KBC Season 15,GameShow,45.0,60,75.0,Tablet,Annual,Chennai,Tier 1,2024-01-05 08:00:00,OTT_APP
EVT_004963,U00347,C002,KBC Season 15,GameShow,45.0,60,75.0,Tablet,Basic,Mumbai,Tier 1,2024-02-28 19:00:00,OTT_APP
EVT_004964,U00479,C005,Mirzapur S3,Thriller,13.8,55,25.0,Smart TV,Premium,Hyderabad,Tier 2,2024-02-29 23:00:00,OTT_APP
EVT_004965,U00487,C004,Panchayat S3,Series,15.0,30,50.0,Laptop,Basic,Hyderabad,Tier 2,2024-01-04 07:00:00,OTT_APP
EVT_004966,U00312,C003,IPL 2024 Final,Sports,105.0,210,50.0,Tablet,Basic,Bangalore,Tier 1,2024-02-20 18:00:00,OTT_APP
EVT_004967,,C004,Panchayat S3,Series,30.0,30,100.0,Laptop,Basic,Mumbai,Tier 1,2024-03-28 15:00:00,OTT_APP
EVT_004968,U00172,C003,IPL 2024 Final,Sports,210.0,210,100.0,Smart TV,Premium,Mumbai,Tier 1,2024-03-08 16:00:00,OTT_APP
EVT_004969,U00195,C004,Panchayat S3,Series,7.5,30,25.0,Smart TV,Basic,Bangalore,Tier 1,2024-01-24 18:00:00,OTT_APP
EVT_004970,U00324,C002,KBC Season 15,GameShow,30.0,60,50.0,Tablet,Annual,Delhi,Tier 1,2024-03-03 13:00:00,OTT_APP
EVT_004971,U00493,C005,Mirzapur S3,Thriller,55.0,55,100.0,Mobile,Premium,Hyderabad,Tier 2,2024-01-22 21:00:00,OTT_APP
EVT_004972,U00449,C004,Panchayat S3,Series,7.5,30,25.0,Laptop,Annual,Delhi,Tier 1,2024-02-02 14:00:00,OTT_APP
EVT_004973,U00307,C004,Panchayat S3,Series,7.5,30,25.0,Laptop,Free,Chennai,Tier 1,2024-01-13 15:00:00,OTT_APP
EVT_004974,U00087,C005,Mirzapur S3,Thriller,13.8,55,25.0,Laptop,Annual,Bangalore,Tier 1,2024-03-06 18:00:00,OTT_APP
EVT_004975,U00456,C005,Mirzapur S3,Thriller,55.0,55,100.0,Mobile,Basic,Chennai,Tier 1,2024-02-02 14:00:00,OTT_APP
EVT_004976,U00214,C005,Mirzapur S3,Thriller,27.5,55,50.0,Mobile,Basic,Hyderabad,Tier 2,2024-02-24 16:00:00,OTT_APP
EVT_004977,U00357,C003,IPL 2024 Final,Sports,105.0,210,50.0,Smart TV,Free,Hyderabad,Tier 2,2024-03-10 13:00:00,OTT_APP
EVT_004978,U00297,C005,Mirzapur S3,Thriller,27.5,55,50.0,Smart TV,Premium,Mumbai,Tier 1,2024-01-16 18:00:00,OTT_APP
EVT_004979,U00253,C004,Panchayat S3,Series,15.0,30,50.0,Laptop,Basic,Mumbai,Tier 1,2024-01-18 12:00:00,OTT_APP
EVT_004980,U00082,C005,Mirzapur S3,Thriller,41.2,55,75.0,Mobile,Free,Mumbai,Tier 1,2024-01-12 11:00:00,OTT_APP
EVT_004981,U00016,C004,Panchayat S3,Series,15.0,30,50.0,Mobile,Basic,Hyderabad,Tier 2,2024-02-16 11:00:00,OTT_APP
EVT_004982,U00038,C002,KBC Season 15,GameShow,45.0,60,75.0,Smart TV,Basic,Chennai,Tier 1,2024-01-20 12:00:00,OTT_APP
EVT_004983,U00150,C004,Panchayat S3,Series,22.5,30,75.0,Mobile,Basic,Delhi,Tier 1,2024-03-27 08:00:00,OTT_APP
EVT_004984,U00063,C001,Anupamaa S1,Series,11.2,45,25.0,Laptop,Annual,Mumbai,Tier 1,2024-01-24 13:00:00,OTT_APP
EVT_004985,U00310,C002,KBC Season 15,GameShow,15.0,60,25.0,Mobile,Basic,Mumbai,Tier 1,2024-01-24 17:00:00,OTT_APP
EVT_004986,U00205,C001,Anupamaa S1,Series,33.8,45,75.0,Mobile,Free,Bangalore,Tier 1,2024-03-03 16:00:00,OTT_APP
EVT_004987,U00488,C001,Anupamaa S1,Series,33.8,45,75.0,Laptop,Annual,Hyderabad,Tier 2,2024-03-22 08:00:00,OTT_APP
EVT_004988,U00436,C003,IPL 2024 Final,Sports,210.0,210,100.0,Tablet,Basic,Delhi,Tier 1,2024-01-23 15:00:00,OTT_APP
EVT_004989,U00191,C003,IPL 2024 Final,Sports,210.0,210,100.0,Mobile,Premium,Hyderabad,Tier 2,2024-03-02 09:00:00,OTT_APP
EVT_004990,U00059,C003,IPL 2024 Final,Sports,157.5,210,75.0,Laptop,Free,Chennai,Tier 1,2024-02-25 09:00:00,OTT_APP
EVT_004991,U00273,C005,Mirzapur S3,Thriller,27.5,55,50.0,Smart TV,Free,Delhi,Tier 1,2024-03-02 10:00:00,OTT_APP
EVT_004992,U00005,C003,IPL 2024 Final,Sports,52.5,210,25.0,Smart TV,Premium,Hyderabad,Tier 2,2024-01-31 22:00:00,OTT_APP
EVT_004993,U00058,C005,Mirzapur S3,Thriller,41.2,55,75.0,Laptop,Free,Delhi,Tier 1,2024-01-27 11:00:00,OTT_APP
EVT_004994,,C001,Anupamaa S1,Series,22.5,45,50.0,Tablet,Free,Hyderabad,Tier 2,2024-03-31 12:00:00,OTT_APP
EVT_004995,U00197,C005,Mirzapur S3,Thriller,27.5,55,50.0,Smart TV,Premium,Chennai,Tier 1,2024-01-24 20:00:00,OTT_APP
EVT_004996,U00113,C002,KBC Season 15,GameShow,45.0,60,75.0,Mobile,Free,Mumbai,Tier 1,2024-01-21 08:00:00,OTT_APP
EVT_004997,U00271,C004,Panchayat S3,Series,15.0,30,50.0,Smart TV,Basic,Chennai,Tier 1,2024-02-07 11:00:00,OTT_APP
EVT_004998,,C004,Panchayat S3,Series,15.0,30,50.0,Laptop,Free,Mumbai,Tier 1,2024-01-13 08:00:00,OTT_APP
EVT_004999,U00378,C001,Anupamaa S1,Series,45.0,45,100.0,Smart TV,Free,Bangalore,Tier 1,2024-03-09 19:00:00,OTT_APP
EVT_005000,U00204,C002,KBC Season 15,GameShow,30.0,60,50.0,Tablet,Basic,Chennai,Tier 1,2024-01-25 22:00:00,OTT_APP
EVT_000246,U00061,C001,Anupamaa S1,Series,33.8,45,75.0,Smart TV,Annual,Hyderabad,Tier 2,2024-01-18 17:00:00,OTT_APP
EVT_004494,U00487,C005,Mirzapur S3,Thriller,41.2,55,75.0,Laptop,Free,Mumbai,Tier 1,2024-01-01 22:00:00,OTT_APP
EVT_004584,U00180,C001,Anupamaa S1,Series,33.8,45,75.0,Mobile,Free,Hyderabad,Tier 2,2024-03-05 23:00:00,OTT_APP
EVT_002243,U00405,C003,IPL 2024 Final,Sports,157.5,210,75.0,Tablet,Free,Delhi,Tier 1,2024-03-04 07:00:00,OTT_APP
EVT_003408,,C005,Mirzapur S3,Thriller,27.5,55,50.0,Mobile,Annual,Chennai,Tier 1,2024-01-26 09:00:00,OTT_APP
EVT_000808,U00500,C002,KBC Season 15,GameShow,45.0,60,75.0,Laptop,Annual,Hyderabad,Tier 2,2024-03-15 06:00:00,OTT_APP
EVT_000694,U00069,C004,Panchayat S3,Series,30.0,30,100.0,Mobile,Premium,Mumbai,Tier 1,2024-02-07 21:00:00,OTT_APP
EVT_000516,U00152,C002,KBC Season 15,GameShow,45.0,60,75.0,Smart TV,Premium,Delhi,Tier 1,2024-02-20 23:00:00,OTT_APP
EVT_003225,U00029,C003,IPL 2024 Final,Sports,210.0,210,100.0,Tablet,Annual,Hyderabad,Tier 2,2024-03-21 20:00:00,OTT_APP
EVT_000550,U00481,C003,IPL 2024 Final,Sports,210.0,210,100.0,Laptop,Annual,Hyderabad,Tier 2,2024-02-24 13:00:00,OTT_APP
EVT_004847,U00396,C005,Mirzapur S3,Thriller,55.0,55,100.0,Mobile,Basic,Chennai,Tier 1,2024-03-13 19:00:00,OTT_APP
EVT_003864,U00359,C005,Mirzapur S3,Thriller,27.5,55,50.0,Laptop,Basic,Hyderabad,Tier 2,2024-01-06 15:00:00,OTT_APP
EVT_000030,U00465,C004,Panchayat S3,Series,30.0,30,100.0,Laptop,Free,Hyderabad,Tier 2,2024-03-09 06:00:00,OTT_APP
EVT_003961,U00195,C003,IPL 2024 Final,Sports,210.0,210,100.0,Laptop,Basic,Hyderabad,Tier 2,2024-03-09 11:00:00,OTT_APP
EVT_001445,U00156,C005,Mirzapur S3,Thriller,27.5,55,50.0,Smart TV,Free,Chennai,Tier 1,2024-02-25 21:00:00,OTT_APP
EVT_004314,,C001,Anupamaa S1,Series,11.2,45,25.0,Mobile,Basic,Mumbai,Tier 1,2024-02-29 23:00:00,OTT_APP
EVT_000485,U00375,C005,Mirzapur S3,Thriller,27.5,55,50.0,Smart TV,Free,Hyderabad,Tier 2,2024-01-23 11:00:00,OTT_APP
EVT_003236,U00464,C004,Panchayat S3,Series,22.5,30,75.0,Laptop,Premium,Delhi,Tier 1,2024-01-29 14:00:00,OTT_APP
EVT_001176,U00061,C002,KBC Season 15,GameShow,45.0,60,75.0,Smart TV,Annual,Bangalore,Tier 1,2024-02-01 07:00:00,OTT_APP
EVT_000275,U00195,C001,Anupamaa S1,Series,33.8,45,75.0,Laptop,Annual,Mumbai,Tier 1,2024-01-12 18:00:00,OTT_APP
EVT_004384,U00379,C001,Anupamaa S1,Series,33.8,45,75.0,Laptop,Annual,Bangalore,Tier 1,2024-03-10 15:00:00,OTT_APP
EVT_003547,U00141,C002,KBC Season 15,GameShow,30.0,60,50.0,Smart TV,Annual,Chennai,Tier 1,2024-03-14 06:00:00,OTT_APP
EVT_004627,U00077,C002,KBC Season 15,GameShow,30.0,60,50.0,Laptop,Annual,Chennai,Tier 1,2024-02-12 16:00:00,OTT_APP
EVT_001123,U00121,C002,KBC Season 15,GameShow,15.0,60,25.0,Mobile,Annual,Hyderabad,Tier 2,2024-03-11 12:00:00,OTT_APP
EVT_001590,U00079,C002,KBC Season 15,GameShow,60.0,60,100.0,Tablet,Free,Bangalore,Tier 1,2024-01-12 13:00:00,OTT_APP
EVT_002134,U00442,C003,IPL 2024 Final,Sports,52.5,210,25.0,Mobile,Free,Mumbai,Tier 1,2024-01-04 06:00:00,OTT_APP
EVT_004183,U00499,C003,IPL 2024 Final,Sports,105.0,210,50.0,Laptop,Free,Delhi,Tier 1,2024-02-10 10:00:00,OTT_APP
EVT_003752,U00374,C003,IPL 2024 Final,Sports,52.5,210,25.0,Smart TV,Basic,Chennai,Tier 1,2024-03-07 16:00:00,OTT_APP
EVT_002637,U00100,C004,Panchayat S3,Series,7.5,30,25.0,Tablet,Annual,Delhi,Tier 1,2024-01-05 13:00:00,OTT_APP
EVT_001962,U00265,C004,Panchayat S3,Series,15.0,30,50.0,Mobile,Premium,Bangalore,Tier 1,2024-02-13 23:00:00,OTT_APP
EVT_003880,U00225,C004,Panchayat S3,Series,22.5,30,75.0,Laptop,Premium,Delhi,Tier 1,2024-01-25 16:00:00,OTT_APP
EVT_000089,U00328,C005,Mirzapur S3,Thriller,13.8,55,25.0,Laptop,Premium,Bangalore,Tier 1,2024-02-14 15:00:00,OTT_APP
EVT_000988,,C005,Mirzapur S3,Thriller,41.2,55,75.0,Mobile,Premium,Hyderabad,Tier 2,2024-02-13 11:00:00,OTT_APP
EVT_001260,U00198,C001,Anupamaa S1,Series,45.0,45,100.0,Smart TV,Premium,Mumbai,Tier 1,2024-01-30 19:00:00,OTT_APP
EVT_002128,U00246,C002,KBC Season 15,GameShow,45.0,60,75.0,Laptop,Basic,Hyderabad,Tier 2,2024-01-15 23:00:00,OTT_APP
EVT_002137,U00386,C003,IPL 2024 Final,Sports,105.0,210,50.0,Tablet,Premium,Mumbai,Tier 1,2024-03-05 15:00:00,OTT_APP
EVT_002807,U00280,C005,Mirzapur S3,Thriller,55.0,55,100.0,Smart TV,Annual,Bangalore,Tier 1,2024-01-03 11:00:00,OTT_APP
EVT_001613,U00316,C001,Anupamaa S1,Series,45.0,45,100.0,Smart TV,Free,Hyderabad,Tier 2,2024-02-03 15:00:00,OTT_APP
EVT_001442,U00121,C002,KBC Season 15,GameShow,45.0,60,75.0,Laptop,Free,Chennai,Tier 1,2024-03-25 07:00:00,OTT_APP
EVT_001886,U00084,C003,IPL 2024 Final,Sports,52.5,210,25.0,Smart TV,Premium,Hyderabad,Tier 2,2024-02-28 15:00:00,OTT_APP
EVT_004175,U00399,C003,IPL 2024 Final,Sports,52.5,210,25.0,Smart TV,Annual,Chennai,Tier 1,2024-01-15 17:00:00,OTT_APP
EVT_003235,U00400,C001,Anupamaa S1,Series,22.5,45,50.0,Smart TV,Basic,Delhi,Tier 1,2024-01-29 21:00:00,OTT_APP
EVT_001809,U00441,C003,IPL 2024 Final,Sports,52.5,210,25.0,Tablet,Basic,Mumbai,Tier 1,2024-01-20 16:00:00,OTT_APP
EVT_004101,U00001,C003,IPL 2024 Final,Sports,105.0,210,50.0,Tablet,Annual,Mumbai,Tier 1,2024-01-12 18:00:00,OTT_APP
EVT_004133,U00416,C001,Anupamaa S1,Series,45.0,45,100.0,Tablet,Premium,Chennai,Tier 1,2024-02-17 16:00:00,OTT_APP
EVT_001677,U00125,C005,Mirzapur S3,Thriller,41.2,55,75.0,Smart TV,Premium,Chennai,Tier 1,2024-01-14 08:00:00,OTT_APP
EVT_004793,U00404,C003,IPL 2024 Final,Sports,157.5,210,75.0,Mobile,Basic,Chennai,Tier 1,2024-01-13 22:00:00,OTT_APP
EVT_004717,U00032,C005,Mirzapur S3,Thriller,41.2,55,75.0,Tablet,Basic,Mumbai,Tier 1,2024-01-13 12:00:00,OTT_APP
EVT_004909,U00224,C005,Mirzapur S3,Thriller,41.2,55,75.0,Tablet,Free,Hyderabad,Tier 2,2024-02-15 23:00:00,OTT_APP
EVT_004568,U00248,C002,KBC Season 15,GameShow,45.0,60,75.0,Laptop,Free,Delhi,Tier 1,2024-02-06 13:00:00,OTT_APP
EVT_004056,U00395,C003,IPL 2024 Final,Sports,105.0,210,50.0,Laptop,Basic,Chennai,Tier 1,2024-03-17 07:00:00,OTT_APP
EVT_004162,U00043,C005,Mirzapur S3,Thriller,41.2,55,75.0,Laptop,Free,Delhi,Tier 1,2024-02-17 14:00:00,OTT_APP
EVT_003631,U00163,C003,IPL 2024 Final,Sports,52.5,210,25.0,Smart TV,Free,Delhi,Tier 1,2024-03-12 14:00:00,OTT_APP
EVT_004630,U00164,C005,Mirzapur S3,Thriller,27.5,55,50.0,Laptop,Free,Bangalore,Tier 1,2024-03-15 06:00:00,OTT_APP
EVT_002136,U00030,C001,Anupamaa S1,Series,22.5,45,50.0,Mobile,Basic,Hyderabad,Tier 2,2024-03-23 17:00:00,OTT_APP
EVT_004921,U00121,C002,KBC Season 15,GameShow,45.0,60,75.0,Mobile,Annual,Mumbai,Tier 1,2024-02-05 06:00:00,OTT_APP
EVT_002154,U00485,C003,IPL 2024 Final,Sports,210.0,210,100.0,Tablet,Premium,Bangalore,Tier 1,2024-01-21 17:00:00,OTT_APP
EVT_004723,U00363,C005,Mirzapur S3,Thriller,55.0,55,100.0,Laptop,Annual,Bangalore,Tier 1,2024-03-22 19:00:00,OTT_APP
EVT_003848,U00058,C002,KBC Season 15,GameShow,30.0,60,50.0,Laptop,Free,Mumbai,Tier 1,2024-01-18 11:00:00,OTT_APP
EVT_003135,U00440,C003,IPL 2024 Final,Sports,157.5,210,75.0,Mobile,Basic,Hyderabad,Tier 2,2024-02-16 13:00:00,OTT_APP
EVT_002417,U00017,C002,KBC Season 15,GameShow,60.0,60,100.0,Laptop,Basic,Chennai,Tier 1,2024-02-12 12:00:00,OTT_APP
EVT_003837,U00248,C004,Panchayat S3,Series,15.0,30,50.0,Laptop,Annual,Hyderabad,Tier 2,2024-02-17 06:00:00,OTT_APP
EVT_002508,U00491,C002,KBC Season 15,GameShow,45.0,60,75.0,Laptop,Premium,Mumbai,Tier 1,2024-02-06 16:00:00,OTT_APP
EVT_002146,U00034,C001,Anupamaa S1,Series,45.0,45,100.0,Mobile,Premium,Hyderabad,Tier 2,2024-01-24 10:00:00,OTT_APP
EVT_001631,U00326,C005,Mirzapur S3,Thriller,41.2,55,75.0,Mobile,Basic,Bangalore,Tier 1,2024-02-22 12:00:00,OTT_APP
EVT_001409,U00421,C001,Anupamaa S1,Series,22.5,45,50.0,Tablet,Annual,Mumbai,Tier 1,2024-02-12 09:00:00,OTT_APP
EVT_001887,U00189,C001,Anupamaa S1,Series,90.0,45,25.0,Smart TV,Premium,Chennai,Tier 1,2024-03-11 21:00:00,OTT_APP
EVT_003596,U00069,C004,Panchayat S3,Series,15.0,30,50.0,Laptop,Annual,Chennai,Tier 1,2024-02-21 09:00:00,OTT_APP
EVT_002412,U00174,C003,IPL 2024 Final,Sports,105.0,210,50.0,Smart TV,Basic,Chennai,Tier 1,2024-02-06 20:00:00,OTT_APP
EVT_003224,U00363,C004,Panchayat S3,Series,22.5,30,75.0,Laptop,Premium,Hyderabad,Tier 2,2024-01-08 07:00:00,OTT_APP
EVT_003940,U00366,C001,Anupamaa S1,Series,33.8,45,75.0,Laptop,Basic,Hyderabad,Tier 2,2024-02-17 12:00:00,OTT_APP
EVT_000347,U00068,C005,Mirzapur S3,Thriller,13.8,55,25.0,Laptop,Annual,Mumbai,Tier 1,2024-02-16 16:00:00,OTT_APP
EVT_003112,U00042,C002,KBC Season 15,GameShow,45.0,60,75.0,Mobile,Basic,Hyderabad,Tier 2,2024-01-20 11:00:00,OTT_APP
EVT_002180,U00394,C001,Anupamaa S1,Series,22.5,45,50.0,Smart TV,Premium,Delhi,Tier 1,2024-01-13 11:00:00,OTT_APP
EVT_001213,U00005,C003,IPL 2024 Final,Sports,210.0,210,100.0,Mobile,Annual,Delhi,Tier 1,2024-02-21 17:00:00,OTT_APP
EVT_002542,U00434,C005,Mirzapur S3,Thriller,27.5,55,50.0,Smart TV,Annual,Bangalore,Tier 1,2024-01-25 10:00:00,OTT_APP
EVT_000857,U00354,C003,IPL 2024 Final,Sports,52.5,210,25.0,Mobile,Free,Delhi,Tier 1,2024-01-11 19:00:00,OTT_APP
EVT_003445,U00075,C003,IPL 2024 Final,Sports,157.5,210,75.0,Tablet,Premium,Mumbai,Tier 1,2024-01-15 12:00:00,OTT_APP
EVT_001958,U00124,C004,Panchayat S3,Series,22.5,30,75.0,Tablet,Annual,Hyderabad,Tier 2,2024-02-22 11:00:00,OTT_APP
EVT_000044,U00285,C003,IPL 2024 Final,Sports,105.0,210,50.0,Mobile,Basic,Hyderabad,Tier 2,2024-03-30 14:00:00,OTT_APP
EVT_004002,U00406,C001,Anupamaa S1,Series,33.8,45,75.0,Mobile,Annual,Bangalore,Tier 1,2024-01-01 14:00:00,OTT_APP
EVT_003879,U00363,C001,Anupamaa S1,Series,45.0,45,100.0,Smart TV,Free,Mumbai,Tier 1,2024-02-18 14:00:00,OTT_APP
EVT_003977,U00206,C005,Mirzapur S3,Thriller,41.2,55,75.0,Laptop,Basic,Hyderabad,Tier 2,2024-01-27 21:00:00,OTT_APP
EVT_002752,U00103,C004,Panchayat S3,Series,7.5,30,25.0,Tablet,Premium,Hyderabad,Tier 2,2024-02-08 20:00:00,OTT_APP
EVT_003554,U00049,C004,Panchayat S3,Series,7.5,30,25.0,Smart TV,Free,Bangalore,Tier 1,2024-02-02 18:00:00,OTT_APP
EVT_004145,U00460,C002,KBC Season 15,GameShow,15.0,60,25.0,Smart TV,Basic,Bangalore,Tier 1,2024-01-06 07:00:00,OTT_APP
EVT_000646,U00168,C003,IPL 2024 Final,Sports,157.5,210,75.0,Smart TV,Basic,Chennai,Tier 1,2024-03-10 10:00:00,OTT_APP
EVT_000530,U00257,C005,Mirzapur S3,Thriller,41.2,55,75.0,Mobile,Annual,Chennai,Tier 1,2024-01-18 20:00:00,OTT_APP
EVT_004033,U00356,C004,Panchayat S3,Series,15.0,30,50.0,Laptop,Free,Delhi,Tier 1,2024-03-16 23:00:00,OTT_APP
EVT_001218,U00381,C002,KBC Season 15,GameShow,30.0,60,50.0,Tablet,Free,Delhi,Tier 1,2024-02-20 19:00:00,OTT_APP
EVT_000203,U00145,C002,KBC Season 15,GameShow,30.0,60,50.0,Laptop,Annual,Chennai,Tier 1,2024-01-07 07:00:00,OTT_APP
EVT_001304,U00034,C004,Panchayat S3,Series,30.0,30,100.0,Tablet,Premium,Delhi,Tier 1,2024-02-21 16:00:00,OTT_APP
EVT_000868,U00439,C002,KBC Season 15,GameShow,45.0,60,75.0,Mobile,Annual,Chennai,Tier 1,2024-02-24 12:00:00,OTT_APP
EVT_004230,U00320,C004,Panchayat S3,Series,22.5,30,75.0,Mobile,Basic,Delhi,Tier 1,2024-01-24 11:00:00,OTT_APP
EVT_004902,U00421,C005,Mirzapur S3,Thriller,41.2,55,75.0,Mobile,Free,Hyderabad,Tier 2,2024-01-31 13:00:00,OTT_APP
EVT_004364,U00207,C004,Panchayat S3,Series,15.0,30,50.0,Laptop,Basic,Hyderabad,Tier 2,2024-02-21 07:00:00,OTT_APP
EVT_004747,U00181,C004,Panchayat S3,Series,60.0,30,25.0,Tablet,Annual,Hyderabad,Tier 2,2024-03-20 13:00:00,OTT_APP
EVT_003570,U00261,C003,IPL 2024 Final,Sports,210.0,210,100.0,Mobile,Annual,Bangalore,Tier 1,2024-01-28 11:00:00,OTT_APP
EVT_001977,U00413,C001,Anupamaa S1,Series,33.8,45,75.0,Laptop,Basic,Chennai,Tier 1,2024-01-29 11:00:00,OTT_APP
EVT_000098,U00275,C005,Mirzapur S3,Thriller,27.5,55,50.0,Mobile,Annual,Bangalore,Tier 1,2024-01-02 14:00:00,OTT_APP
EVT_004643,U00461,C002,KBC Season 15,GameShow,30.0,60,50.0,Smart TV,Basic,Hyderabad,Tier 2,2024-01-22 23:00:00,OTT_APP
EVT_002651,U00121,C005,Mirzapur S3,Thriller,41.2,55,75.0,Mobile,Basic,Chennai,Tier 1,2024-03-03 11:00:00,OTT_APP
EVT_004120,U00165,C005,Mirzapur S3,Thriller,13.8,55,25.0,Tablet,Free,Delhi,Tier 1,2024-01-26 22:00:00,OTT_APP
EVT_000423,U00498,C003,IPL 2024 Final,Sports,105.0,210,50.0,Smart TV,Basic,Bangalore,Tier 1,2024-03-30 09:00:00,OTT_APP
EVT_000047,,C003,IPL 2024 Final,Sports,157.5,210,75.0,Tablet,Annual,Chennai,Tier 1,2024-03-01 23:00:00,OTT_APP
EVT_001454,U00258,C002,KBC Season 15,GameShow,45.0,60,75.0,Mobile,Free,Chennai,Tier 1,2024-02-10 23:00:00,OTT_APP
EVT_001208,U00488,C002,KBC Season 15,GameShow,15.0,60,25.0,Mobile,Annual,Delhi,Tier 1,2024-03-06 17:00:00,OTT_APP
EVT_002403,U00409,C003,IPL 2024 Final,Sports,210.0,210,100.0,Laptop,Free,Hyderabad,Tier 2,2024-02-02 23:00:00,OTT_APP
EVT_003448,U00296,C005,Mirzapur S3,Thriller,55.0,55,100.0,Mobile,Premium,Delhi,Tier 1,2024-03-08 22:00:00,OTT_APP
EVT_001979,U00236,C001,Anupamaa S1,Series,22.5,45,50.0,Smart TV,Basic,Bangalore,Tier 1,2024-01-29 13:00:00,OTT_APP
EVT_003306,U00428,C005,Mirzapur S3,Thriller,27.5,55,50.0,Mobile,Premium,Delhi,Tier 1,2024-02-15 18:00:00,OTT_APP
EVT_004070,U00391,C002,KBC Season 15,GameShow,45.0,60,75.0,Tablet,Premium,Delhi,Tier 1,2024-02-24 17:00:00,OTT_APP
EVT_002461,U00109,C003,IPL 2024 Final,Sports,105.0,210,50.0,Smart TV,Premium,Mumbai,Tier 1,2024-02-28 11:00:00,OTT_APP
EVT_003499,U00473,C005,Mirzapur S3,Thriller,41.2,55,75.0,Tablet,Basic,Hyderabad,Tier 2,2024-01-30 07:00:00,OTT_APP
EVT_001125,U00041,C003,IPL 2024 Final,Sports,157.5,210,75.0,Tablet,Annual,Delhi,Tier 1,2024-02-04 21:00:00,OTT_APP
EVT_003984,U00085,C004,Panchayat S3,Series,30.0,30,100.0,Smart TV,Basic,Bangalore,Tier 1,2024-01-08 06:00:00,OTT_APP
EVT_002638,U00010,C003,IPL 2024 Final,Sports,52.5,210,25.0,Tablet,Basic,Bangalore,Tier 1,2024-01-27 09:00:00,OTT_APP
EVT_002450,U00296,C004,Panchayat S3,Series,30.0,30,100.0,Smart TV,Annual,Chennai,Tier 1,2024-02-28 22:00:00,OTT_APP
EVT_003987,U00173,C001,Anupamaa S1,Series,45.0,45,100.0,Mobile,Annual,Delhi,Tier 1,2024-03-05 06:00:00,OTT_APP
EVT_003173,U00243,C002,KBC Season 15,GameShow,60.0,60,100.0,Tablet,Basic,Chennai,Tier 1,2024-01-03 19:00:00,OTT_APP
EVT_001812,U00074,C002,KBC Season 15,GameShow,45.0,60,75.0,Tablet,Free,Chennai,Tier 1,2024-03-12 11:00:00,OTT_APP
EVT_002194,U00329,C004,Panchayat S3,Series,22.5,30,75.0,Laptop,Basic,Bangalore,Tier 1,2024-02-23 06:00:00,OTT_APP
EVT_003188,U00383,C005,Mirzapur S3,Thriller,41.2,55,75.0,Tablet,Annual,Bangalore,Tier 1,2024-02-09 20:00:00,OTT_APP
EVT_004700,U00324,C004,Panchayat S3,Series,7.5,30,25.0,Mobile,Basic,Delhi,Tier 1,2024-01-10 14:00:00,OTT_APP
EVT_002652,U00277,C003,IPL 2024 Final,Sports,157.5,210,75.0,Tablet,Annual,Delhi,Tier 1,2024-01-06 10:00:00,OTT_APP
EVT_000538,U00226,C004,Panchayat S3,Series,30.0,30,100.0,Smart TV,Basic,Mumbai,Tier 1,2024-03-05 10:00:00,OTT_APP
EVT_001684,U00186,C002,KBC Season 15,GameShow,15.0,60,25.0,Tablet,Basic,Bangalore,Tier 1,2024-01-30 20:00:00,OTT_APP
EVT_003098,U00329,C001,Anupamaa S1,Series,11.2,45,25.0,Smart TV,Free,Bangalore,Tier 1,2024-03-04 12:00:00,OTT_APP
EVT_002409,U00237,C003,IPL 2024 Final,Sports,157.5,210,75.0,Tablet,Basic,Bangalore,Tier 1,2024-03-09 07:00:00,OTT_APP
EVT_003218,U00435,C004,Panchayat S3,Series,15.0,30,50.0,Laptop,Basic,Hyderabad,Tier 2,2024-01-27 09:00:00,OTT_APP
EVT_004300,U00352,C005,Mirzapur S3,Thriller,27.5,55,50.0,Smart TV,Free,Hyderabad,Tier 2,2024-03-01 14:00:00,OTT_APP
EVT_001524,U00145,C005,Mirzapur S3,Thriller,27.5,55,50.0,Tablet,Free,Bangalore,Tier 1,2024-01-06 11:00:00,OTT_APP
EVT_004884,U00129,C005,Mirzapur S3,Thriller,27.5,55,50.0,Mobile,Annual,Delhi,Tier 1,2024-03-21 08:00:00,OTT_APP
EVT_001401,U00289,C003,IPL 2024 Final,Sports,210.0,210,100.0,Laptop,Premium,Hyderabad,Tier 2,2024-02-09 11:00:00,OTT_APP
EVT_004479,U00106,C001,Anupamaa S1,Series,11.2,45,25.0,Tablet,Premium,Chennai,Tier 1,2024-03-24 14:00:00,OTT_APP
EVT_004332,U00097,C005,Mirzapur S3,Thriller,13.8,55,25.0,Laptop,Free,Mumbai,Tier 1,2024-01-01 06:00:00,OTT_APP
EVT_003239,U00227,C003,IPL 2024 Final,Sports,105.0,210,50.0,Smart TV,Free,Bangalore,Tier 1,2024-01-02 21:00:00,OTT_APP
EVT_002294,U00029,C002,KBC Season 15,GameShow,45.0,60,75.0,Tablet,Basic,Bangalore,Tier 1,2024-01-09 11:00:00,OTT_APP
EVT_002157,U00259,C004,Panchayat S3,Series,30.0,30,100.0,Mobile,Basic,Chennai,Tier 1,2024-03-06 22:00:00,OTT_APP
EVT_004535,U00420,C004,Panchayat S3,Series,30.0,30,100.0,Laptop,Premium,Chennai,Tier 1,2024-01-16 06:00:00,OTT_APP
EVT_000147,U00146,C001,Anupamaa S1,Series,90.0,45,50.0,Tablet,Basic,Hyderabad,Tier 2,2024-03-27 18:00:00,OTT_APP
EVT_004531,U00292,C002,KBC Season 15,GameShow,60.0,60,100.0,Mobile,Basic,Bangalore,Tier 1,2024-01-13 12:00:00,OTT_APP
EVT_001242,U00451,C002,KBC Season 15,GameShow,45.0,60,75.0,Laptop,Premium,Hyderabad,Tier 2,2024-03-30 06:00:00,OTT_APP
EVT_001289,U00414,C004,Panchayat S3,Series,30.0,30,100.0,Smart TV,Free,Hyderabad,Tier 2,2024-01-13 22:00:00,OTT_APP
EVT_000124,U00036,C003,IPL 2024 Final,Sports,52.5,210,25.0,Smart TV,Free,Delhi,Tier 1,2024-03-13 18:00:00,OTT_APP
EVT_002831,U00216,C002,KBC Season 15,GameShow,30.0,60,50.0,Tablet,Premium,Mumbai,Tier 1,2024-01-27 11:00:00,OTT_APP
EVT_004395,U00365,C003,IPL 2024 Final,Sports,210.0,210,100.0,Mobile,Free,Hyderabad,Tier 2,2024-02-22 22:00:00,OTT_APP
EVT_004595,U00160,C005,Mirzapur S3,Thriller,27.5,55,50.0,Laptop,Annual,Chennai,Tier 1,2024-02-04 11:00:00,OTT_APP
EVT_001144,U00033,C001,Anupamaa S1,Series,22.5,45,50.0,Tablet,Free,Bangalore,Tier 1,2024-01-16 14:00:00,OTT_APP
EVT_001414,U00029,C004,Panchayat S3,Series,7.5,30,25.0,Mobile,Premium,Hyderabad,Tier 2,2024-02-26 18:00:00,OTT_APP
EVT_003981,U00291,C001,Anupamaa S1,Series,22.5,45,50.0,Laptop,Premium,Chennai,Tier 1,2024-01-14 20:00:00,OTT_APP
EVT_000331,U00496,C003,IPL 2024 Final,Sports,210.0,210,100.0,Laptop,Basic,Hyderabad,Tier 2,2024-02-20 12:00:00,OTT_APP
EVT_004233,U00141,C005,Mirzapur S3,Thriller,55.0,55,100.0,Mobile,Annual,Chennai,Tier 1,2024-01-21 19:00:00,OTT_APP
EVT_004790,U00134,C004,Panchayat S3,Series,22.5,30,75.0,Laptop,Basic,Hyderabad,Tier 2,2024-03-16 10:00:00,OTT_APP
EVT_003828,U00409,C003,IPL 2024 Final,Sports,210.0,210,100.0,Tablet,Free,Mumbai,Tier 1,2024-03-07 09:00:00,OTT_APP
EVT_004253,U00047,C003,IPL 2024 Final,Sports,157.5,210,75.0,Smart TV,Free,Mumbai,Tier 1,2024-03-14 14:00:00,OTT_APP
EVT_004743,U00206,C003,IPL 2024 Final,Sports,105.0,210,50.0,Tablet,Free,Delhi,Tier 1,2024-02-24 13:00:00,OTT_APP
EVT_001366,U00396,C005,Mirzapur S3,Thriller,27.5,55,50.0,Laptop,Basic,Bangalore,Tier 1,2024-02-05 16:00:00,OTT_APP
EVT_003241,U00330,C003,IPL 2024 Final,Sports,105.0,210,50.0,Mobile,Annual,Mumbai,Tier 1,2024-02-15 10:00:00,OTT_APP
EVT_001149,U00002,C004,Panchayat S3,Series,22.5,30,75.0,Laptop,Annual,Chennai,Tier 1,2024-02-12 09:00:00,OTT_APP
EVT_001825,,C004,Panchayat S3,Series,7.5,30,25.0,Laptop,Free,Mumbai,Tier 1,2024-03-10 20:00:00,OTT_APP
EVT_000706,U00174,C003,IPL 2024 Final,Sports,52.5,210,25.0,Laptop,Basic,Delhi,Tier 1,2024-02-05 06:00:00,OTT_APP
EVT_002290,U00285,C005,Mirzapur S3,Thriller,55.0,55,100.0,Tablet,Premium,Hyderabad,Tier 2,2024-01-27 16:00:00,OTT_APP
EVT_002570,U00478,C001,Anupamaa S1,Series,45.0,45,100.0,Mobile,Free,Chennai,Tier 1,2024-01-20 20:00:00,OTT_APP
EVT_004340,U00296,C004,Panchayat S3,Series,30.0,30,100.0,Tablet,Free,Chennai,Tier 1,2024-03-04 21:00:00,OTT_APP
EVT_003983,U00075,C003,IPL 2024 Final,Sports,52.5,210,25.0,Tablet,Basic,Hyderabad,Tier 2,2024-02-18 11:00:00,OTT_APP
EVT_003117,U00154,C002,KBC Season 15,GameShow,15.0,60,25.0,Tablet,Free,Delhi,Tier 1,2024-03-18 20:00:00,OTT_APP
EVT_002179,U00198,C003,IPL 2024 Final,Sports,105.0,210,50.0,Smart TV,Annual,Hyderabad,Tier 2,2024-01-12 06:00:00,OTT_APP
EVT_001864,U00448,C002,KBC Season 15,GameShow,15.0,60,25.0,Smart TV,Premium,Bangalore,Tier 1,2024-02-23 06:00:00,OTT_APP
EVT_001152,U00348,C003,IPL 2024 Final,Sports,52.5,210,25.0,Laptop,Basic,Chennai,Tier 1,2024-01-06 16:00:00,OTT_APP
EVT_004490,U00312,C004,Panchayat S3,Series,30.0,30,100.0,Mobile,Annual,Delhi,Tier 1,2024-01-25 12:00:00,OTT_APP
EVT_004093,,C004,Panchayat S3,Series,15.0,30,50.0,Laptop,Free,Hyderabad,Tier 2,2024-03-11 23:00:00,OTT_APP
EVT_000832,U00060,C001,Anupamaa S1,Series,33.8,45,75.0,Tablet,Free,Mumbai,Tier 1,2024-01-18 23:00:00,OTT_APP
EVT_003616,U00209,C004,Panchayat S3,Series,7.5,30,25.0,Smart TV,Free,Delhi,Tier 1,2024-03-21 16:00:00,OTT_APP
EVT_002877,U00453,C002,KBC Season 15,GameShow,60.0,60,100.0,Laptop,Annual,Chennai,Tier 1,2024-01-10 20:00:00,OTT_APP
EVT_003437,U00475,C002,KBC Season 15,GameShow,15.0,60,25.0,Tablet,Premium,Delhi,Tier 1,2024-03-29 07:00:00,OTT_APP
EVT_003133,U00328,C005,Mirzapur S3,Thriller,13.8,55,25.0,Mobile,Basic,Delhi,Tier 1,2024-01-08 13:00:00,OTT_APP
EVT_002003,U00060,C001,Anupamaa S1,Series,22.5,45,50.0,Laptop,Annual,Hyderabad,Tier 2,2024-02-17 15:00:00,OTT_APP
EVT_000369,U00359,C002,KBC Season 15,GameShow,30.0,60,50.0,Tablet,Premium,Chennai,Tier 1,2024-02-10 18:00:00,OTT_APP
EVT_001709,,C001,Anupamaa S1,Series,22.5,45,50.0,Tablet,Premium,Chennai,Tier 1,2024-02-21 17:00:00,OTT_APP
EVT_001358,U00163,C004,Panchayat S3,Series,7.5,30,25.0,Tablet,Annual,Bangalore,Tier 1,2024-02-08 14:00:00,OTT_APP
EVT_000938,,C004,Panchayat S3,Series,30.0,30,100.0,Tablet,Free,Delhi,Tier 1,2024-03-04 09:00:00,OTT_APP
EVT_003259,U00033,C003,IPL 2024 Final,Sports,157.5,210,75.0,Laptop,Free,Hyderabad,Tier 2,2024-01-15 19:00:00,OTT_APP
EVT_004900,U00300,C004,Panchayat S3,Series,7.5,30,25.0,Mobile,Basic,Bangalore,Tier 1,2024-02-25 12:00:00,OTT_APP
EVT_003047,U00422,C004,Panchayat S3,Series,7.5,30,25.0,Tablet,Premium,Mumbai,Tier 1,2024-03-09 19:00:00,OTT_APP
EVT_003978,U00050,C005,Mirzapur S3,Thriller,41.2,55,75.0,Laptop,Basic,Delhi,Tier 1,2024-02-09 18:00:00,OTT_APP
EVT_003364,U00143,C002,KBC Season 15,GameShow,45.0,60,75.0,Laptop,Premium,Chennai,Tier 1,2024-01-02 23:00:00,OTT_APP
EVT_003025,U00298,C003,IPL 2024 Final,Sports,210.0,210,100.0,Smart TV,Annual,Hyderabad,Tier 2,2024-01-03 07:00:00,OTT_APP
EVT_004265,U00049,C002,KBC Season 15,GameShow,15.0,60,25.0,Laptop,Basic,Bangalore,Tier 1,2024-03-12 12:00:00,OTT_APP
EVT_004471,U00285,C003,IPL 2024 Final,Sports,157.5,210,75.0,Laptop,Premium,Hyderabad,Tier 2,2024-01-28 18:00:00,OTT_APP
EVT_003944,U00140,C005,Mirzapur S3,Thriller,55.0,55,100.0,Smart TV,Basic,Chennai,Tier 1,2024-03-22 07:00:00,OTT_APP
EVT_002490,U00361,C004,Panchayat S3,Series,15.0,30,50.0,Smart TV,Basic,Bangalore,Tier 1,2024-01-13 20:00:00,OTT_APP
EVT_003232,U00378,C002,KBC Season 15,GameShow,15.0,60,25.0,Mobile,Free,Hyderabad,Tier 2,2024-01-04 16:00:00,OTT_APP
EVT_002588,U00368,C003,IPL 2024 Final,Sports,210.0,210,100.0,Smart TV,Basic,Chennai,Tier 1,2024-03-12 10:00:00,OTT_APP
EVT_000434,U00239,C004,Panchayat S3,Series,30.0,30,100.0,Tablet,Annual,Bangalore,Tier 1,2024-02-02 12:00:00,OTT_APP
EVT_003128,U00009,C002,KBC Season 15,GameShow,45.0,60,75.0,Smart TV,Premium,Mumbai,Tier 1,2024-03-09 15:00:00,OTT_APP
EVT_002946,U00120,C003,IPL 2024 Final,Sports,210.0,210,100.0,Mobile,Premium,Bangalore,Tier 1,2024-03-14 23:00:00,OTT_APP
EVT_004261,U00115,C005,Mirzapur S3,Thriller,13.8,55,25.0,Mobile,Free,Delhi,Tier 1,2024-03-05 08:00:00,OTT_APP
EVT_001658,U00143,C004,Panchayat S3,Series,7.5,30,25.0,Mobile,Basic,Hyderabad,Tier 2,2024-02-04 23:00:00,OTT_APP
EVT_000414,U00410,C003,IPL 2024 Final,Sports,52.5,210,25.0,Smart TV,Free,Mumbai,Tier 1,2024-03-05 22:00:00,OTT_APP
EVT_001963,U00117,C003,IPL 2024 Final,Sports,210.0,210,100.0,Tablet,Premium,Chennai,Tier 1,2024-03-17 22:00:00,OTT_APP
EVT_002697,U00279,C002,KBC Season 15,GameShow,45.0,60,75.0,Laptop,Basic,Hyderabad,Tier 2,2024-02-13 12:00:00,OTT_APP
EVT_003644,U00061,C005,Mirzapur S3,Thriller,27.5,55,50.0,Laptop,Free,Bangalore,Tier 1,2024-02-14 08:00:00,OTT_APP
EVT_000668,,C002,KBC Season 15,GameShow,45.0,60,75.0,Mobile,Basic,Hyderabad,Tier 2,2024-01-21 16:00:00,OTT_APP
EVT_002221,U00241,C004,Panchayat S3,Series,15.0,30,50.0,Mobile,Basic,Chennai,Tier 1,2024-01-14 18:00:00,OTT_APP
EVT_001091,U00301,C002,KBC Season 15,GameShow,30.0,60,50.0,Smart TV,Annual,Bangalore,Tier 1,2024-01-21 15:00:00,OTT_APP
EVT_000544,U00088,C001,Anupamaa S1,Series,22.5,45,50.0,Smart TV,Annual,Hyderabad,Tier 2,2024-03-01 21:00:00,OTT_APP
EVT_001374,U00221,C003,IPL 2024 Final,Sports,105.0,210,50.0,Smart TV,Basic,Hyderabad,Tier 2,2024-01-11 17:00:00,OTT_APP
EVT_002518,U00354,C005,Mirzapur S3,Thriller,41.2,55,75.0,Laptop,Basic,Hyderabad,Tier 2,2024-02-10 20:00:00,OTT_APP
EVT_001371,U00097,C004,Panchayat S3,Series,30.0,30,100.0,Mobile,Premium,Hyderabad,Tier 2,2024-01-26 18:00:00,OTT_APP
EVT_001587,U00404,C005,Mirzapur S3,Thriller,55.0,55,100.0,Mobile,Free,Delhi,Tier 1,2024-03-25 16:00:00,OTT_APP
EVT_004765,U00066,C001,Anupamaa S1,Series,22.5,45,50.0,Smart TV,Free,Bangalore,Tier 1,2024-02-29 08:00:00,OTT_APP
EVT_004039,,C001,Anupamaa S1,Series,45.0,45,100.0,Tablet,Free,Bangalore,Tier 1,2024-01-25 23:00:00,OTT_APP
EVT_000935,U00183,C004,Panchayat S3,Series,15.0,30,50.0,Laptop,Annual,Bangalore,Tier 1,2024-01-06 20:00:00,OTT_APP
EVT_004169,U00378,C004,Panchayat S3,Series,7.5,30,25.0,Tablet,Free,Mumbai,Tier 1,2024-03-04 23:00:00,OTT_APP
EVT_003932,U00163,C002,KBC Season 15,GameShow,30.0,60,50.0,Tablet,Free,Bangalore,Tier 1,2024-02-01 16:00:00,OTT_APP
EVT_003019,U00138,C003,IPL 2024 Final,Sports,52.5,210,25.0,Tablet,Annual,Bangalore,Tier 1,2024-01-22 13:00:00,OTT_APP
EVT_002758,U00210,C001,Anupamaa S1,Series,90.0,45,50.0,Tablet,Basic,Mumbai,Tier 1,2024-02-26 15:00:00,OTT_APP
EVT_002421,U00134,C002,KBC Season 15,GameShow,30.0,60,50.0,Tablet,Annual,Chennai,Tier 1,2024-03-26 17:00:00,OTT_APP
EVT_001164,U00203,C005,Mirzapur S3,Thriller,41.2,55,75.0,Mobile,Annual,Hyderabad,Tier 2,2024-01-29 09:00:00,OTT_APP
EVT_003204,U00327,C001,Anupamaa S1,Series,22.5,45,50.0,Mobile,Annual,Hyderabad,Tier 2,2024-01-02 19:00:00,OTT_APP
EVT_004680,U00154,C004,Panchayat S3,Series,22.5,30,75.0,Smart TV,Free,Hyderabad,Tier 2,2024-01-11 20:00:00,OTT_APP
EVT_000767,U00036,C001,Anupamaa S1,Series,22.5,45,50.0,Laptop,Basic,Chennai,Tier 1,2024-01-23 20:00:00,OTT_APP
EVT_001639,U00062,C004,Panchayat S3,Series,7.5,30,25.0,Mobile,Annual,Bangalore,Tier 1,2024-02-03 23:00:00,OTT_APP
EVT_002556,U00474,C001,Anupamaa S1,Series,33.8,45,75.0,Tablet,Free,Mumbai,Tier 1,2024-03-14 16:00:00,OTT_APP
EVT_000371,U00062,C001,Anupamaa S1,Series,11.2,45,25.0,Tablet,Basic,Bangalore,Tier 1,2024-02-10 19:00:00,OTT_APP
EVT_001209,U00468,C004,Panchayat S3,Series,15.0,30,50.0,Smart TV,Free,Chennai,Tier 1,2024-01-15 16:00:00,OTT_APP
EVT_004032,U00479,C004,Panchayat S3,Series,22.5,30,75.0,Tablet,Premium,Hyderabad,Tier 2,2024-03-12 12:00:00,OTT_APP
EVT_003735,U00489,C004,Panchayat S3,Series,7.5,30,25.0,Smart TV,Free,Bangalore,Tier 1,2024-03-20 18:00:00,OTT_APP
EVT_002326,U00191,C005,Mirzapur S3,Thriller,13.8,55,25.0,Tablet,Annual,Bangalore,Tier 1,2024-03-16 17:00:00,OTT_APP
EVT_004269,U00140,C002,KBC Season 15,GameShow,45.0,60,75.0,Tablet,Premium,Delhi,Tier 1,2024-01-03 13:00:00,OTT_APP
EVT_000054,U00078,C001,Anupamaa S1,Series,22.5,45,50.0,Smart TV,Premium,Mumbai,Tier 1,2024-03-14 07:00:00,OTT_APP
EVT_003838,U00076,C001,Anupamaa S1,Series,33.8,45,75.0,Mobile,Premium,Delhi,Tier 1,2024-01-13 21:00:00,OTT_APP
EVT_003136,U00023,C004,Panchayat S3,Series,7.5,30,25.0,Smart TV,Annual,Hyderabad,Tier 2,2024-03-09 19:00:00,OTT_APP
EVT_004567,U00451,C003,IPL 2024 Final,Sports,157.5,210,75.0,Mobile,Basic,Delhi,Tier 1,2024-02-17 15:00:00,OTT_APP
EVT_002737,U00467,C002,KBC Season 15,GameShow,60.0,60,100.0,Tablet,Annual,Delhi,Tier 1,2024-01-15 16:00:00,OTT_APP
EVT_002371,U00205,C005,Mirzapur S3,Thriller,55.0,55,100.0,Smart TV,Free,Delhi,Tier 1,2024-02-04 23:00:00,OTT_APP
EVT_001999,U00328,C002,KBC Season 15,GameShow,30.0,60,50.0,Mobile,Free,Mumbai,Tier 1,2024-02-01 11:00:00,OTT_APP
EVT_001303,U00044,C003,IPL 2024 Final,Sports,105.0,210,50.0,Smart TV,Free,Hyderabad,Tier 2,2024-02-29 09:00:00,OTT_APP
EVT_004518,U00053,C002,KBC Season 15,GameShow,60.0,60,100.0,Mobile,Basic,Chennai,Tier 1,2024-01-04 16:00:00,OTT_APP
EVT_000709,U00402,C002,KBC Season 15,GameShow,45.0,60,75.0,Mobile,Basic,Delhi,Tier 1,2024-01-15 17:00:00,OTT_APP
EVT_002191,U00489,C003,IPL 2024 Final,Sports,52.5,210,25.0,Smart TV,Basic,Hyderabad,Tier 2,2024-02-09 12:00:00,OTT_APP
EVT_003465,U00387,C002,KBC Season 15,GameShow,15.0,60,25.0,Laptop,Annual,Bangalore,Tier 1,2024-01-23 21:00:00,OTT_APP
EVT_002234,U00445,C004,Panchayat S3,Series,22.5,30,75.0,Mobile,Basic,Hyderabad,Tier 2,2024-02-06 23:00:00,OTT_APP
EVT_004180,U00030,C003,IPL 2024 Final,Sports,105.0,210,50.0,Smart TV,Premium,Hyderabad,Tier 2,2024-01-05 22:00:00,OTT_APP
EVT_000846,U00499,C005,Mirzapur S3,Thriller,27.5,55,50.0,Mobile,Premium,Chennai,Tier 1,2024-03-21 21:00:00,OTT_APP
EVT_000874,U00322,C001,Anupamaa S1,Series,11.2,45,25.0,Smart TV,Free,Bangalore,Tier 1,2024-03-04 13:00:00,OTT_APP
EVT_001364,U00065,C002,KBC Season 15,GameShow,60.0,60,100.0,Tablet,Basic,Hyderabad,Tier 2,2024-02-28 09:00:00,OTT_APP
EVT_003422,U00418,C001,Anupamaa S1,Series,11.2,45,25.0,Laptop,Premium,Chennai,Tier 1,2024-03-26 06:00:00,OTT_APP
EVT_002316,U00398,C002,KBC Season 15,GameShow,60.0,60,100.0,Mobile,Basic,Hyderabad,Tier 2,2024-03-04 06:00:00,OTT_APP
EVT_002228,U00461,C004,Panchayat S3,Series,22.5,30,75.0,Laptop,Basic,Bangalore,Tier 1,2024-03-04 13:00:00,OTT_APP
EVT_000851,U00297,C003,IPL 2024 Final,Sports,157.5,210,75.0,Tablet,Basic,Chennai,Tier 1,2024-01-13 23:00:00,OTT_APP
EVT_003358,U00012,C003,IPL 2024 Final,Sports,52.5,210,25.0,Mobile,Free,Bangalore,Tier 1,2024-01-02 21:00:00,OTT_APP
EVT_003004,U00429,C005,Mirzapur S3,Thriller,41.2,55,75.0,Laptop,Free,Delhi,Tier 1,2024-01-21 15:00:00,OTT_APP
EVT_002973,U00039,C002,KBC Season 15,GameShow,30.0,60,50.0,Laptop,Annual,Bangalore,Tier 1,2024-02-21 12:00:00,OTT_APP
EVT_000696,U00371,C005,Mirzapur S3,Thriller,41.2,55,75.0,Tablet,Annual,Hyderabad,Tier 2,2024-01-12 21:00:00,OTT_APP
EVT_001361,U00116,C001,Anupamaa S1,Series,11.2,45,25.0,Smart TV,Free,Chennai,Tier 1,2024-03-29 19:00:00,OTT_APP
EVT_003839,U00026,C005,Mirzapur S3,Thriller,41.2,55,75.0,Tablet,Free,Hyderabad,Tier 2,2024-02-20 23:00:00,OTT_APP
EVT_002592,U00396,C004,Panchayat S3,Series,22.5,30,75.0,Mobile,Premium,Delhi,Tier 1,2024-03-12 15:00:00,OTT_APP
EVT_004562,U00365,C005,Mirzapur S3,Thriller,41.2,55,75.0,Tablet,Free,Chennai,Tier 1,2024-02-06 19:00:00,OTT_APP
EVT_000219,U00179,C002,KBC Season 15,GameShow,120.0,60,75.0,Tablet,Premium,Bangalore,Tier 1,2024-02-10 21:00:00,OTT_APP
EVT_004828,U00471,C002,KBC Season 15,GameShow,30.0,60,50.0,Tablet,Free,Mumbai,Tier 1,2024-02-29 19:00:00,OTT_APP
EVT_000748,U00019,C004,Panchayat S3,Series,15.0,30,50.0,Tablet,Premium,Chennai,Tier 1,2024-02-07 11:00:00,OTT_APP
EVT_002395,U00276,C004,Panchayat S3,Series,30.0,30,100.0,Mobile,Annual,Bangalore,Tier 1,2024-02-26 16:00:00,OTT_APP
EVT_003979,U00113,C001,Anupamaa S1,Series,22.5,45,50.0,Mobile,Free,Chennai,Tier 1,2024-02-01 22:00:00,OTT_APP
EVT_001746,U00368,C005,Mirzapur S3,Thriller,41.2,55,75.0,Mobile,Premium,Hyderabad,Tier 2,2024-02-23 18:00:00,OTT_APP
EVT_002108,U00440,C005,Mirzapur S3,Thriller,13.8,55,25.0,Tablet,Premium,Delhi,Tier 1,2024-02-11 07:00:00,OTT_APP
EVT_004303,U00059,C004,Panchayat S3,Series,22.5,30,75.0,Mobile,Basic,Chennai,Tier 1,2024-01-05 23:00:00,OTT_APP
EVT_000641,U00136,C001,Anupamaa S1,Series,11.2,45,25.0,Tablet,Basic,Chennai,Tier 1,2024-01-20 10:00:00,OTT_APP
EVT_004878,U00447,C004,Panchayat S3,Series,7.5,30,25.0,Laptop,Free,Chennai,Tier 1,2024-01-31 13:00:00,OTT_APP
EVT_003651,U00048,C005,Mirzapur S3,Thriller,27.5,55,50.0,Tablet,Free,Delhi,Tier 1,2024-03-09 18:00:00,OTT_APP
EVT_003118,U00022,C005,Mirzapur S3,Thriller,55.0,55,100.0,Laptop,Free,Mumbai,Tier 1,2024-02-25 21:00:00,OTT_APP
EVT_002740,U00148,C004,Panchayat S3,Series,15.0,30,50.0,Tablet,Premium,Bangalore,Tier 1,2024-02-08 23:00:00,OTT_APP
EVT_002717,U00158,C004,Panchayat S3,Series,7.5,30,25.0,Laptop,Premium,Mumbai,Tier 1,2024-03-11 20:00:00,OTT_APP
EVT_003656,U00398,C005,Mirzapur S3,Thriller,27.5,55,50.0,Tablet,Premium,Mumbai,Tier 1,2024-03-05 19:00:00,OTT_APP
EVT_001839,U00150,C002,KBC Season 15,GameShow,15.0,60,25.0,Mobile,Premium,Delhi,Tier 1,2024-03-22 16:00:00,OTT_APP
EVT_000607,U00057,C002,KBC Season 15,GameShow,60.0,60,100.0,Laptop,Annual,Delhi,Tier 1,2024-01-18 15:00:00,OTT_APP
EVT_001118,U00379,C004,Panchayat S3,Series,15.0,30,50.0,Tablet,Basic,Mumbai,Tier 1,2024-01-31 20:00:00,OTT_APP
EVT_000407,U00422,C001,Anupamaa S1,Series,22.5,45,50.0,Laptop,Basic,Bangalore,Tier 1,2024-01-12 15:00:00,OTT_APP
EVT_001140,U00336,C001,Anupamaa S1,Series,11.2,45,25.0,Tablet,Annual,Bangalore,Tier 1,2024-03-08 19:00:00,OTT_APP
EVT_003521,U00329,C003,IPL 2024 Final,Sports,157.5,210,75.0,Mobile,Basic,Mumbai,Tier 1,2024-03-21 13:00:00,OTT_APP
EVT_001734,U00494,C005,Mirzapur S3,Thriller,13.8,55,25.0,Tablet,Basic,Chennai,Tier 1,2024-01-10 13:00:00,OTT_APP
EVT_001674,U00182,C001,Anupamaa S1,Series,45.0,45,100.0,Smart TV,Annual,Bangalore,Tier 1,2024-01-08 19:00:00,OTT_APP
EVT_003268,U00138,C002,KBC Season 15,GameShow,60.0,60,100.0,Mobile,Free,Delhi,Tier 1,2024-01-18 13:00:00,OTT_APP
EVT_003233,U00434,C002,KBC Season 15,GameShow,60.0,60,100.0,Mobile,Basic,Hyderabad,Tier 2,2024-03-07 18:00:00,OTT_APP
EVT_002031,,C001,Anupamaa S1,Series,11.2,45,25.0,Laptop,Annual,Mumbai,Tier 1,2024-01-02 10:00:00,OTT_APP
EVT_002925,U00186,C004,Panchayat S3,Series,15.0,30,50.0,Laptop,Premium,Hyderabad,Tier 2,2024-02-29 09:00:00,OTT_APP
EVT_002009,U00182,C004,Panchayat S3,Series,30.0,30,100.0,Laptop,Free,Bangalore,Tier 1,2024-01-10 15:00:00,OTT_APP
EVT_003794,U00485,C005,Mirzapur S3,Thriller,55.0,55,100.0,Smart TV,Premium,Mumbai,Tier 1,2024-03-03 18:00:00,OTT_APP
EVT_004852,U00263,C001,Anupamaa S1,Series,45.0,45,100.0,Laptop,Annual,Mumbai,Tier 1,2024-01-07 20:00:00,OTT_APP
EVT_002756,U00181,C005,Mirzapur S3,Thriller,41.2,55,75.0,Smart TV,Annual,Delhi,Tier 1,2024-03-12 08:00:00,OTT_APP
EVT_000118,U00426,C002,KBC Season 15,GameShow,45.0,60,75.0,Mobile,Free,Bangalore,Tier 1,2024-01-09 08:00:00,OTT_APP
EVT_001386,U00052,C002,KBC Season 15,GameShow,45.0,60,75.0,Tablet,Premium,Delhi,Tier 1,2024-01-19 09:00:00,OTT_APP
EVT_000590,U00196,C003,IPL 2024 Final,Sports,157.5,210,75.0,Tablet,Annual,Bangalore,Tier 1,2024-02-27 08:00:00,OTT_APP
EVT_002791,U00267,C004,Panchayat S3,Series,7.5,30,25.0,Mobile,Annual,Delhi,Tier 1,2024-02-07 11:00:00,OTT_APP
EVT_001635,U00480,C004,Panchayat S3,Series,15.0,30,50.0,Smart TV,Premium,Delhi,Tier 1,2024-01-23 21:00:00,OTT_APP
EVT_001046,U00034,C004,Panchayat S3,Series,7.5,30,25.0,Mobile,Free,Hyderabad,Tier 2,2024-03-21 19:00:00,OTT_APP
EVT_004271,U00385,C003,IPL 2024 Final,Sports,52.5,210,25.0,Smart TV,Premium,Bangalore,Tier 1,2024-02-28 17:00:00,OTT_APP
EVT_003571,U00251,C002,KBC Season 15,GameShow,45.0,60,75.0,Smart TV,Basic,Mumbai,Tier 1,2024-01-07 22:00:00,OTT_APP
EVT_004857,U00139,C002,KBC Season 15,GameShow,15.0,60,25.0,Tablet,Free,Delhi,Tier 1,2024-03-24 23:00:00,OTT_APP
EVT_004181,U00228,C005,Mirzapur S3,Thriller,27.5,55,50.0,Tablet,Premium,Chennai,Tier 1,2024-01-06 17:00:00,OTT_APP
EVT_003764,U00141,C005,Mirzapur S3,Thriller,41.2,55,75.0,Laptop,Premium,Hyderabad,Tier 2,2024-03-30 21:00:00,OTT_APP
EVT_004874,U00016,C004,Panchayat S3,Series,22.5,30,75.0,Smart TV,Premium,Mumbai,Tier 1,2024-03-30 12:00:00,OTT_APP
EVT_000380,U00229,C002,KBC Season 15,GameShow,30.0,60,50.0,Smart TV,Free,Delhi,Tier 1,2024-02-05 14:00:00,OTT_APP
EVT_004816,U00454,C001,Anupamaa S1,Series,33.8,45,75.0,Tablet,Free,Delhi,Tier 1,2024-01-16 06:00:00,OTT_APP
EVT_003523,U00088,C005,Mirzapur S3,Thriller,27.5,55,50.0,Mobile,Annual,Mumbai,Tier 1,2024-03-04 14:00:00,OTT_APP
EVT_003942,U00420,C001,Anupamaa S1,Series,11.2,45,25.0,Mobile,Annual,Delhi,Tier 1,2024-02-11 09:00:00,OTT_APP
EVT_004594,U00227,C004,Panchayat S3,Series,22.5,30,75.0,Tablet,Free,Bangalore,Tier 1,2024-02-22 13:00:00,OTT_APP
EVT_001357,U00331,C001,Anupamaa S1,Series,45.0,45,100.0,Mobile,Free,Hyderabad,Tier 2,2024-01-06 16:00:00,OTT_APP
EVT_000743,U00138,C005,Mirzapur S3,Thriller,13.8,55,25.0,Laptop,Premium,Bangalore,Tier 1,2024-01-31 22:00:00,OTT_APP
EVT_002947,U00107,C002,KBC Season 15,GameShow,60.0,60,100.0,Smart TV,Basic,Bangalore,Tier 1,2024-03-15 06:00:00,OTT_APP
EVT_002657,U00323,C005,Mirzapur S3,Thriller,27.5,55,50.0,Smart TV,Premium,Bangalore,Tier 1,2024-01-20 21:00:00,OTT_APP
EVT_003870,U00312,C005,Mirzapur S3,Thriller,27.5,55,50.0,Tablet,Annual,Mumbai,Tier 1,2024-01-27 06:00:00,OTT_APP
EVT_001324,U00004,C003,IPL 2024 Final,Sports,210.0,210,100.0,Tablet,Basic,Bangalore,Tier 1,2024-02-22 18:00:00,OTT_APP
EVT_004009,U00219,C001,Anupamaa S1,Series,45.0,45,100.0,Laptop,Premium,Mumbai,Tier 1,2024-01-29 11:00:00,OTT_APP
EVT_001207,U00494,C005,Mirzapur S3,Thriller,41.2,55,75.0,Smart TV,Basic,Mumbai,Tier 1,2024-03-18 20:00:00,OTT_APP
EVT_002876,U00479,C005,Mirzapur S3,Thriller,27.5,55,50.0,Tablet,Annual,Bangalore,Tier 1,2024-03-31 18:00:00,OTT_APP
EVT_000291,U00185,C004,Panchayat S3,Series,15.0,30,50.0,Tablet,Basic,Chennai,Tier 1,2024-03-02 08:00:00,OTT_APP
EVT_000970,U00156,C002,KBC Season 15,GameShow,45.0,60,75.0,Smart TV,Basic,Mumbai,Tier 1,2024-02-23 21:00:00,OTT_APP
EVT_000393,U00333,C003,IPL 2024 Final,Sports,105.0,210,50.0,Tablet,Basic,Delhi,Tier 1,2024-02-25 21:00:00,OTT_APP
EVT_001921,U00045,C004,Panchayat S3,Series,22.5,30,75.0,Tablet,Basic,Bangalore,Tier 1,2024-02-16 19:00:00,OTT_APP
EVT_000421,U00020,C001,Anupamaa S1,Series,11.2,45,25.0,Laptop,Premium,Bangalore,Tier 1,2024-01-19 18:00:00,OTT_APP
EVT_003359,U00003,C003,IPL 2024 Final,Sports,210.0,210,100.0,Laptop,Annual,Chennai,Tier 1,2024-01-15 13:00:00,OTT_APP
EVT_000043,U00109,C003,IPL 2024 Final,Sports,52.5,210,25.0,Tablet,Premium,Chennai,Tier 1,2024-01-24 21:00:00,OTT_APP
EVT_003746,U00221,C002,KBC Season 15,GameShow,15.0,60,25.0,Smart TV,Basic,Bangalore,Tier 1,2024-02-12 17:00:00,OTT_APP
EVT_000394,U00341,C005,Mirzapur S3,Thriller,41.2,55,75.0,Smart TV,Annual,Hyderabad,Tier 2,2024-02-15 13:00:00,OTT_APP
EVT_002650,U00483,C003,IPL 2024 Final,Sports,157.5,210,75.0,Smart TV,Basic,Delhi,Tier 1,2024-01-08 08:00:00,OTT_APP
EVT_001630,U00350,C005,Mirzapur S3,Thriller,55.0,55,100.0,Mobile,Annual,Bangalore,Tier 1,2024-03-24 11:00:00,OTT_APP
EVT_001713,U00439,C004,Panchayat S3,Series,30.0,30,100.0,Mobile,Premium,Hyderabad,Tier 2,2024-02-26 10:00:00,OTT_APP
EVT_002837,U00257,C002,KBC Season 15,GameShow,30.0,60,50.0,Tablet,Premium,Bangalore,Tier 1,2024-01-08 06:00:00,OTT_APP
EVT_002305,U00312,C001,Anupamaa S1,Series,22.5,45,50.0,Mobile,Basic,Hyderabad,Tier 2,2024-03-04 08:00:00,OTT_APP
EVT_003271,U00062,C003,IPL 2024 Final,Sports,52.5,210,25.0,Tablet,Premium,Chennai,Tier 1,2024-02-05 18:00:00,OTT_APP
EVT_003160,U00115,C002,KBC Season 15,GameShow,30.0,60,50.0,Tablet,Basic,Delhi,Tier 1,2024-03-20 11:00:00,OTT_APP
EVT_004690,U00110,C005,Mirzapur S3,Thriller,55.0,55,100.0,Smart TV,Basic,Hyderabad,Tier 2,2024-03-23 09:00:00,OTT_APP
EVT_001880,U00423,C002,KBC Season 15,GameShow,30.0,60,50.0,Laptop,Basic,Mumbai,Tier 1,2024-02-11 17:00:00,OTT_APP
EVT_004368,U00465,C001,Anupamaa S1,Series,22.5,45,50.0,Laptop,Premium,Hyderabad,Tier 2,2024-02-21 13:00:00,OTT_APP
EVT_004222,U00170,C004,Panchayat S3,Series,22.5,30,75.0,Smart TV,Premium,Mumbai,Tier 1,2024-01-08 14:00:00,OTT_APP
EVT_003474,U00435,C004,Panchayat S3,Series,15.0,30,50.0,Laptop,Annual,Mumbai,Tier 1,2024-02-14 21:00:00,OTT_APP
EVT_000815,U00142,C002,KBC Season 15,GameShow,30.0,60,50.0,Mobile,Free,Chennai,Tier 1,2024-03-05 19:00:00,OTT_APP
EVT_004172,U00138,C002,KBC Season 15,GameShow,45.0,60,75.0,Laptop,Premium,Bangalore,Tier 1,2024-02-16 21:00:00,OTT_APP
EVT_000985,U00229,C003,IPL 2024 Final,Sports,210.0,210,100.0,Smart TV,Annual,Hyderabad,Tier 2,2024-01-19 18:00:00,OTT_APP
EVT_000084,U00356,C001,Anupamaa S1,Series,45.0,45,100.0,Tablet,Free,Mumbai,Tier 1,2024-02-26 11:00:00,OTT_APP
EVT_004967,U00108,C004,Panchayat S3,Series,30.0,30,100.0,Laptop,Basic,Mumbai,Tier 1,2024-03-28 15:00:00,OTT_APP
EVT_004272,U00061,C004,Panchayat S3,Series,7.5,30,25.0,Laptop,Free,Mumbai,Tier 1,2024-02-18 12:00:00,OTT_APP
EVT_003939,U00389,C004,Panchayat S3,Series,15.0,30,50.0,Laptop,Premium,Delhi,Tier 1,2024-01-20 15:00:00,OTT_APP
EVT_000029,U00173,C002,KBC Season 15,GameShow,30.0,60,50.0,Laptop,Basic,Bangalore,Tier 1,2024-01-04 18:00:00,OTT_APP
EVT_000334,U00001,C001,Anupamaa S1,Series,45.0,45,100.0,Laptop,Basic,Delhi,Tier 1,2024-02-26 20:00:00,OTT_APP
EVT_004246,U00331,C003,IPL 2024 Final,Sports,52.5,210,25.0,Smart TV,Free,Mumbai,Tier 1,2024-02-28 22:00:00,OTT_APP
EVT_000596,U00135,C001,Anupamaa S1,Series,45.0,45,100.0,Smart TV,Free,Hyderabad,Tier 2,2024-01-11 09:00:00,OTT_APP
EVT_000931,U00256,C002,KBC Season 15,GameShow,30.0,60,50.0,Tablet,Premium,Chennai,Tier 1,2024-01-06 10:00:00,OTT_APP
EVT_003337,U00449,C001,Anupamaa S1,Series,22.5,45,50.0,Mobile,Basic,Hyderabad,Tier 2,2024-01-05 08:00:00,OTT_APP
EVT_000484,U00272,C005,Mirzapur S3,Thriller,55.0,55,100.0,Mobile,Annual,Delhi,Tier 1,2024-03-04 06:00:00,OTT_APP
EVT_002624,U00115,C001,Anupamaa S1,Series,33.8,45,75.0,Mobile,Premium,Hyderabad,Tier 2,2024-01-22 10:00:00,OTT_APP
EVT_000122,U00414,C005,Mirzapur S3,Thriller,27.5,55,50.0,Laptop,Free,Chennai,Tier 1,2024-03-14 13:00:00,OTT_APP
EVT_002661,U00235,C002,KBC Season 15,GameShow,15.0,60,25.0,Mobile,Basic,Mumbai,Tier 1,2024-01-16 22:00:00,OTT_APP
EVT_003608,U00033,C001,Anupamaa S1,Series,22.5,45,50.0,Mobile,Premium,Hyderabad,Tier 2,2024-01-29 14:00:00,OTT_APP
EVT_003561,U00272,C002,KBC Season 15,GameShow,30.0,60,50.0,Mobile,Premium,Delhi,Tier 1,2024-03-08 23:00:00,OTT_APP
EVT_004429,U00299,C004,Panchayat S3,Series,30.0,30,100.0,Mobile,Basic,Bangalore,Tier 1,2024-03-07 16:00:00,OTT_APP
EVT_001381,U00095,C003,IPL 2024 Final,Sports,157.5,210,75.0,Laptop,Premium,Chennai,Tier 1,2024-01-01 09:00:00,OTT_APP
EVT_001768,U00459,C002,KBC Season 15,GameShow,15.0,60,25.0,Tablet,Annual,Bangalore,Tier 1,2024-03-12 07:00:00,OTT_APP
EVT_002917,U00009,C003,IPL 2024 Final,Sports,157.5,210,75.0,Mobile,Premium,Mumbai,Tier 1,2024-01-01 16:00:00,OTT_APP
EVT_000377,U00034,C001,Anupamaa S1,Series,33.8,45,75.0,Smart TV,Annual,Chennai,Tier 1,2024-01-10 06:00:00,OTT_APP
EVT_000999,U00268,C001,Anupamaa S1,Series,11.2,45,25.0,Smart TV,Free,Hyderabad,Tier 2,2024-02-07 07:00:00,OTT_APP
EVT_004223,U00032,C005,Mirzapur S3,Thriller,27.5,55,50.0,Smart TV,Annual,Hyderabad,Tier 2,2024-03-01 12:00:00,OTT_APP
EVT_000017,U00420,C003,IPL 2024 Final,Sports,157.5,210,75.0,Smart TV,Premium,Hyderabad,Tier 2,2024-02-12 08:00:00,OTT_APP
EVT_001593,U00460,C002,KBC Season 15,GameShow,30.0,60,50.0,Tablet,Annual,Delhi,Tier 1,2024-02-21 16:00:00,OTT_APP
EVT_000345,U00383,C003,IPL 2024 Final,Sports,105.0,210,50.0,Laptop,Premium,Hyderabad,Tier 2,2024-03-06 12:00:00,OTT_APP
EVT_001703,U00182,C001,Anupamaa S1,Series,11.2,45,25.0,Tablet,Premium,Bangalore,Tier 1,2024-02-21 09:00:00,OTT_APP
EVT_004023,,C002,KBC Season 15,GameShow,30.0,60,50.0,Smart TV,Annual,Mumbai,Tier 1,2024-01-08 15:00:00,OTT_APP
EVT_003539,U00027,C005,Mirzapur S3,Thriller,27.5,55,50.0,Laptop,Basic,Bangalore,Tier 1,2024-01-22 06:00:00,OTT_APP
EVT_004697,U00197,C002,KBC Season 15,GameShow,45.0,60,75.0,Mobile,Premium,Delhi,Tier 1,2024-02-05 18:00:00,OTT_APP
EVT_000659,U00443,C001,Anupamaa S1,Series,22.5,45,50.0,Mobile,Free,Chennai,Tier 1,2024-03-25 17:00:00,OTT_APP
EVT_000223,U00026,C001,Anupamaa S1,Series,33.8,45,75.0,Smart TV,Basic,Hyderabad,Tier 2,2024-01-31 13:00:00,OTT_APP
EVT_001720,U00440,C004,Panchayat S3,Series,15.0,30,50.0,Tablet,Basic,Hyderabad,Tier 2,2024-03-02 21:00:00,OTT_APP
EVT_003506,U00209,C002,KBC Season 15,GameShow,45.0,60,75.0,Tablet,Free,Hyderabad,Tier 2,2024-01-30 21:00:00,OTT_APP
EVT_003052,U00468,C005,Mirzapur S3,Thriller,41.2,55,75.0,Tablet,Basic,Chennai,Tier 1,2024-01-30 23:00:00,OTT_APP
EVT_002927,U00398,C003,IPL 2024 Final,Sports,105.0,210,50.0,Smart TV,Annual,Delhi,Tier 1,2024-03-08 06:00:00,OTT_APP
EVT_003592,U00186,C005,Mirzapur S3,Thriller,55.0,55,100.0,Tablet,Premium,Hyderabad,Tier 2,2024-02-03 15:00:00,OTT_APP
EVT_001043,U00267,C001,Anupamaa S1,Series,22.5,45,50.0,Smart TV,Free,Chennai,Tier 1,2024-01-07 16:00:00,OTT_APP
EVT_002378,U00447,C001,Anupamaa S1,Series,33.8,45,75.0,Smart TV,Premium,Bangalore,Tier 1,2024-02-10 07:00:00,OTT_APP
EVT_000041,U00224,C005,Mirzapur S3,Thriller,55.0,55,100.0,Tablet,Premium,Hyderabad,Tier 2,2024-03-02 20:00:00,OTT_APP
EVT_000687,,C002,KBC Season 15,GameShow,60.0,60,100.0,Laptop,Annual,Mumbai,Tier 1,2024-03-20 14:00:00,OTT_APP
EVT_002074,U00126,C001,Anupamaa S1,Series,33.8,45,75.0,Tablet,Annual,Mumbai,Tier 1,2024-03-22 16:00:00,OTT_APP
EVT_000512,U00199,C005,Mirzapur S3,Thriller,13.8,55,25.0,Laptop,Annual,Delhi,Tier 1,2024-02-03 19:00:00,OTT_APP
EVT_002038,U00356,C003,IPL 2024 Final,Sports,52.5,210,25.0,Laptop,Annual,Chennai,Tier 1,2024-03-26 11:00:00,OTT_APP
EVT_000567,U00175,C005,Mirzapur S3,Thriller,13.8,55,25.0,Mobile,Premium,Mumbai,Tier 1,2024-03-05 15:00:00,OTT_APP
EVT_002069,U00500,C002,KBC Season 15,GameShow,15.0,60,25.0,Smart TV,Annual,Bangalore,Tier 1,2024-03-16 08:00:00,OTT_APP
EVT_003212,U00117,C004,Panchayat S3,Series,7.5,30,25.0,Mobile,Annual,Chennai,Tier 1,2024-01-20 07:00:00,OTT_APP
EVT_004910,U00463,C004,Panchayat S3,Series,22.5,30,75.0,Mobile,Free,Delhi,Tier 1,2024-02-11 18:00:00,OTT_APP
EVT_001471,U00022,C002,KBC Season 15,GameShow,45.0,60,75.0,Smart TV,Free,Bangalore,Tier 1,2024-03-15 16:00:00,OTT_APP
EVT_001035,U00374,C002,KBC Season 15,GameShow,30.0,60,50.0,Tablet,Basic,Hyderabad,Tier 2,2024-01-30 22:00:00,OTT_APP
EVT_002937,U00103,C001,Anupamaa S1,Series,33.8,45,75.0,Laptop,Free,Hyderabad,Tier 2,2024-01-19 21:00:00,OTT_APP
EVT_003929,U00374,C002,KBC Season 15,GameShow,15.0,60,25.0,Smart TV,Annual,Delhi,Tier 1,2024-02-08 20:00:00,OTT_APP
EVT_001295,U00256,C001,Anupamaa S1,Series,11.2,45,25.0,Mobile,Annual,Chennai,Tier 1,2024-03-11 08:00:00,OTT_APP
EVT_002794,U00097,C003,IPL 2024 Final,Sports,52.5,210,25.0,Mobile,Basic,Chennai,Tier 1,2024-01-16 07:00:00,OTT_APP
EVT_003192,U00215,C001,Anupamaa S1,Series,22.5,45,50.0,Tablet,Premium,Delhi,Tier 1,2024-01-01 09:00:00,OTT_APP
EVT_004867,U00430,C005,Mirzapur S3,Thriller,27.5,55,50.0,Laptop,Premium,Chennai,Tier 1,2024-01-09 22:00:00,OTT_APP
EVT_003594,U00041,C001,Anupamaa S1,Series,33.8,45,75.0,Smart TV,Annual,Bangalore,Tier 1,2024-02-24 21:00:00,OTT_APP
EVT_001936,U00384,C002,KBC Season 15,GameShow,45.0,60,75.0,Tablet,Basic,Mumbai,Tier 1,2024-02-28 18:00:00,OTT_APP
EVT_000077,U00194,C005,Mirzapur S3,Thriller,27.5,55,50.0,Laptop,Premium,Chennai,Tier 1,2024-03-11 23:00:00,OTT_APP
