content_id,content_name,platform,mention_count,sentiment_score,trending_rank,recorded_date,source
C001,Anupamaa S1,Twitter,28431.0,-0.115,50,2024-01-01,SOCIAL
C001,Anupamaa S1,Instagram,1131.0,-0.659,3,2024-01-01,SOCIAL
C001,Anupamaa S1,YouTube,40390.0,0.147,6,2024-01-01,SOCIAL
C001,Anupamaa S1,Facebook,31775.0,0.372,22,2024-01-01,SOCIAL
C002,KBC Season 15,Twitter,13778.0,0.281,2,2024-01-01,SOCIAL
C002,KBC Season 15,Instagram,18641.0,0.891,1,2024-01-01,SOCIAL
C002,KBC Season 15,YouTube,23759.0,0.584,5,2024-01-01,SOCIAL
C002,KBC Season 15,Facebook,39967.0,0.044,50,2024-01-01,SOCIAL
C003,IPL 2024 Final,Twitter,4966.0,-0.879,22,2024-01-01,SOCIAL
C003,IPL 2024 Final,Instagram,1900.0,-0.105,21,2024-01-01,SOCIAL
C003,IPL 2024 Final,YouTube,272.0,0.055,33,2024-01-01,SOCIAL
C003,IPL 2024 Final,Facebook,21065.0,-0.672,19,2024-01-01,SOCIAL
C004,Panchayat S3,Twitter,,0.858,29,2024-01-01,SOCIAL
C004,Panchayat S3,Instagram,4181.0,99.0,32,2024-01-01,SOCIAL
C004,Panchayat S3,YouTube,33143.0,-0.499,29,2024-01-01,SOCIAL
C004,Panchayat S3,Facebook,40075.0,-0.016,47,2024-01-01,SOCIAL
C005,Mirzapur S3,Twitter,554.0,0.118,47,2024-01-01,SOCIAL
C005,Mirzapur S3,Instagram,14991.0,0.992,42,2024-01-01,SOCIAL
C005,Mirzapur S3,YouTube,29558.0,-0.215,43,2024-01-01,SOCIAL
C005,Mirzapur S3,Facebook,19375.0,0.662,22,2024-01-01,SOCIAL
C001,Anupamaa S1,Twitter,33519.0,-0.535,21,2024-01-02,SOCIAL
C001,Anupamaa S1,Instagram,47147.0,0.792,6,2024-01-02,SOCIAL
C001,Anupamaa S1,YouTube,32707.0,0.806,29,2024-01-02,SOCIAL
C001,Anupamaa S1,Facebook,,-0.091,39,2024-01-02,SOCIAL
C002,KBC Season 15,Twitter,29112.0,-0.515,47,2024-01-02,SOCIAL
C002,KBC Season 15,Instagram,9114.0,0.097,37,2024-01-02,SOCIAL
C002,KBC Season 15,YouTube,1790.0,-0.764,45,2024-01-02,SOCIAL
C002,KBC Season 15,Facebook,35957.0,0.816,9,2024-01-02,SOCIAL
C003,IPL 2024 Final,Twitter,813.0,-0.278,6,2024-01-02,SOCIAL
C003,IPL 2024 Final,Instagram,49344.0,-0.685,13,2024-01-02,SOCIAL
C003,IPL 2024 Final,YouTube,16852.0,-0.945,13,2024-01-02,SOCIAL
C003,IPL 2024 Final,Facebook,25223.0,0.068,5,2024-01-02,SOCIAL
C004,Panchayat S3,Twitter,40598.0,0.193,24,2024-01-02,SOCIAL
C004,Panchayat S3,Instagram,2031.0,-0.642,3,2024-01-02,SOCIAL
C004,Panchayat S3,YouTube,26394.0,-0.37,5,2024-01-02,SOCIAL
C004,Panchayat S3,Facebook,44298.0,-0.062,46,2024-01-02,SOCIAL
C005,Mirzapur S3,Twitter,18002.0,0.712,31,2024-01-02,SOCIAL
C005,Mirzapur S3,Instagram,5188.0,0.438,30,2024-01-02,SOCIAL
C005,Mirzapur S3,YouTube,3312.0,0.337,18,2024-01-02,SOCIAL
C005,Mirzapur S3,Facebook,35539.0,-0.297,29,2024-01-02,SOCIAL
C001,Anupamaa S1,Twitter,37241.0,-0.129,33,2024-01-03,SOCIAL
C001,Anupamaa S1,Instagram,,-0.189,13,2024-01-03,SOCIAL
C001,Anupamaa S1,YouTube,,0.315,11,2024-01-03,SOCIAL
C001,Anupamaa S1,Facebook,16786.0,0.659,29,2024-01-03,SOCIAL
C002,KBC Season 15,Twitter,,0.32,2,2024-01-03,SOCIAL
C002,KBC Season 15,Instagram,20278.0,0.269,35,2024-01-03,SOCIAL
C002,KBC Season 15,YouTube,44975.0,-0.84,16,2024-01-03,SOCIAL
C002,KBC Season 15,Facebook,35647.0,0.965,34,2024-01-03,SOCIAL
C003,IPL 2024 Final,Twitter,7995.0,0.155,8,2024-01-03,SOCIAL
C003,IPL 2024 Final,Instagram,6640.0,0.994,18,2024-01-03,SOCIAL
C003,IPL 2024 Final,YouTube,22072.0,0.397,32,2024-01-03,SOCIAL
C003,IPL 2024 Final,Facebook,45660.0,-0.196,29,2024-01-03,SOCIAL
C004,Panchayat S3,Twitter,27369.0,0.804,38,2024-01-03,SOCIAL
C004,Panchayat S3,Instagram,22272.0,-0.742,37,2024-01-03,SOCIAL
C004,Panchayat S3,YouTube,,0.476,7,2024-01-03,SOCIAL
C004,Panchayat S3,Facebook,31815.0,-0.922,10,2024-01-03,SOCIAL
C005,Mirzapur S3,Twitter,6296.0,-0.1,20,2024-01-03,SOCIAL
C005,Mirzapur S3,Instagram,21799.0,-0.85,31,2024-01-03,SOCIAL
C005,Mirzapur S3,YouTube,30685.0,0.517,3,2024-01-03,SOCIAL
C005,Mirzapur S3,Facebook,8549.0,0.769,43,2024-01-03,SOCIAL
C001,Anupamaa S1,Twitter,13576.0,0.11,17,2024-01-04,SOCIAL
C001,Anupamaa S1,Instagram,46235.0,0.97,15,2024-01-04,SOCIAL
C001,Anupamaa S1,YouTube,20110.0,-0.096,11,2024-01-04,SOCIAL
C001,Anupamaa S1,Facebook,28963.0,-0.079,9,2024-01-04,SOCIAL
C002,KBC Season 15,Twitter,21241.0,0.724,47,2024-01-04,SOCIAL
C002,KBC Season 15,Instagram,,-0.881,23,2024-01-04,SOCIAL
C002,KBC Season 15,YouTube,41788.0,0.176,45,2024-01-04,SOCIAL
C002,KBC Season 15,Facebook,12065.0,0.064,34,2024-01-04,SOCIAL
C003,IPL 2024 Final,Twitter,37064.0,0.111,16,2024-01-04,SOCIAL
C003,IPL 2024 Final,Instagram,23742.0,0.418,32,2024-01-04,SOCIAL
C003,IPL 2024 Final,YouTube,11545.0,0.957,11,2024-01-04,SOCIAL
C003,IPL 2024 Final,Facebook,40692.0,0.215,13,2024-01-04,SOCIAL
C004,Panchayat S3,Twitter,14187.0,0.257,22,2024-01-04,SOCIAL
C004,Panchayat S3,Instagram,46013.0,-0.055,44,2024-01-04,SOCIAL
C004,Panchayat S3,YouTube,41192.0,-0.968,45,2024-01-04,SOCIAL
C004,Panchayat S3,Facebook,16807.0,-0.94,40,2024-01-04,SOCIAL
C005,Mirzapur S3,Twitter,16004.0,0.151,26,2024-01-04,SOCIAL
C005,Mirzapur S3,Instagram,43745.0,-0.153,46,2024-01-04,SOCIAL
C005,Mirzapur S3,YouTube,39842.0,0.6,20,2024-01-04,SOCIAL
C005,Mirzapur S3,Facebook,25273.0,-0.428,19,2024-01-04,SOCIAL
C001,Anupamaa S1,Twitter,17569.0,-0.729,30,2024-01-05,SOCIAL
C001,Anupamaa S1,Instagram,16383.0,0.171,15,2024-01-05,SOCIAL
C001,Anupamaa S1,YouTube,21012.0,0.446,26,2024-01-05,SOCIAL
C001,Anupamaa S1,Facebook,44470.0,-0.306,46,2024-01-05,SOCIAL
C002,KBC Season 15,Twitter,15812.0,0.206,36,2024-01-05,SOCIAL
C002,KBC Season 15,Instagram,48140.0,0.106,43,2024-01-05,SOCIAL
C002,KBC Season 15,YouTube,29851.0,-0.189,10,2024-01-05,SOCIAL
C002,KBC Season 15,Facebook,31119.0,-0.502,15,2024-01-05,SOCIAL
C003,IPL 2024 Final,Twitter,15479.0,0.714,1,2024-01-05,SOCIAL
C003,IPL 2024 Final,Instagram,25687.0,0.262,4,2024-01-05,SOCIAL
C003,IPL 2024 Final,YouTube,6939.0,-0.178,13,2024-01-05,SOCIAL
C003,IPL 2024 Final,Facebook,16211.0,-0.46,4,2024-01-05,SOCIAL
C004,Panchayat S3,Twitter,7747.0,-0.476,9,2024-01-05,SOCIAL
C004,Panchayat S3,Instagram,6120.0,-0.251,45,2024-01-05,SOCIAL
C004,Panchayat S3,YouTube,12961.0,-0.489,45,2024-01-05,SOCIAL
C004,Panchayat S3,Facebook,22603.0,-0.646,27,2024-01-05,SOCIAL
C005,Mirzapur S3,Twitter,13979.0,-0.198,34,2024-01-05,SOCIAL
C005,Mirzapur S3,Instagram,36577.0,-0.161,14,2024-01-05,SOCIAL
C005,Mirzapur S3,YouTube,12876.0,-0.271,3,2024-01-05,SOCIAL
C005,Mirzapur S3,Facebook,18667.0,-0.448,24,2024-01-05,SOCIAL
C001,Anupamaa S1,Twitter,23894.0,0.598,8,2024-01-06,SOCIAL
C001,Anupamaa S1,Instagram,48609.0,0.816,42,2024-01-06,SOCIAL
C001,Anupamaa S1,YouTube,20185.0,-0.593,19,2024-01-06,SOCIAL
C001,Anupamaa S1,Facebook,,-0.832,7,2024-01-06,SOCIAL
C002,KBC Season 15,Twitter,30717.0,-0.321,37,2024-01-06,SOCIAL
C002,KBC Season 15,Instagram,17465.0,-0.414,37,2024-01-06,SOCIAL
C002,KBC Season 15,YouTube,21887.0,-0.044,19,2024-01-06,SOCIAL
C002,KBC Season 15,Facebook,11024.0,0.531,6,2024-01-06,SOCIAL
C003,IPL 2024 Final,Twitter,41504.0,0.108,46,2024-01-06,SOCIAL
C003,IPL 2024 Final,Instagram,19713.0,-0.641,41,2024-01-06,SOCIAL
C003,IPL 2024 Final,YouTube,19777.0,-0.243,33,2024-01-06,SOCIAL
C003,IPL 2024 Final,Facebook,7286.0,0.798,5,2024-01-06,SOCIAL
C004,Panchayat S3,Twitter,10678.0,0.248,8,2024-01-06,SOCIAL
C004,Panchayat S3,Instagram,26830.0,-0.454,32,2024-01-06,SOCIAL
C004,Panchayat S3,YouTube,42153.0,0.221,17,2024-01-06,SOCIAL
C004,Panchayat S3,Facebook,43394.0,-0.225,12,2024-01-06,SOCIAL
C005,Mirzapur S3,Twitter,38545.0,0.192,33,2024-01-06,SOCIAL
C005,Mirzapur S3,Instagram,29077.0,-0.653,29,2024-01-06,SOCIAL
C005,Mirzapur S3,YouTube,47839.0,-0.591,14,2024-01-06,SOCIAL
C005,Mirzapur S3,Facebook,42817.0,0.815,40,2024-01-06,SOCIAL
C001,Anupamaa S1,Twitter,34723.0,0.764,24,2024-01-07,SOCIAL
C001,Anupamaa S1,Instagram,42380.0,0.14,8,2024-01-07,SOCIAL
C001,Anupamaa S1,YouTube,23701.0,-0.52,1,2024-01-07,SOCIAL
C001,Anupamaa S1,Facebook,4107.0,-0.071,8,2024-01-07,SOCIAL
C002,KBC Season 15,Twitter,17210.0,-0.263,42,2024-01-07,SOCIAL
C002,KBC Season 15,Instagram,5034.0,0.594,15,2024-01-07,SOCIAL
C002,KBC Season 15,YouTube,18316.0,-0.04,37,2024-01-07,SOCIAL
C002,KBC Season 15,Facebook,11727.0,0.835,16,2024-01-07,SOCIAL
C003,IPL 2024 Final,Twitter,,-0.321,30,2024-01-07,SOCIAL
C003,IPL 2024 Final,Instagram,36649.0,-0.657,21,2024-01-07,SOCIAL
C003,IPL 2024 Final,YouTube,48606.0,-0.607,5,2024-01-07,SOCIAL
C003,IPL 2024 Final,Facebook,1785.0,0.448,6,2024-01-07,SOCIAL
C004,Panchayat S3,Twitter,9295.0,-0.498,20,2024-01-07,SOCIAL
C004,Panchayat S3,Instagram,15737.0,0.486,35,2024-01-07,SOCIAL
C004,Panchayat S3,YouTube,42039.0,0.361,25,2024-01-07,SOCIAL
C004,Panchayat S3,Facebook,11109.0,-0.383,48,2024-01-07,SOCIAL
C005,Mirzapur S3,Twitter,,99.0,41,2024-01-07,SOCIAL
C005,Mirzapur S3,Instagram,4753.0,0.842,41,2024-01-07,SOCIAL
C005,Mirzapur S3,YouTube,27347.0,-0.974,27,2024-01-07,SOCIAL
C005,Mirzapur S3,Facebook,48359.0,0.487,25,2024-01-07,SOCIAL
C001,Anupamaa S1,Twitter,,0.451,25,2024-01-08,SOCIAL
C001,Anupamaa S1,Instagram,39089.0,0.253,16,2024-01-08,SOCIAL
C001,Anupamaa S1,YouTube,,-0.108,20,2024-01-08,SOCIAL
C001,Anupamaa S1,Facebook,39889.0,-0.795,10,2024-01-08,SOCIAL
C002,KBC Season 15,Twitter,4285.0,0.038,32,2024-01-08,SOCIAL
C002,KBC Season 15,Instagram,39272.0,0.912,41,2024-01-08,SOCIAL
C002,KBC Season 15,YouTube,2523.0,-0.228,1,2024-01-08,SOCIAL
C002,KBC Season 15,Facebook,27935.0,-0.845,50,2024-01-08,SOCIAL
C003,IPL 2024 Final,Twitter,17549.0,-0.124,23,2024-01-08,SOCIAL
C003,IPL 2024 Final,Instagram,38196.0,-0.982,7,2024-01-08,SOCIAL
C003,IPL 2024 Final,YouTube,10893.0,-0.363,9,2024-01-08,SOCIAL
C003,IPL 2024 Final,Facebook,47754.0,0.982,6,2024-01-08,SOCIAL
C004,Panchayat S3,Twitter,27318.0,-0.912,17,2024-01-08,SOCIAL
C004,Panchayat S3,Instagram,3553.0,-0.626,31,2024-01-08,SOCIAL
C004,Panchayat S3,YouTube,10917.0,0.116,40,2024-01-08,SOCIAL
C004,Panchayat S3,Facebook,35563.0,-0.169,33,2024-01-08,SOCIAL
C005,Mirzapur S3,Twitter,14965.0,0.278,8,2024-01-08,SOCIAL
C005,Mirzapur S3,Instagram,11414.0,-0.88,26,2024-01-08,SOCIAL
C005,Mirzapur S3,YouTube,5339.0,-0.471,45,2024-01-08,SOCIAL
C005,Mirzapur S3,Facebook,40542.0,0.096,10,2024-01-08,SOCIAL
C001,Anupamaa S1,Twitter,24474.0,-0.927,30,2024-01-09,SOCIAL
C001,Anupamaa S1,Instagram,40632.0,-0.21,25,2024-01-09,SOCIAL
C001,Anupamaa S1,YouTube,40593.0,0.209,41,2024-01-09,SOCIAL
C001,Anupamaa S1,Facebook,49412.0,0.93,33,2024-01-09,SOCIAL
C002,KBC Season 15,Twitter,17222.0,-0.672,4,2024-01-09,SOCIAL
C002,KBC Season 15,Instagram,42523.0,-0.865,6,2024-01-09,SOCIAL
C002,KBC Season 15,YouTube,18336.0,0.676,9,2024-01-09,SOCIAL
C002,KBC Season 15,Facebook,16968.0,-0.215,42,2024-01-09,SOCIAL
C003,IPL 2024 Final,Twitter,31274.0,-0.554,32,2024-01-09,SOCIAL
C003,IPL 2024 Final,Instagram,11213.0,-0.507,35,2024-01-09,SOCIAL
C003,IPL 2024 Final,YouTube,27830.0,-0.865,23,2024-01-09,SOCIAL
C003,IPL 2024 Final,Facebook,38033.0,-0.264,34,2024-01-09,SOCIAL
C004,Panchayat S3,Twitter,,0.853,21,2024-01-09,SOCIAL
C004,Panchayat S3,Instagram,48587.0,0.198,39,2024-01-09,SOCIAL
C004,Panchayat S3,YouTube,18008.0,-0.086,21,2024-01-09,SOCIAL
C004,Panchayat S3,Facebook,43333.0,99.0,28,2024-01-09,SOCIAL
C005,Mirzapur S3,Twitter,14081.0,0.791,32,2024-01-09,SOCIAL
C005,Mirzapur S3,Instagram,46127.0,0.53,33,2024-01-09,SOCIAL
C005,Mirzapur S3,YouTube,11269.0,0.186,2,2024-01-09,SOCIAL
C005,Mirzapur S3,Facebook,22383.0,-0.371,31,2024-01-09,SOCIAL
C001,Anupamaa S1,Twitter,37768.0,-0.062,39,2024-01-10,SOCIAL
C001,Anupamaa S1,Instagram,42129.0,0.069,14,2024-01-10,SOCIAL
C001,Anupamaa S1,YouTube,25655.0,-0.113,2,2024-01-10,SOCIAL
C001,Anupamaa S1,Facebook,30839.0,-0.376,41,2024-01-10,SOCIAL
C002,KBC Season 15,Twitter,6634.0,-0.919,38,2024-01-10,SOCIAL
C002,KBC Season 15,Instagram,14414.0,0.21,47,2024-01-10,SOCIAL
C002,KBC Season 15,YouTube,44182.0,0.071,21,2024-01-10,SOCIAL
C002,KBC Season 15,Facebook,391.0,0.544,15,2024-01-10,SOCIAL
C003,IPL 2024 Final,Twitter,,-0.889,16,2024-01-10,SOCIAL
C003,IPL 2024 Final,Instagram,22447.0,0.946,28,2024-01-10,SOCIAL
C003,IPL 2024 Final,YouTube,48732.0,-0.949,9,2024-01-10,SOCIAL
C003,IPL 2024 Final,Facebook,34882.0,-0.289,36,2024-01-10,SOCIAL
C004,Panchayat S3,Twitter,41562.0,-0.18,41,2024-01-10,SOCIAL
C004,Panchayat S3,Instagram,25204.0,-0.149,1,2024-01-10,SOCIAL
C004,Panchayat S3,YouTube,40562.0,-0.162,23,2024-01-10,SOCIAL
C004,Panchayat S3,Facebook,20236.0,0.353,26,2024-01-10,SOCIAL
C005,Mirzapur S3,Twitter,1220.0,0.814,21,2024-01-10,SOCIAL
C005,Mirzapur S3,Instagram,5466.0,0.594,6,2024-01-10,SOCIAL
C005,Mirzapur S3,YouTube,3831.0,-0.823,19,2024-01-10,SOCIAL
C005,Mirzapur S3,Facebook,8588.0,-0.221,43,2024-01-10,SOCIAL
C001,Anupamaa S1,Twitter,9063.0,-0.241,42,2024-01-11,SOCIAL
C001,Anupamaa S1,Instagram,,0.83,34,2024-01-11,SOCIAL
C001,Anupamaa S1,YouTube,1629.0,0.753,9,2024-01-11,SOCIAL
C001,Anupamaa S1,Facebook,18281.0,-0.31,19,2024-01-11,SOCIAL
C002,KBC Season 15,Twitter,4090.0,0.003,39,2024-01-11,SOCIAL
C002,KBC Season 15,Instagram,41597.0,-0.532,26,2024-01-11,SOCIAL
C002,KBC Season 15,YouTube,24577.0,-0.519,11,2024-01-11,SOCIAL
C002,KBC Season 15,Facebook,18215.0,0.282,31,2024-01-11,SOCIAL
C003,IPL 2024 Final,Twitter,29798.0,0.528,38,2024-01-11,SOCIAL
C003,IPL 2024 Final,Instagram,21782.0,-0.924,29,2024-01-11,SOCIAL
C003,IPL 2024 Final,YouTube,47465.0,0.789,44,2024-01-11,SOCIAL
C003,IPL 2024 Final,Facebook,23858.0,0.547,21,2024-01-11,SOCIAL
C004,Panchayat S3,Twitter,30164.0,0.792,32,2024-01-11,SOCIAL
C004,Panchayat S3,Instagram,16615.0,0.12,48,2024-01-11,SOCIAL
C004,Panchayat S3,YouTube,47728.0,-0.295,48,2024-01-11,SOCIAL
C004,Panchayat S3,Facebook,10239.0,-0.339,11,2024-01-11,SOCIAL
C005,Mirzapur S3,Twitter,11276.0,0.886,48,2024-01-11,SOCIAL
C005,Mirzapur S3,Instagram,36197.0,0.659,27,2024-01-11,SOCIAL
C005,Mirzapur S3,YouTube,30113.0,0.586,41,2024-01-11,SOCIAL
C005,Mirzapur S3,Facebook,3467.0,-0.835,32,2024-01-11,SOCIAL
C001,Anupamaa S1,Twitter,21374.0,0.546,11,2024-01-12,SOCIAL
C001,Anupamaa S1,Instagram,31576.0,0.178,41,2024-01-12,SOCIAL
C001,Anupamaa S1,YouTube,11579.0,0.242,37,2024-01-12,SOCIAL
C001,Anupamaa S1,Facebook,45034.0,0.522,28,2024-01-12,SOCIAL
C002,KBC Season 15,Twitter,21579.0,0.755,14,2024-01-12,SOCIAL
C002,KBC Season 15,Instagram,41005.0,-0.205,17,2024-01-12,SOCIAL
C002,KBC Season 15,YouTube,44575.0,0.747,37,2024-01-12,SOCIAL
C002,KBC Season 15,Facebook,40506.0,-0.895,4,2024-01-12,SOCIAL
C003,IPL 2024 Final,Twitter,14784.0,0.33,22,2024-01-12,SOCIAL
C003,IPL 2024 Final,Instagram,17742.0,-0.924,1,2024-01-12,SOCIAL
C003,IPL 2024 Final,YouTube,3956.0,0.121,49,2024-01-12,SOCIAL
C003,IPL 2024 Final,Facebook,5977.0,-0.315,46,2024-01-12,SOCIAL
C004,Panchayat S3,Twitter,5483.0,0.883,19,2024-01-12,SOCIAL
C004,Panchayat S3,Instagram,9504.0,-0.17,48,2024-01-12,SOCIAL
C004,Panchayat S3,YouTube,21063.0,-0.06,21,2024-01-12,SOCIAL
C004,Panchayat S3,Facebook,14608.0,0.674,35,2024-01-12,SOCIAL
C005,Mirzapur S3,Twitter,22428.0,-0.862,13,2024-01-12,SOCIAL
C005,Mirzapur S3,Instagram,44383.0,0.883,31,2024-01-12,SOCIAL
C005,Mirzapur S3,YouTube,24683.0,0.411,22,2024-01-12,SOCIAL
C005,Mirzapur S3,Facebook,10652.0,0.23,27,2024-01-12,SOCIAL
C001,Anupamaa S1,Twitter,4708.0,-0.375,47,2024-01-13,SOCIAL
C001,Anupamaa S1,Instagram,28567.0,0.496,2,2024-01-13,SOCIAL
C001,Anupamaa S1,YouTube,17868.0,-0.881,23,2024-01-13,SOCIAL
C001,Anupamaa S1,Facebook,9323.0,-0.955,16,2024-01-13,SOCIAL
C002,KBC Season 15,Twitter,13501.0,-0.473,27,2024-01-13,SOCIAL
C002,KBC Season 15,Instagram,5095.0,-0.862,39,2024-01-13,SOCIAL
C002,KBC Season 15,YouTube,32748.0,0.051,13,2024-01-13,SOCIAL
C002,KBC Season 15,Facebook,29514.0,-0.712,12,2024-01-13,SOCIAL
C003,IPL 2024 Final,Twitter,42744.0,-0.235,23,2024-01-13,SOCIAL
C003,IPL 2024 Final,Instagram,39633.0,0.786,13,2024-01-13,SOCIAL
C003,IPL 2024 Final,YouTube,43288.0,-0.563,33,2024-01-13,SOCIAL
C003,IPL 2024 Final,Facebook,2791.0,-0.426,46,2024-01-13,SOCIAL
C004,Panchayat S3,Twitter,40271.0,-0.868,6,2024-01-13,SOCIAL
C004,Panchayat S3,Instagram,25304.0,-0.903,16,2024-01-13,SOCIAL
C004,Panchayat S3,YouTube,13360.0,0.971,48,2024-01-13,SOCIAL
C004,Panchayat S3,Facebook,44492.0,-0.537,33,2024-01-13,SOCIAL
C005,Mirzapur S3,Twitter,24591.0,-0.416,6,2024-01-13,SOCIAL
C005,Mirzapur S3,Instagram,34777.0,0.3,16,2024-01-13,SOCIAL
C005,Mirzapur S3,YouTube,,0.305,28,2024-01-13,SOCIAL
C005,Mirzapur S3,Facebook,3653.0,0.33,44,2024-01-13,SOCIAL
C001,Anupamaa S1,Twitter,1141.0,0.261,13,2024-01-14,SOCIAL
C001,Anupamaa S1,Instagram,5812.0,-0.555,36,2024-01-14,SOCIAL
C001,Anupamaa S1,YouTube,35508.0,-0.903,11,2024-01-14,SOCIAL
C001,Anupamaa S1,Facebook,44936.0,0.817,3,2024-01-14,SOCIAL
C002,KBC Season 15,Twitter,38133.0,-0.519,27,2024-01-14,SOCIAL
C002,KBC Season 15,Instagram,31919.0,0.45,47,2024-01-14,SOCIAL
C002,KBC Season 15,YouTube,27179.0,99.0,30,2024-01-14,SOCIAL
C002,KBC Season 15,Facebook,30494.0,-0.09,27,2024-01-14,SOCIAL
C003,IPL 2024 Final,Twitter,22517.0,0.53,30,2024-01-14,SOCIAL
C003,IPL 2024 Final,Instagram,24838.0,-0.378,23,2024-01-14,SOCIAL
C003,IPL 2024 Final,YouTube,19681.0,-0.338,4,2024-01-14,SOCIAL
C003,IPL 2024 Final,Facebook,13733.0,-0.5,33,2024-01-14,SOCIAL
C004,Panchayat S3,Twitter,7363.0,0.227,45,2024-01-14,SOCIAL
C004,Panchayat S3,Instagram,16491.0,-0.596,50,2024-01-14,SOCIAL
C004,Panchayat S3,YouTube,48536.0,0.444,7,2024-01-14,SOCIAL
C004,Panchayat S3,Facebook,3411.0,-0.721,40,2024-01-14,SOCIAL
C005,Mirzapur S3,Twitter,13490.0,0.148,24,2024-01-14,SOCIAL
C005,Mirzapur S3,Instagram,13562.0,-0.53,4,2024-01-14,SOCIAL
C005,Mirzapur S3,YouTube,,0.237,49,2024-01-14,SOCIAL
C005,Mirzapur S3,Facebook,8966.0,-0.616,16,2024-01-14,SOCIAL
C001,Anupamaa S1,Twitter,12459.0,0.306,6,2024-01-15,SOCIAL
C001,Anupamaa S1,Instagram,13585.0,-0.27,48,2024-01-15,SOCIAL
C001,Anupamaa S1,YouTube,4676.0,-0.377,42,2024-01-15,SOCIAL
C001,Anupamaa S1,Facebook,34180.0,-0.37,48,2024-01-15,SOCIAL
C002,KBC Season 15,Twitter,,-0.071,10,2024-01-15,SOCIAL
C002,KBC Season 15,Instagram,24775.0,-0.499,28,2024-01-15,SOCIAL
C002,KBC Season 15,YouTube,9184.0,0.601,28,2024-01-15,SOCIAL
C002,KBC Season 15,Facebook,1030.0,-0.229,19,2024-01-15,SOCIAL
C003,IPL 2024 Final,Twitter,47109.0,-0.788,41,2024-01-15,SOCIAL
C003,IPL 2024 Final,Instagram,8180.0,0.493,20,2024-01-15,SOCIAL
C003,IPL 2024 Final,YouTube,20134.0,0.63,31,2024-01-15,SOCIAL
C003,IPL 2024 Final,Facebook,28737.0,-0.686,27,2024-01-15,SOCIAL
C004,Panchayat S3,Twitter,18820.0,0.125,16,2024-01-15,SOCIAL
C004,Panchayat S3,Instagram,48253.0,0.977,43,2024-01-15,SOCIAL
C004,Panchayat S3,YouTube,9000.0,-0.094,38,2024-01-15,SOCIAL
C004,Panchayat S3,Facebook,29827.0,-0.502,12,2024-01-15,SOCIAL
C005,Mirzapur S3,Twitter,38316.0,-0.436,28,2024-01-15,SOCIAL
C005,Mirzapur S3,Instagram,37244.0,-0.346,31,2024-01-15,SOCIAL
C005,Mirzapur S3,YouTube,11167.0,-0.31,43,2024-01-15,SOCIAL
C005,Mirzapur S3,Facebook,2300.0,-0.685,48,2024-01-15,SOCIAL
C001,Anupamaa S1,Twitter,23773.0,99.0,14,2024-01-16,SOCIAL
C001,Anupamaa S1,Instagram,29850.0,-0.076,8,2024-01-16,SOCIAL
C001,Anupamaa S1,YouTube,10638.0,-0.252,12,2024-01-16,SOCIAL
C001,Anupamaa S1,Facebook,35293.0,-0.471,50,2024-01-16,SOCIAL
C002,KBC Season 15,Twitter,36756.0,0.205,6,2024-01-16,SOCIAL
C002,KBC Season 15,Instagram,38880.0,0.34,46,2024-01-16,SOCIAL
C002,KBC Season 15,YouTube,38731.0,0.907,20,2024-01-16,SOCIAL
C002,KBC Season 15,Facebook,39641.0,-0.284,6,2024-01-16,SOCIAL
C003,IPL 2024 Final,Twitter,25271.0,0.357,22,2024-01-16,SOCIAL
C003,IPL 2024 Final,Instagram,41056.0,99.0,48,2024-01-16,SOCIAL
C003,IPL 2024 Final,YouTube,46425.0,0.401,18,2024-01-16,SOCIAL
C003,IPL 2024 Final,Facebook,20649.0,0.672,26,2024-01-16,SOCIAL
C004,Panchayat S3,Twitter,43144.0,1.0,20,2024-01-16,SOCIAL
C004,Panchayat S3,Instagram,28448.0,-0.497,21,2024-01-16,SOCIAL
C004,Panchayat S3,YouTube,9562.0,-0.523,38,2024-01-16,SOCIAL
C004,Panchayat S3,Facebook,486.0,-0.94,5,2024-01-16,SOCIAL
C005,Mirzapur S3,Twitter,24374.0,-0.66,10,2024-01-16,SOCIAL
C005,Mirzapur S3,Instagram,48427.0,0.053,32,2024-01-16,SOCIAL
C005,Mirzapur S3,YouTube,35380.0,-0.269,17,2024-01-16,SOCIAL
C005,Mirzapur S3,Facebook,32455.0,0.781,5,2024-01-16,SOCIAL
C001,Anupamaa S1,Twitter,33006.0,0.176,49,2024-01-17,SOCIAL
C001,Anupamaa S1,Instagram,32086.0,0.198,23,2024-01-17,SOCIAL
C001,Anupamaa S1,YouTube,3052.0,-0.75,44,2024-01-17,SOCIAL
C001,Anupamaa S1,Facebook,19843.0,-0.248,3,2024-01-17,SOCIAL
C002,KBC Season 15,Twitter,49160.0,0.867,44,2024-01-17,SOCIAL
C002,KBC Season 15,Instagram,49476.0,-0.543,32,2024-01-17,SOCIAL
C002,KBC Season 15,YouTube,9488.0,0.518,22,2024-01-17,SOCIAL
C002,KBC Season 15,Facebook,3013.0,0.486,33,2024-01-17,SOCIAL
C003,IPL 2024 Final,Twitter,45823.0,-0.944,45,2024-01-17,SOCIAL
C003,IPL 2024 Final,Instagram,20389.0,0.332,30,2024-01-17,SOCIAL
C003,IPL 2024 Final,YouTube,31790.0,0.801,3,2024-01-17,SOCIAL
C003,IPL 2024 Final,Facebook,41731.0,-0.009,18,2024-01-17,SOCIAL
C004,Panchayat S3,Twitter,46044.0,0.701,3,2024-01-17,SOCIAL
C004,Panchayat S3,Instagram,44200.0,-0.504,27,2024-01-17,SOCIAL
C004,Panchayat S3,YouTube,6505.0,-0.557,20,2024-01-17,SOCIAL
C004,Panchayat S3,Facebook,924.0,0.493,38,2024-01-17,SOCIAL
C005,Mirzapur S3,Twitter,,-0.745,44,2024-01-17,SOCIAL
C005,Mirzapur S3,Instagram,48973.0,-0.824,18,2024-01-17,SOCIAL
C005,Mirzapur S3,YouTube,23040.0,99.0,12,2024-01-17,SOCIAL
C005,Mirzapur S3,Facebook,32068.0,-0.309,42,2024-01-17,SOCIAL
C001,Anupamaa S1,Twitter,11842.0,0.435,46,2024-01-18,SOCIAL
C001,Anupamaa S1,Instagram,43788.0,0.748,9,2024-01-18,SOCIAL
C001,Anupamaa S1,YouTube,49925.0,0.123,26,2024-01-18,SOCIAL
C001,Anupamaa S1,Facebook,32205.0,0.375,33,2024-01-18,SOCIAL
C002,KBC Season 15,Twitter,22280.0,0.841,23,2024-01-18,SOCIAL
C002,KBC Season 15,Instagram,44668.0,-0.896,26,2024-01-18,SOCIAL
C002,KBC Season 15,YouTube,34248.0,0.871,5,2024-01-18,SOCIAL
C002,KBC Season 15,Facebook,22875.0,-0.283,30,2024-01-18,SOCIAL
C003,IPL 2024 Final,Twitter,7296.0,0.385,24,2024-01-18,SOCIAL
C003,IPL 2024 Final,Instagram,27355.0,0.355,6,2024-01-18,SOCIAL
C003,IPL 2024 Final,YouTube,27714.0,-0.171,38,2024-01-18,SOCIAL
C003,IPL 2024 Final,Facebook,19860.0,0.961,37,2024-01-18,SOCIAL
C004,Panchayat S3,Twitter,15796.0,-0.159,48,2024-01-18,SOCIAL
C004,Panchayat S3,Instagram,15762.0,-0.224,27,2024-01-18,SOCIAL
C004,Panchayat S3,YouTube,41992.0,-0.972,37,2024-01-18,SOCIAL
C004,Panchayat S3,Facebook,24380.0,-0.373,45,2024-01-18,SOCIAL
C005,Mirzapur S3,Twitter,27187.0,-0.767,5,2024-01-18,SOCIAL
C005,Mirzapur S3,Instagram,14457.0,-0.586,22,2024-01-18,SOCIAL
C005,Mirzapur S3,YouTube,27318.0,0.968,12,2024-01-18,SOCIAL
C005,Mirzapur S3,Facebook,8731.0,-0.478,24,2024-01-18,SOCIAL
C001,Anupamaa S1,Twitter,4991.0,0.022,24,2024-01-19,SOCIAL
C001,Anupamaa S1,Instagram,25981.0,0.214,5,2024-01-19,SOCIAL
C001,Anupamaa S1,YouTube,38992.0,-0.743,10,2024-01-19,SOCIAL
C001,Anupamaa S1,Facebook,42124.0,0.418,37,2024-01-19,SOCIAL
C002,KBC Season 15,Twitter,29659.0,0.691,20,2024-01-19,SOCIAL
C002,KBC Season 15,Instagram,36671.0,0.679,45,2024-01-19,SOCIAL
C002,KBC Season 15,YouTube,25517.0,0.159,36,2024-01-19,SOCIAL
C002,KBC Season 15,Facebook,20034.0,0.051,37,2024-01-19,SOCIAL
C003,IPL 2024 Final,Twitter,49492.0,0.655,41,2024-01-19,SOCIAL
C003,IPL 2024 Final,Instagram,39848.0,0.981,48,2024-01-19,SOCIAL
C003,IPL 2024 Final,YouTube,13089.0,-0.829,28,2024-01-19,SOCIAL
C003,IPL 2024 Final,Facebook,,-0.883,11,2024-01-19,SOCIAL
C004,Panchayat S3,Twitter,32518.0,0.254,17,2024-01-19,SOCIAL
C004,Panchayat S3,Instagram,,-0.59,37,2024-01-19,SOCIAL
C004,Panchayat S3,YouTube,12106.0,-0.639,23,2024-01-19,SOCIAL
C004,Panchayat S3,Facebook,37022.0,0.464,28,2024-01-19,SOCIAL
C005,Mirzapur S3,Twitter,16512.0,-0.734,1,2024-01-19,SOCIAL
C005,Mirzapur S3,Instagram,7997.0,-0.732,19,2024-01-19,SOCIAL
C005,Mirzapur S3,YouTube,26666.0,0.173,46,2024-01-19,SOCIAL
C005,Mirzapur S3,Facebook,754.0,-0.779,25,2024-01-19,SOCIAL
C001,Anupamaa S1,Twitter,13456.0,0.946,49,2024-01-20,SOCIAL
C001,Anupamaa S1,Instagram,39810.0,-0.819,33,2024-01-20,SOCIAL
C001,Anupamaa S1,YouTube,27969.0,-0.513,44,2024-01-20,SOCIAL
C001,Anupamaa S1,Facebook,,-0.966,34,2024-01-20,SOCIAL
C002,KBC Season 15,Twitter,23877.0,0.335,15,2024-01-20,SOCIAL
C002,KBC Season 15,Instagram,25548.0,-0.991,10,2024-01-20,SOCIAL
C002,KBC Season 15,YouTube,11488.0,-0.615,27,2024-01-20,SOCIAL
C002,KBC Season 15,Facebook,12457.0,-0.303,31,2024-01-20,SOCIAL
C003,IPL 2024 Final,Twitter,13605.0,0.282,23,2024-01-20,SOCIAL
C003,IPL 2024 Final,Instagram,32234.0,-0.09,26,2024-01-20,SOCIAL
C003,IPL 2024 Final,YouTube,40754.0,0.463,11,2024-01-20,SOCIAL
C003,IPL 2024 Final,Facebook,39944.0,0.042,5,2024-01-20,SOCIAL
C004,Panchayat S3,Twitter,222.0,0.599,1,2024-01-20,SOCIAL
C004,Panchayat S3,Instagram,46626.0,-0.929,48,2024-01-20,SOCIAL
C004,Panchayat S3,YouTube,10542.0,-0.062,2,2024-01-20,SOCIAL
C004,Panchayat S3,Facebook,14386.0,0.505,20,2024-01-20,SOCIAL
C005,Mirzapur S3,Twitter,34425.0,-0.652,29,2024-01-20,SOCIAL
C005,Mirzapur S3,Instagram,20062.0,0.73,25,2024-01-20,SOCIAL
C005,Mirzapur S3,YouTube,13667.0,0.496,21,2024-01-20,SOCIAL
C005,Mirzapur S3,Facebook,8444.0,0.367,15,2024-01-20,SOCIAL
C001,Anupamaa S1,Twitter,22483.0,0.678,6,2024-01-21,SOCIAL
C001,Anupamaa S1,Instagram,,0.114,45,2024-01-21,SOCIAL
C001,Anupamaa S1,YouTube,49435.0,-0.698,16,2024-01-21,SOCIAL
C001,Anupamaa S1,Facebook,35492.0,99.0,28,2024-01-21,SOCIAL
C002,KBC Season 15,Twitter,44179.0,0.407,38,2024-01-21,SOCIAL
C002,KBC Season 15,Instagram,21695.0,0.011,27,2024-01-21,SOCIAL
C002,KBC Season 15,YouTube,9192.0,0.323,36,2024-01-21,SOCIAL
C002,KBC Season 15,Facebook,22044.0,-0.6,42,2024-01-21,SOCIAL
C003,IPL 2024 Final,Twitter,43656.0,0.749,46,2024-01-21,SOCIAL
C003,IPL 2024 Final,Instagram,6848.0,-0.812,11,2024-01-21,SOCIAL
C003,IPL 2024 Final,YouTube,33032.0,0.524,30,2024-01-21,SOCIAL
C003,IPL 2024 Final,Facebook,31847.0,0.59,2,2024-01-21,SOCIAL
C004,Panchayat S3,Twitter,13803.0,0.275,28,2024-01-21,SOCIAL
C004,Panchayat S3,Instagram,25327.0,-0.214,26,2024-01-21,SOCIAL
C004,Panchayat S3,YouTube,42759.0,0.44,40,2024-01-21,SOCIAL
C004,Panchayat S3,Facebook,20004.0,-0.04,33,2024-01-21,SOCIAL
C005,Mirzapur S3,Twitter,4925.0,0.3,11,2024-01-21,SOCIAL
C005,Mirzapur S3,Instagram,27241.0,0.903,21,2024-01-21,SOCIAL
C005,Mirzapur S3,YouTube,38210.0,0.031,22,2024-01-21,SOCIAL
C005,Mirzapur S3,Facebook,766.0,-0.615,44,2024-01-21,SOCIAL
C001,Anupamaa S1,Twitter,32300.0,0.222,46,2024-01-22,SOCIAL
C001,Anupamaa S1,Instagram,11439.0,0.336,39,2024-01-22,SOCIAL
C001,Anupamaa S1,YouTube,18324.0,0.976,2,2024-01-22,SOCIAL
C001,Anupamaa S1,Facebook,14840.0,-0.019,14,2024-01-22,SOCIAL
C002,KBC Season 15,Twitter,22712.0,0.266,13,2024-01-22,SOCIAL
C002,KBC Season 15,Instagram,43766.0,0.485,43,2024-01-22,SOCIAL
C002,KBC Season 15,YouTube,13264.0,-0.689,17,2024-01-22,SOCIAL
C002,KBC Season 15,Facebook,48573.0,-0.314,45,2024-01-22,SOCIAL
C003,IPL 2024 Final,Twitter,29474.0,0.906,22,2024-01-22,SOCIAL
C003,IPL 2024 Final,Instagram,27268.0,-0.097,7,2024-01-22,SOCIAL
C003,IPL 2024 Final,YouTube,38245.0,0.263,4,2024-01-22,SOCIAL
C003,IPL 2024 Final,Facebook,48044.0,-0.501,24,2024-01-22,SOCIAL
C004,Panchayat S3,Twitter,26498.0,0.003,36,2024-01-22,SOCIAL
C004,Panchayat S3,Instagram,4136.0,-0.088,5,2024-01-22,SOCIAL
C004,Panchayat S3,YouTube,8344.0,0.402,50,2024-01-22,SOCIAL
C004,Panchayat S3,Facebook,26184.0,-0.34,19,2024-01-22,SOCIAL
C005,Mirzapur S3,Twitter,40901.0,-0.416,35,2024-01-22,SOCIAL
C005,Mirzapur S3,Instagram,39659.0,-0.856,23,2024-01-22,SOCIAL
C005,Mirzapur S3,YouTube,10584.0,0.599,39,2024-01-22,SOCIAL
C005,Mirzapur S3,Facebook,33217.0,-0.524,33,2024-01-22,SOCIAL
C001,Anupamaa S1,Twitter,11191.0,0.819,46,2024-01-23,SOCIAL
C001,Anupamaa S1,Instagram,4938.0,-0.344,18,2024-01-23,SOCIAL
C001,Anupamaa S1,YouTube,38576.0,-0.066,32,2024-01-23,SOCIAL
C001,Anupamaa S1,Facebook,27209.0,-0.464,6,2024-01-23,SOCIAL
C002,KBC Season 15,Twitter,16227.0,-0.2,6,2024-01-23,SOCIAL
C002,KBC Season 15,Instagram,26852.0,0.714,29,2024-01-23,SOCIAL
C002,KBC Season 15,YouTube,27227.0,0.678,9,2024-01-23,SOCIAL
C002,KBC Season 15,Facebook,33401.0,0.804,11,2024-01-23,SOCIAL
C003,IPL 2024 Final,Twitter,8873.0,0.406,49,2024-01-23,SOCIAL
C003,IPL 2024 Final,Instagram,25444.0,-0.783,37,2024-01-23,SOCIAL
C003,IPL 2024 Final,YouTube,43059.0,99.0,18,2024-01-23,SOCIAL
C003,IPL 2024 Final,Facebook,46527.0,0.858,43,2024-01-23,SOCIAL
C004,Panchayat S3,Twitter,1653.0,0.779,9,2024-01-23,SOCIAL
C004,Panchayat S3,Instagram,36978.0,99.0,17,2024-01-23,SOCIAL
C004,Panchayat S3,YouTube,38137.0,0.557,13,2024-01-23,SOCIAL
C004,Panchayat S3,Facebook,44068.0,0.705,17,2024-01-23,SOCIAL
C005,Mirzapur S3,Twitter,48619.0,0.717,30,2024-01-23,SOCIAL
C005,Mirzapur S3,Instagram,31574.0,0.667,27,2024-01-23,SOCIAL
C005,Mirzapur S3,YouTube,25992.0,-0.846,16,2024-01-23,SOCIAL
C005,Mirzapur S3,Facebook,35642.0,0.072,28,2024-01-23,SOCIAL
C001,Anupamaa S1,Twitter,22595.0,0.251,2,2024-01-24,SOCIAL
C001,Anupamaa S1,Instagram,48386.0,0.913,3,2024-01-24,SOCIAL
C001,Anupamaa S1,YouTube,46436.0,0.79,6,2024-01-24,SOCIAL
C001,Anupamaa S1,Facebook,45807.0,-0.265,23,2024-01-24,SOCIAL
C002,KBC Season 15,Twitter,47303.0,-0.199,29,2024-01-24,SOCIAL
C002,KBC Season 15,Instagram,33888.0,-0.625,14,2024-01-24,SOCIAL
C002,KBC Season 15,YouTube,,0.394,48,2024-01-24,SOCIAL
C002,KBC Season 15,Facebook,23994.0,0.919,49,2024-01-24,SOCIAL
C003,IPL 2024 Final,Twitter,38841.0,0.513,25,2024-01-24,SOCIAL
C003,IPL 2024 Final,Instagram,1100.0,0.847,38,2024-01-24,SOCIAL
C003,IPL 2024 Final,YouTube,18763.0,-0.826,41,2024-01-24,SOCIAL
C003,IPL 2024 Final,Facebook,30225.0,-0.939,25,2024-01-24,SOCIAL
C004,Panchayat S3,Twitter,7051.0,0.124,21,2024-01-24,SOCIAL
C004,Panchayat S3,Instagram,44097.0,-0.541,3,2024-01-24,SOCIAL
C004,Panchayat S3,YouTube,46333.0,0.062,35,2024-01-24,SOCIAL
C004,Panchayat S3,Facebook,2825.0,0.99,29,2024-01-24,SOCIAL
C005,Mirzapur S3,Twitter,9000.0,-0.999,9,2024-01-24,SOCIAL
C005,Mirzapur S3,Instagram,2004.0,0.805,15,2024-01-24,SOCIAL
C005,Mirzapur S3,YouTube,41642.0,0.424,36,2024-01-24,SOCIAL
C005,Mirzapur S3,Facebook,36087.0,-0.8,5,2024-01-24,SOCIAL
C001,Anupamaa S1,Twitter,10450.0,-0.977,37,2024-01-25,SOCIAL
C001,Anupamaa S1,Instagram,40588.0,-0.146,31,2024-01-25,SOCIAL
C001,Anupamaa S1,YouTube,28189.0,0.957,29,2024-01-25,SOCIAL
C001,Anupamaa S1,Facebook,10840.0,0.889,13,2024-01-25,SOCIAL
C002,KBC Season 15,Twitter,42493.0,-0.112,19,2024-01-25,SOCIAL
C002,KBC Season 15,Instagram,16498.0,0.007,25,2024-01-25,SOCIAL
C002,KBC Season 15,YouTube,23797.0,-0.159,1,2024-01-25,SOCIAL
C002,KBC Season 15,Facebook,30246.0,0.281,38,2024-01-25,SOCIAL
C003,IPL 2024 Final,Twitter,41317.0,0.393,23,2024-01-25,SOCIAL
C003,IPL 2024 Final,Instagram,26683.0,0.319,21,2024-01-25,SOCIAL
C003,IPL 2024 Final,YouTube,32237.0,0.611,13,2024-01-25,SOCIAL
C003,IPL 2024 Final,Facebook,38697.0,-0.184,31,2024-01-25,SOCIAL
C004,Panchayat S3,Twitter,2326.0,-0.365,26,2024-01-25,SOCIAL
C004,Panchayat S3,Instagram,29629.0,-0.598,16,2024-01-25,SOCIAL
C004,Panchayat S3,YouTube,5073.0,-0.215,47,2024-01-25,SOCIAL
C004,Panchayat S3,Facebook,39224.0,-0.989,48,2024-01-25,SOCIAL
C005,Mirzapur S3,Twitter,22494.0,-0.459,28,2024-01-25,SOCIAL
C005,Mirzapur S3,Instagram,36128.0,0.308,32,2024-01-25,SOCIAL
C005,Mirzapur S3,YouTube,49007.0,0.934,46,2024-01-25,SOCIAL
C005,Mirzapur S3,Facebook,43424.0,-0.9,23,2024-01-25,SOCIAL
C001,Anupamaa S1,Twitter,,0.936,28,2024-01-26,SOCIAL
C001,Anupamaa S1,Instagram,35083.0,-0.751,11,2024-01-26,SOCIAL
C001,Anupamaa S1,YouTube,21760.0,-0.575,7,2024-01-26,SOCIAL
C001,Anupamaa S1,Facebook,9052.0,0.935,12,2024-01-26,SOCIAL
C002,KBC Season 15,Twitter,27783.0,0.678,27,2024-01-26,SOCIAL
C002,KBC Season 15,Instagram,8474.0,-0.368,32,2024-01-26,SOCIAL
C002,KBC Season 15,YouTube,33417.0,0.789,44,2024-01-26,SOCIAL
C002,KBC Season 15,Facebook,,0.127,34,2024-01-26,SOCIAL
C003,IPL 2024 Final,Twitter,,-0.388,6,2024-01-26,SOCIAL
C003,IPL 2024 Final,Instagram,19359.0,99.0,21,2024-01-26,SOCIAL
C003,IPL 2024 Final,YouTube,39971.0,0.575,50,2024-01-26,SOCIAL
C003,IPL 2024 Final,Facebook,48158.0,-0.974,2,2024-01-26,SOCIAL
C004,Panchayat S3,Twitter,4709.0,0.833,43,2024-01-26,SOCIAL
C004,Panchayat S3,Instagram,3743.0,0.932,3,2024-01-26,SOCIAL
C004,Panchayat S3,YouTube,29640.0,-0.581,33,2024-01-26,SOCIAL
C004,Panchayat S3,Facebook,21086.0,-0.485,29,2024-01-26,SOCIAL
C005,Mirzapur S3,Twitter,49794.0,0.418,41,2024-01-26,SOCIAL
C005,Mirzapur S3,Instagram,20352.0,0.457,19,2024-01-26,SOCIAL
C005,Mirzapur S3,YouTube,16091.0,0.689,49,2024-01-26,SOCIAL
C005,Mirzapur S3,Facebook,37616.0,-0.536,37,2024-01-26,SOCIAL
C001,Anupamaa S1,Twitter,41795.0,0.939,36,2024-01-27,SOCIAL
C001,Anupamaa S1,Instagram,39708.0,-0.447,14,2024-01-27,SOCIAL
C001,Anupamaa S1,YouTube,7132.0,0.149,21,2024-01-27,SOCIAL
C001,Anupamaa S1,Facebook,37798.0,-0.244,5,2024-01-27,SOCIAL
C002,KBC Season 15,Twitter,34419.0,-0.562,7,2024-01-27,SOCIAL
C002,KBC Season 15,Instagram,13281.0,0.918,23,2024-01-27,SOCIAL
C002,KBC Season 15,YouTube,19354.0,-0.748,43,2024-01-27,SOCIAL
C002,KBC Season 15,Facebook,35591.0,0.275,42,2024-01-27,SOCIAL
C003,IPL 2024 Final,Twitter,46612.0,-0.65,41,2024-01-27,SOCIAL
C003,IPL 2024 Final,Instagram,4540.0,-0.793,38,2024-01-27,SOCIAL
C003,IPL 2024 Final,YouTube,43105.0,-0.916,49,2024-01-27,SOCIAL
C003,IPL 2024 Final,Facebook,23258.0,0.202,48,2024-01-27,SOCIAL
C004,Panchayat S3,Twitter,1043.0,0.156,11,2024-01-27,SOCIAL
C004,Panchayat S3,Instagram,43473.0,0.155,5,2024-01-27,SOCIAL
C004,Panchayat S3,YouTube,11990.0,-0.373,29,2024-01-27,SOCIAL
C004,Panchayat S3,Facebook,40827.0,0.25,38,2024-01-27,SOCIAL
C005,Mirzapur S3,Twitter,2482.0,0.457,15,2024-01-27,SOCIAL
C005,Mirzapur S3,Instagram,,0.543,16,2024-01-27,SOCIAL
C005,Mirzapur S3,YouTube,36657.0,0.084,29,2024-01-27,SOCIAL
C005,Mirzapur S3,Facebook,44623.0,-0.163,30,2024-01-27,SOCIAL
C001,Anupamaa S1,Twitter,25605.0,0.705,3,2024-01-28,SOCIAL
C001,Anupamaa S1,Instagram,41568.0,-0.226,11,2024-01-28,SOCIAL
C001,Anupamaa S1,YouTube,47804.0,0.047,21,2024-01-28,SOCIAL
C001,Anupamaa S1,Facebook,4755.0,0.788,50,2024-01-28,SOCIAL
C002,KBC Season 15,Twitter,20399.0,-0.967,14,2024-01-28,SOCIAL
C002,KBC Season 15,Instagram,37073.0,0.224,31,2024-01-28,SOCIAL
C002,KBC Season 15,YouTube,36152.0,-0.564,30,2024-01-28,SOCIAL
C002,KBC Season 15,Facebook,18893.0,-0.42,45,2024-01-28,SOCIAL
C003,IPL 2024 Final,Twitter,42860.0,-0.611,34,2024-01-28,SOCIAL
C003,IPL 2024 Final,Instagram,6648.0,0.021,27,2024-01-28,SOCIAL
C003,IPL 2024 Final,YouTube,,-0.678,49,2024-01-28,SOCIAL
C003,IPL 2024 Final,Facebook,37355.0,0.329,41,2024-01-28,SOCIAL
C004,Panchayat S3,Twitter,40960.0,0.745,29,2024-01-28,SOCIAL
C004,Panchayat S3,Instagram,46345.0,-0.983,25,2024-01-28,SOCIAL
C004,Panchayat S3,YouTube,49390.0,-0.236,33,2024-01-28,SOCIAL
C004,Panchayat S3,Facebook,11034.0,0.755,31,2024-01-28,SOCIAL
C005,Mirzapur S3,Twitter,8122.0,-0.303,20,2024-01-28,SOCIAL
C005,Mirzapur S3,Instagram,36750.0,-0.84,21,2024-01-28,SOCIAL
C005,Mirzapur S3,YouTube,,-0.555,7,2024-01-28,SOCIAL
C005,Mirzapur S3,Facebook,5190.0,0.625,33,2024-01-28,SOCIAL
C001,Anupamaa S1,Twitter,27294.0,-0.887,29,2024-01-29,SOCIAL
C001,Anupamaa S1,Instagram,,-0.188,29,2024-01-29,SOCIAL
C001,Anupamaa S1,YouTube,32428.0,-0.857,9,2024-01-29,SOCIAL
C001,Anupamaa S1,Facebook,46259.0,0.564,43,2024-01-29,SOCIAL
C002,KBC Season 15,Twitter,36713.0,0.105,9,2024-01-29,SOCIAL
C002,KBC Season 15,Instagram,2286.0,0.749,4,2024-01-29,SOCIAL
C002,KBC Season 15,YouTube,10329.0,0.061,29,2024-01-29,SOCIAL
C002,KBC Season 15,Facebook,21044.0,0.608,18,2024-01-29,SOCIAL
C003,IPL 2024 Final,Twitter,2295.0,-0.285,40,2024-01-29,SOCIAL
C003,IPL 2024 Final,Instagram,49409.0,0.816,16,2024-01-29,SOCIAL
C003,IPL 2024 Final,YouTube,44636.0,0.672,14,2024-01-29,SOCIAL
C003,IPL 2024 Final,Facebook,27470.0,-0.974,29,2024-01-29,SOCIAL
C004,Panchayat S3,Twitter,32134.0,0.06,8,2024-01-29,SOCIAL
C004,Panchayat S3,Instagram,39069.0,0.744,11,2024-01-29,SOCIAL
C004,Panchayat S3,YouTube,17551.0,0.519,31,2024-01-29,SOCIAL
C004,Panchayat S3,Facebook,43510.0,0.858,25,2024-01-29,SOCIAL
C005,Mirzapur S3,Twitter,21309.0,-0.317,30,2024-01-29,SOCIAL
C005,Mirzapur S3,Instagram,4303.0,-0.621,26,2024-01-29,SOCIAL
C005,Mirzapur S3,YouTube,18568.0,0.152,27,2024-01-29,SOCIAL
C005,Mirzapur S3,Facebook,31336.0,0.896,45,2024-01-29,SOCIAL
C001,Anupamaa S1,Twitter,23921.0,-0.811,48,2024-01-30,SOCIAL
C001,Anupamaa S1,Instagram,20362.0,-0.367,29,2024-01-30,SOCIAL
C001,Anupamaa S1,YouTube,23456.0,0.531,23,2024-01-30,SOCIAL
C001,Anupamaa S1,Facebook,29158.0,0.438,20,2024-01-30,SOCIAL
C002,KBC Season 15,Twitter,44528.0,0.622,34,2024-01-30,SOCIAL
C002,KBC Season 15,Instagram,34954.0,-0.708,21,2024-01-30,SOCIAL
C002,KBC Season 15,YouTube,9242.0,0.441,42,2024-01-30,SOCIAL
C002,KBC Season 15,Facebook,39653.0,0.147,4,2024-01-30,SOCIAL
C003,IPL 2024 Final,Twitter,46446.0,-0.775,34,2024-01-30,SOCIAL
C003,IPL 2024 Final,Instagram,24040.0,0.897,49,2024-01-30,SOCIAL
C003,IPL 2024 Final,YouTube,6851.0,0.638,21,2024-01-30,SOCIAL
C003,IPL 2024 Final,Facebook,48322.0,-0.134,16,2024-01-30,SOCIAL
C004,Panchayat S3,Twitter,15318.0,0.087,23,2024-01-30,SOCIAL
C004,Panchayat S3,Instagram,4986.0,-0.36,28,2024-01-30,SOCIAL
C004,Panchayat S3,YouTube,18898.0,0.472,32,2024-01-30,SOCIAL
C004,Panchayat S3,Facebook,2529.0,0.298,4,2024-01-30,SOCIAL
C005,Mirzapur S3,Twitter,43420.0,-0.173,35,2024-01-30,SOCIAL
C005,Mirzapur S3,Instagram,705.0,0.941,35,2024-01-30,SOCIAL
C005,Mirzapur S3,YouTube,13356.0,0.008,14,2024-01-30,SOCIAL
C005,Mirzapur S3,Facebook,,0.719,15,2024-01-30,SOCIAL
C001,Anupamaa S1,Twitter,17085.0,-0.132,45,2024-01-31,SOCIAL
C001,Anupamaa S1,Instagram,,-0.645,32,2024-01-31,SOCIAL
C001,Anupamaa S1,YouTube,21074.0,0.018,28,2024-01-31,SOCIAL
C001,Anupamaa S1,Facebook,3483.0,-0.503,41,2024-01-31,SOCIAL
C002,KBC Season 15,Twitter,19708.0,0.493,23,2024-01-31,SOCIAL
C002,KBC Season 15,Instagram,,-0.594,16,2024-01-31,SOCIAL
C002,KBC Season 15,YouTube,13637.0,0.555,37,2024-01-31,SOCIAL
C002,KBC Season 15,Facebook,9978.0,-0.512,40,2024-01-31,SOCIAL
C003,IPL 2024 Final,Twitter,23664.0,-0.723,50,2024-01-31,SOCIAL
C003,IPL 2024 Final,Instagram,21138.0,-0.096,22,2024-01-31,SOCIAL
C003,IPL 2024 Final,YouTube,5154.0,-0.366,22,2024-01-31,SOCIAL
C003,IPL 2024 Final,Facebook,47447.0,-0.059,34,2024-01-31,SOCIAL
C004,Panchayat S3,Twitter,41909.0,-0.733,13,2024-01-31,SOCIAL
C004,Panchayat S3,Instagram,35188.0,0.088,41,2024-01-31,SOCIAL
C004,Panchayat S3,YouTube,13372.0,0.608,18,2024-01-31,SOCIAL
C004,Panchayat S3,Facebook,44483.0,0.478,10,2024-01-31,SOCIAL
C005,Mirzapur S3,Twitter,,-0.823,8,2024-01-31,SOCIAL
C005,Mirzapur S3,Instagram,43687.0,0.051,43,2024-01-31,SOCIAL
C005,Mirzapur S3,YouTube,,0.546,46,2024-01-31,SOCIAL
C005,Mirzapur S3,Facebook,45190.0,0.022,41,2024-01-31,SOCIAL
C001,Anupamaa S1,Twitter,24861.0,0.16,30,2024-02-01,SOCIAL
C001,Anupamaa S1,Instagram,48323.0,-0.498,27,2024-02-01,SOCIAL
C001,Anupamaa S1,YouTube,,0.611,14,2024-02-01,SOCIAL
C001,Anupamaa S1,Facebook,41557.0,-0.061,14,2024-02-01,SOCIAL
C002,KBC Season 15,Twitter,44961.0,0.113,42,2024-02-01,SOCIAL
C002,KBC Season 15,Instagram,18391.0,-0.061,49,2024-02-01,SOCIAL
C002,KBC Season 15,YouTube,29191.0,0.504,45,2024-02-01,SOCIAL
C002,KBC Season 15,Facebook,12251.0,-0.174,7,2024-02-01,SOCIAL
C003,IPL 2024 Final,Twitter,37507.0,0.982,13,2024-02-01,SOCIAL
C003,IPL 2024 Final,Instagram,8151.0,0.593,10,2024-02-01,SOCIAL
C003,IPL 2024 Final,YouTube,11821.0,0.448,18,2024-02-01,SOCIAL
C003,IPL 2024 Final,Facebook,6016.0,0.544,46,2024-02-01,SOCIAL
C004,Panchayat S3,Twitter,11614.0,0.866,45,2024-02-01,SOCIAL
C004,Panchayat S3,Instagram,14709.0,-0.721,49,2024-02-01,SOCIAL
C004,Panchayat S3,YouTube,45792.0,-0.998,49,2024-02-01,SOCIAL
C004,Panchayat S3,Facebook,25774.0,-0.629,16,2024-02-01,SOCIAL
C005,Mirzapur S3,Twitter,45005.0,0.16,47,2024-02-01,SOCIAL
C005,Mirzapur S3,Instagram,6312.0,0.823,24,2024-02-01,SOCIAL
C005,Mirzapur S3,YouTube,18094.0,-0.317,18,2024-02-01,SOCIAL
C005,Mirzapur S3,Facebook,4322.0,0.687,40,2024-02-01,SOCIAL
C001,Anupamaa S1,Twitter,10860.0,-0.363,34,2024-02-02,SOCIAL
C001,Anupamaa S1,Instagram,15765.0,-0.829,50,2024-02-02,SOCIAL
C001,Anupamaa S1,YouTube,335.0,-0.898,15,2024-02-02,SOCIAL
C001,Anupamaa S1,Facebook,22851.0,-0.195,2,2024-02-02,SOCIAL
C002,KBC Season 15,Twitter,13405.0,0.809,11,2024-02-02,SOCIAL
C002,KBC Season 15,Instagram,33201.0,-0.699,31,2024-02-02,SOCIAL
C002,KBC Season 15,YouTube,12603.0,-0.347,20,2024-02-02,SOCIAL
C002,KBC Season 15,Facebook,40232.0,-0.982,29,2024-02-02,SOCIAL
C003,IPL 2024 Final,Twitter,38082.0,0.627,35,2024-02-02,SOCIAL
C003,IPL 2024 Final,Instagram,,-0.279,7,2024-02-02,SOCIAL
C003,IPL 2024 Final,YouTube,28059.0,0.657,33,2024-02-02,SOCIAL
C003,IPL 2024 Final,Facebook,38387.0,0.428,42,2024-02-02,SOCIAL
C004,Panchayat S3,Twitter,9227.0,-0.815,10,2024-02-02,SOCIAL
C004,Panchayat S3,Instagram,48540.0,0.588,4,2024-02-02,SOCIAL
C004,Panchayat S3,YouTube,34474.0,-0.164,35,2024-02-02,SOCIAL
C004,Panchayat S3,Facebook,26824.0,0.814,21,2024-02-02,SOCIAL
C005,Mirzapur S3,Twitter,25392.0,-0.416,41,2024-02-02,SOCIAL
C005,Mirzapur S3,Instagram,13883.0,-0.404,25,2024-02-02,SOCIAL
C005,Mirzapur S3,YouTube,3412.0,0.37,34,2024-02-02,SOCIAL
C005,Mirzapur S3,Facebook,35375.0,-0.65,2,2024-02-02,SOCIAL
C001,Anupamaa S1,Twitter,37889.0,-0.66,24,2024-02-03,SOCIAL
C001,Anupamaa S1,Instagram,35776.0,-0.121,34,2024-02-03,SOCIAL
C001,Anupamaa S1,YouTube,39289.0,0.583,41,2024-02-03,SOCIAL
C001,Anupamaa S1,Facebook,19071.0,-0.21,43,2024-02-03,SOCIAL
C002,KBC Season 15,Twitter,14089.0,-0.214,5,2024-02-03,SOCIAL
C002,KBC Season 15,Instagram,26093.0,-0.595,2,2024-02-03,SOCIAL
C002,KBC Season 15,YouTube,,-0.413,3,2024-02-03,SOCIAL
C002,KBC Season 15,Facebook,6858.0,-0.062,48,2024-02-03,SOCIAL
C003,IPL 2024 Final,Twitter,25929.0,0.935,10,2024-02-03,SOCIAL
C003,IPL 2024 Final,Instagram,33795.0,0.539,16,2024-02-03,SOCIAL
C003,IPL 2024 Final,YouTube,13697.0,0.402,26,2024-02-03,SOCIAL
C003,IPL 2024 Final,Facebook,20520.0,0.217,33,2024-02-03,SOCIAL
C004,Panchayat S3,Twitter,18711.0,0.566,43,2024-02-03,SOCIAL
C004,Panchayat S3,Instagram,32842.0,-0.437,6,2024-02-03,SOCIAL
C004,Panchayat S3,YouTube,41498.0,-0.819,16,2024-02-03,SOCIAL
C004,Panchayat S3,Facebook,16754.0,0.706,46,2024-02-03,SOCIAL
C005,Mirzapur S3,Twitter,14686.0,0.717,44,2024-02-03,SOCIAL
C005,Mirzapur S3,Instagram,2365.0,-0.543,7,2024-02-03,SOCIAL
C005,Mirzapur S3,YouTube,4101.0,0.427,45,2024-02-03,SOCIAL
C005,Mirzapur S3,Facebook,,-0.224,16,2024-02-03,SOCIAL
C001,Anupamaa S1,Twitter,24698.0,-0.137,49,2024-02-04,SOCIAL
C001,Anupamaa S1,Instagram,9516.0,0.048,24,2024-02-04,SOCIAL
C001,Anupamaa S1,YouTube,20950.0,-0.388,19,2024-02-04,SOCIAL
C001,Anupamaa S1,Facebook,49260.0,-0.995,41,2024-02-04,SOCIAL
C002,KBC Season 15,Twitter,21811.0,-0.093,25,2024-02-04,SOCIAL
C002,KBC Season 15,Instagram,10078.0,-0.674,37,2024-02-04,SOCIAL
C002,KBC Season 15,YouTube,23168.0,-0.848,7,2024-02-04,SOCIAL
C002,KBC Season 15,Facebook,41640.0,-0.996,20,2024-02-04,SOCIAL
C003,IPL 2024 Final,Twitter,34640.0,-0.146,3,2024-02-04,SOCIAL
C003,IPL 2024 Final,Instagram,,0.462,50,2024-02-04,SOCIAL
C003,IPL 2024 Final,YouTube,27269.0,0.495,48,2024-02-04,SOCIAL
C003,IPL 2024 Final,Facebook,43342.0,0.581,12,2024-02-04,SOCIAL
C004,Panchayat S3,Twitter,25624.0,0.782,19,2024-02-04,SOCIAL
C004,Panchayat S3,Instagram,27549.0,0.182,41,2024-02-04,SOCIAL
C004,Panchayat S3,YouTube,6909.0,-0.116,40,2024-02-04,SOCIAL
C004,Panchayat S3,Facebook,43361.0,-0.329,33,2024-02-04,SOCIAL
C005,Mirzapur S3,Twitter,41663.0,0.249,47,2024-02-04,SOCIAL
C005,Mirzapur S3,Instagram,24986.0,0.782,9,2024-02-04,SOCIAL
C005,Mirzapur S3,YouTube,20564.0,-0.445,2,2024-02-04,SOCIAL
C005,Mirzapur S3,Facebook,27390.0,-0.222,32,2024-02-04,SOCIAL
C001,Anupamaa S1,Twitter,35862.0,0.089,21,2024-02-05,SOCIAL
C001,Anupamaa S1,Instagram,30943.0,0.747,15,2024-02-05,SOCIAL
C001,Anupamaa S1,YouTube,9766.0,0.818,28,2024-02-05,SOCIAL
C001,Anupamaa S1,Facebook,22981.0,-0.888,12,2024-02-05,SOCIAL
C002,KBC Season 15,Twitter,44880.0,-0.452,14,2024-02-05,SOCIAL
C002,KBC Season 15,Instagram,34495.0,0.144,23,2024-02-05,SOCIAL
C002,KBC Season 15,YouTube,17537.0,0.485,1,2024-02-05,SOCIAL
C002,KBC Season 15,Facebook,30306.0,-0.847,5,2024-02-05,SOCIAL
C003,IPL 2024 Final,Twitter,42189.0,0.85,44,2024-02-05,SOCIAL
C003,IPL 2024 Final,Instagram,30512.0,0.512,40,2024-02-05,SOCIAL
C003,IPL 2024 Final,YouTube,33904.0,-0.25,11,2024-02-05,SOCIAL
C003,IPL 2024 Final,Facebook,,0.322,2,2024-02-05,SOCIAL
C004,Panchayat S3,Twitter,22779.0,0.277,48,2024-02-05,SOCIAL
C004,Panchayat S3,Instagram,2094.0,0.681,28,2024-02-05,SOCIAL
C004,Panchayat S3,YouTube,29231.0,-0.811,35,2024-02-05,SOCIAL
C004,Panchayat S3,Facebook,22370.0,-0.532,15,2024-02-05,SOCIAL
C005,Mirzapur S3,Twitter,43160.0,-0.602,8,2024-02-05,SOCIAL
C005,Mirzapur S3,Instagram,32842.0,0.528,17,2024-02-05,SOCIAL
C005,Mirzapur S3,YouTube,29924.0,0.15,21,2024-02-05,SOCIAL
C005,Mirzapur S3,Facebook,23485.0,-0.489,5,2024-02-05,SOCIAL
C001,Anupamaa S1,Twitter,11287.0,0.126,36,2024-02-06,SOCIAL
C001,Anupamaa S1,Instagram,45647.0,-0.668,49,2024-02-06,SOCIAL
C001,Anupamaa S1,YouTube,49804.0,0.158,11,2024-02-06,SOCIAL
C001,Anupamaa S1,Facebook,479.0,0.641,12,2024-02-06,SOCIAL
C002,KBC Season 15,Twitter,33369.0,0.916,36,2024-02-06,SOCIAL
C002,KBC Season 15,Instagram,4833.0,-0.287,42,2024-02-06,SOCIAL
C002,KBC Season 15,YouTube,11961.0,-0.905,38,2024-02-06,SOCIAL
C002,KBC Season 15,Facebook,44668.0,-0.292,8,2024-02-06,SOCIAL
C003,IPL 2024 Final,Twitter,28967.0,0.746,36,2024-02-06,SOCIAL
C003,IPL 2024 Final,Instagram,334.0,-0.76,11,2024-02-06,SOCIAL
C003,IPL 2024 Final,YouTube,27432.0,0.215,11,2024-02-06,SOCIAL
C003,IPL 2024 Final,Facebook,21999.0,0.93,21,2024-02-06,SOCIAL
C004,Panchayat S3,Twitter,,-0.886,48,2024-02-06,SOCIAL
C004,Panchayat S3,Instagram,15040.0,0.974,9,2024-02-06,SOCIAL
C004,Panchayat S3,YouTube,18355.0,0.5,39,2024-02-06,SOCIAL
C004,Panchayat S3,Facebook,4252.0,-0.537,39,2024-02-06,SOCIAL
C005,Mirzapur S3,Twitter,19455.0,-0.523,16,2024-02-06,SOCIAL
C005,Mirzapur S3,Instagram,45188.0,0.501,24,2024-02-06,SOCIAL
C005,Mirzapur S3,YouTube,3103.0,0.484,11,2024-02-06,SOCIAL
C005,Mirzapur S3,Facebook,31973.0,-0.499,26,2024-02-06,SOCIAL
C001,Anupamaa S1,Twitter,10058.0,0.577,16,2024-02-07,SOCIAL
C001,Anupamaa S1,Instagram,36875.0,-0.539,19,2024-02-07,SOCIAL
C001,Anupamaa S1,YouTube,19478.0,-0.905,44,2024-02-07,SOCIAL
C001,Anupamaa S1,Facebook,15302.0,-0.036,26,2024-02-07,SOCIAL
C002,KBC Season 15,Twitter,23350.0,-0.486,39,2024-02-07,SOCIAL
C002,KBC Season 15,Instagram,38375.0,0.184,10,2024-02-07,SOCIAL
C002,KBC Season 15,YouTube,48029.0,0.124,23,2024-02-07,SOCIAL
C002,KBC Season 15,Facebook,48424.0,0.049,13,2024-02-07,SOCIAL
C003,IPL 2024 Final,Twitter,14830.0,0.971,34,2024-02-07,SOCIAL
C003,IPL 2024 Final,Instagram,27027.0,0.281,7,2024-02-07,SOCIAL
C003,IPL 2024 Final,YouTube,18940.0,0.113,42,2024-02-07,SOCIAL
C003,IPL 2024 Final,Facebook,16208.0,0.659,38,2024-02-07,SOCIAL
C004,Panchayat S3,Twitter,42623.0,-0.906,21,2024-02-07,SOCIAL
C004,Panchayat S3,Instagram,1433.0,-0.335,4,2024-02-07,SOCIAL
C004,Panchayat S3,YouTube,49510.0,0.66,43,2024-02-07,SOCIAL
C004,Panchayat S3,Facebook,33599.0,0.71,43,2024-02-07,SOCIAL
C005,Mirzapur S3,Twitter,7034.0,-0.331,2,2024-02-07,SOCIAL
C005,Mirzapur S3,Instagram,20740.0,-0.764,9,2024-02-07,SOCIAL
C005,Mirzapur S3,YouTube,13954.0,-0.067,11,2024-02-07,SOCIAL
C005,Mirzapur S3,Facebook,6966.0,-0.881,4,2024-02-07,SOCIAL
C001,Anupamaa S1,Twitter,31773.0,-0.494,17,2024-02-08,SOCIAL
C001,Anupamaa S1,Instagram,30936.0,0.145,15,2024-02-08,SOCIAL
C001,Anupamaa S1,YouTube,37324.0,-0.786,5,2024-02-08,SOCIAL
C001,Anupamaa S1,Facebook,31011.0,-0.75,17,2024-02-08,SOCIAL
C002,KBC Season 15,Twitter,46909.0,-0.98,13,2024-02-08,SOCIAL
C002,KBC Season 15,Instagram,46632.0,-0.488,26,2024-02-08,SOCIAL
C002,KBC Season 15,YouTube,34694.0,0.359,33,2024-02-08,SOCIAL
C002,KBC Season 15,Facebook,45176.0,-0.446,34,2024-02-08,SOCIAL
C003,IPL 2024 Final,Twitter,26060.0,-0.341,32,2024-02-08,SOCIAL
C003,IPL 2024 Final,Instagram,49534.0,-0.584,19,2024-02-08,SOCIAL
C003,IPL 2024 Final,YouTube,18327.0,0.198,26,2024-02-08,SOCIAL
C003,IPL 2024 Final,Facebook,,0.891,29,2024-02-08,SOCIAL
C004,Panchayat S3,Twitter,8953.0,-0.562,25,2024-02-08,SOCIAL
C004,Panchayat S3,Instagram,47915.0,-0.884,19,2024-02-08,SOCIAL
C004,Panchayat S3,YouTube,30899.0,-0.473,10,2024-02-08,SOCIAL
C004,Panchayat S3,Facebook,537.0,0.117,35,2024-02-08,SOCIAL
C005,Mirzapur S3,Twitter,203.0,-0.614,34,2024-02-08,SOCIAL
C005,Mirzapur S3,Instagram,39042.0,-0.579,41,2024-02-08,SOCIAL
C005,Mirzapur S3,YouTube,10182.0,-0.289,9,2024-02-08,SOCIAL
C005,Mirzapur S3,Facebook,35062.0,0.357,38,2024-02-08,SOCIAL
C001,Anupamaa S1,Twitter,41069.0,-0.436,20,2024-02-09,SOCIAL
C001,Anupamaa S1,Instagram,14252.0,0.162,50,2024-02-09,SOCIAL
C001,Anupamaa S1,YouTube,24021.0,-0.766,2,2024-02-09,SOCIAL
C001,Anupamaa S1,Facebook,9060.0,-0.208,50,2024-02-09,SOCIAL
C002,KBC Season 15,Twitter,46535.0,-0.343,29,2024-02-09,SOCIAL
C002,KBC Season 15,Instagram,24575.0,-0.735,28,2024-02-09,SOCIAL
C002,KBC Season 15,YouTube,,0.121,36,2024-02-09,SOCIAL
C002,KBC Season 15,Facebook,3463.0,-0.566,48,2024-02-09,SOCIAL
C003,IPL 2024 Final,Twitter,6564.0,-0.145,26,2024-02-09,SOCIAL
C003,IPL 2024 Final,Instagram,,0.046,30,2024-02-09,SOCIAL
C003,IPL 2024 Final,YouTube,20750.0,-0.701,42,2024-02-09,SOCIAL
C003,IPL 2024 Final,Facebook,36372.0,-0.866,22,2024-02-09,SOCIAL
C004,Panchayat S3,Twitter,16097.0,-0.025,18,2024-02-09,SOCIAL
C004,Panchayat S3,Instagram,10371.0,0.22,33,2024-02-09,SOCIAL
C004,Panchayat S3,YouTube,15175.0,0.512,15,2024-02-09,SOCIAL
C004,Panchayat S3,Facebook,848.0,-0.582,40,2024-02-09,SOCIAL
C005,Mirzapur S3,Twitter,23555.0,-0.519,24,2024-02-09,SOCIAL
C005,Mirzapur S3,Instagram,8989.0,0.481,26,2024-02-09,SOCIAL
C005,Mirzapur S3,YouTube,2837.0,0.044,35,2024-02-09,SOCIAL
C005,Mirzapur S3,Facebook,22757.0,-0.624,39,2024-02-09,SOCIAL
C001,Anupamaa S1,Twitter,36725.0,0.673,16,2024-02-10,SOCIAL
C001,Anupamaa S1,Instagram,19123.0,0.41,2,2024-02-10,SOCIAL
C001,Anupamaa S1,YouTube,,-0.832,40,2024-02-10,SOCIAL
C001,Anupamaa S1,Facebook,39579.0,-0.022,47,2024-02-10,SOCIAL
C002,KBC Season 15,Twitter,20060.0,-0.089,22,2024-02-10,SOCIAL
C002,KBC Season 15,Instagram,17947.0,0.455,13,2024-02-10,SOCIAL
C002,KBC Season 15,YouTube,44137.0,0.739,29,2024-02-10,SOCIAL
C002,KBC Season 15,Facebook,30457.0,-0.926,49,2024-02-10,SOCIAL
C003,IPL 2024 Final,Twitter,38665.0,0.906,3,2024-02-10,SOCIAL
C003,IPL 2024 Final,Instagram,37843.0,0.966,30,2024-02-10,SOCIAL
C003,IPL 2024 Final,YouTube,35096.0,-0.864,20,2024-02-10,SOCIAL
C003,IPL 2024 Final,Facebook,23994.0,0.646,25,2024-02-10,SOCIAL
C004,Panchayat S3,Twitter,,0.15,29,2024-02-10,SOCIAL
C004,Panchayat S3,Instagram,15370.0,0.219,7,2024-02-10,SOCIAL
C004,Panchayat S3,YouTube,2152.0,0.327,50,2024-02-10,SOCIAL
C004,Panchayat S3,Facebook,45134.0,-0.498,22,2024-02-10,SOCIAL
C005,Mirzapur S3,Twitter,30911.0,-0.589,26,2024-02-10,SOCIAL
C005,Mirzapur S3,Instagram,35583.0,0.808,47,2024-02-10,SOCIAL
C005,Mirzapur S3,YouTube,38147.0,-0.807,4,2024-02-10,SOCIAL
C005,Mirzapur S3,Facebook,34105.0,0.73,2,2024-02-10,SOCIAL
C001,Anupamaa S1,Twitter,19324.0,0.621,46,2024-02-11,SOCIAL
C001,Anupamaa S1,Instagram,,-0.006,21,2024-02-11,SOCIAL
C001,Anupamaa S1,YouTube,28235.0,0.25,18,2024-02-11,SOCIAL
C001,Anupamaa S1,Facebook,14162.0,-0.937,46,2024-02-11,SOCIAL
C002,KBC Season 15,Twitter,10687.0,0.61,44,2024-02-11,SOCIAL
C002,KBC Season 15,Instagram,33055.0,0.32,33,2024-02-11,SOCIAL
C002,KBC Season 15,YouTube,30005.0,0.324,5,2024-02-11,SOCIAL
C002,KBC Season 15,Facebook,44496.0,0.438,37,2024-02-11,SOCIAL
C003,IPL 2024 Final,Twitter,38647.0,-0.798,21,2024-02-11,SOCIAL
C003,IPL 2024 Final,Instagram,33280.0,-0.075,15,2024-02-11,SOCIAL
C003,IPL 2024 Final,YouTube,26981.0,-0.506,49,2024-02-11,SOCIAL
C003,IPL 2024 Final,Facebook,4696.0,-0.763,17,2024-02-11,SOCIAL
C004,Panchayat S3,Twitter,35360.0,0.718,29,2024-02-11,SOCIAL
C004,Panchayat S3,Instagram,36533.0,0.834,27,2024-02-11,SOCIAL
C004,Panchayat S3,YouTube,29542.0,0.866,8,2024-02-11,SOCIAL
C004,Panchayat S3,Facebook,9628.0,-0.23,31,2024-02-11,SOCIAL
C005,Mirzapur S3,Twitter,45597.0,-0.68,5,2024-02-11,SOCIAL
C005,Mirzapur S3,Instagram,,0.938,50,2024-02-11,SOCIAL
C005,Mirzapur S3,YouTube,38559.0,0.68,11,2024-02-11,SOCIAL
C005,Mirzapur S3,Facebook,32248.0,0.516,40,2024-02-11,SOCIAL
C001,Anupamaa S1,Twitter,42130.0,0.696,33,2024-02-12,SOCIAL
C001,Anupamaa S1,Instagram,24153.0,0.824,11,2024-02-12,SOCIAL
C001,Anupamaa S1,YouTube,17024.0,0.155,44,2024-02-12,SOCIAL
C001,Anupamaa S1,Facebook,38274.0,99.0,26,2024-02-12,SOCIAL
C002,KBC Season 15,Twitter,1792.0,0.276,19,2024-02-12,SOCIAL
C002,KBC Season 15,Instagram,6648.0,0.438,23,2024-02-12,SOCIAL
C002,KBC Season 15,YouTube,44493.0,0.999,50,2024-02-12,SOCIAL
C002,KBC Season 15,Facebook,22037.0,0.751,13,2024-02-12,SOCIAL
C003,IPL 2024 Final,Twitter,30587.0,0.427,4,2024-02-12,SOCIAL
C003,IPL 2024 Final,Instagram,,0.59,14,2024-02-12,SOCIAL
C003,IPL 2024 Final,YouTube,29966.0,0.798,14,2024-02-12,SOCIAL
C003,IPL 2024 Final,Facebook,8225.0,0.059,24,2024-02-12,SOCIAL
C004,Panchayat S3,Twitter,37159.0,-0.193,32,2024-02-12,SOCIAL
C004,Panchayat S3,Instagram,1528.0,-0.014,8,2024-02-12,SOCIAL
C004,Panchayat S3,YouTube,,0.503,17,2024-02-12,SOCIAL
C004,Panchayat S3,Facebook,16829.0,0.095,7,2024-02-12,SOCIAL
C005,Mirzapur S3,Twitter,17859.0,0.499,1,2024-02-12,SOCIAL
C005,Mirzapur S3,Instagram,,-0.882,47,2024-02-12,SOCIAL
C005,Mirzapur S3,YouTube,17908.0,-0.928,29,2024-02-12,SOCIAL
C005,Mirzapur S3,Facebook,24321.0,-0.179,10,2024-02-12,SOCIAL
C001,Anupamaa S1,Twitter,15726.0,0.548,8,2024-02-13,SOCIAL
C001,Anupamaa S1,Instagram,3436.0,0.453,20,2024-02-13,SOCIAL
C001,Anupamaa S1,YouTube,2744.0,-0.111,39,2024-02-13,SOCIAL
C001,Anupamaa S1,Facebook,31968.0,-0.682,27,2024-02-13,SOCIAL
C002,KBC Season 15,Twitter,34444.0,0.481,12,2024-02-13,SOCIAL
C002,KBC Season 15,Instagram,48136.0,0.124,43,2024-02-13,SOCIAL
C002,KBC Season 15,YouTube,21739.0,0.498,20,2024-02-13,SOCIAL
C002,KBC Season 15,Facebook,10183.0,-0.093,14,2024-02-13,SOCIAL
C003,IPL 2024 Final,Twitter,48769.0,-0.465,38,2024-02-13,SOCIAL
C003,IPL 2024 Final,Instagram,46708.0,-0.029,48,2024-02-13,SOCIAL
C003,IPL 2024 Final,YouTube,39369.0,-0.702,24,2024-02-13,SOCIAL
C003,IPL 2024 Final,Facebook,7630.0,0.594,42,2024-02-13,SOCIAL
C004,Panchayat S3,Twitter,39196.0,-0.039,13,2024-02-13,SOCIAL
C004,Panchayat S3,Instagram,27038.0,-0.184,21,2024-02-13,SOCIAL
C004,Panchayat S3,YouTube,18178.0,-0.109,24,2024-02-13,SOCIAL
C004,Panchayat S3,Facebook,33440.0,0.803,30,2024-02-13,SOCIAL
C005,Mirzapur S3,Twitter,36819.0,0.404,43,2024-02-13,SOCIAL
C005,Mirzapur S3,Instagram,47747.0,-0.513,43,2024-02-13,SOCIAL
C005,Mirzapur S3,YouTube,31840.0,0.82,4,2024-02-13,SOCIAL
C005,Mirzapur S3,Facebook,46031.0,99.0,38,2024-02-13,SOCIAL
C001,Anupamaa S1,Twitter,48914.0,0.392,23,2024-02-14,SOCIAL
C001,Anupamaa S1,Instagram,42538.0,0.428,4,2024-02-14,SOCIAL
C001,Anupamaa S1,YouTube,28291.0,0.386,32,2024-02-14,SOCIAL
C001,Anupamaa S1,Facebook,30219.0,99.0,21,2024-02-14,SOCIAL
C002,KBC Season 15,Twitter,12882.0,0.429,1,2024-02-14,SOCIAL
C002,KBC Season 15,Instagram,41727.0,-0.786,19,2024-02-14,SOCIAL
C002,KBC Season 15,YouTube,14806.0,0.401,17,2024-02-14,SOCIAL
C002,KBC Season 15,Facebook,4115.0,0.926,11,2024-02-14,SOCIAL
C003,IPL 2024 Final,Twitter,23050.0,-0.246,4,2024-02-14,SOCIAL
C003,IPL 2024 Final,Instagram,3163.0,-0.413,13,2024-02-14,SOCIAL
C003,IPL 2024 Final,YouTube,6627.0,-0.182,26,2024-02-14,SOCIAL
C003,IPL 2024 Final,Facebook,32488.0,-0.07,10,2024-02-14,SOCIAL
C004,Panchayat S3,Twitter,31576.0,0.553,1,2024-02-14,SOCIAL
C004,Panchayat S3,Instagram,28792.0,-0.779,10,2024-02-14,SOCIAL
C004,Panchayat S3,YouTube,29452.0,0.151,46,2024-02-14,SOCIAL
C004,Panchayat S3,Facebook,48267.0,0.377,7,2024-02-14,SOCIAL
C005,Mirzapur S3,Twitter,28875.0,-0.14,48,2024-02-14,SOCIAL
C005,Mirzapur S3,Instagram,21451.0,-0.981,49,2024-02-14,SOCIAL
C005,Mirzapur S3,YouTube,19474.0,-0.643,45,2024-02-14,SOCIAL
C005,Mirzapur S3,Facebook,30149.0,-0.685,47,2024-02-14,SOCIAL
C001,Anupamaa S1,Twitter,39912.0,0.834,45,2024-02-15,SOCIAL
C001,Anupamaa S1,Instagram,19374.0,-0.579,36,2024-02-15,SOCIAL
C001,Anupamaa S1,YouTube,41327.0,-0.799,47,2024-02-15,SOCIAL
C001,Anupamaa S1,Facebook,26786.0,-0.076,9,2024-02-15,SOCIAL
C002,KBC Season 15,Twitter,11106.0,0.696,29,2024-02-15,SOCIAL
C002,KBC Season 15,Instagram,2370.0,-0.712,23,2024-02-15,SOCIAL
C002,KBC Season 15,YouTube,20547.0,-0.507,5,2024-02-15,SOCIAL
C002,KBC Season 15,Facebook,26069.0,0.281,15,2024-02-15,SOCIAL
C003,IPL 2024 Final,Twitter,37753.0,-0.867,33,2024-02-15,SOCIAL
C003,IPL 2024 Final,Instagram,20349.0,0.991,18,2024-02-15,SOCIAL
C003,IPL 2024 Final,YouTube,31720.0,-0.748,27,2024-02-15,SOCIAL
C003,IPL 2024 Final,Facebook,3650.0,0.652,25,2024-02-15,SOCIAL
C004,Panchayat S3,Twitter,30731.0,0.978,33,2024-02-15,SOCIAL
C004,Panchayat S3,Instagram,10426.0,0.962,3,2024-02-15,SOCIAL
C004,Panchayat S3,YouTube,44799.0,-0.592,40,2024-02-15,SOCIAL
C004,Panchayat S3,Facebook,1505.0,-0.218,7,2024-02-15,SOCIAL
C005,Mirzapur S3,Twitter,21089.0,0.42,45,2024-02-15,SOCIAL
C005,Mirzapur S3,Instagram,23097.0,-0.934,12,2024-02-15,SOCIAL
C005,Mirzapur S3,YouTube,25847.0,0.821,16,2024-02-15,SOCIAL
C005,Mirzapur S3,Facebook,16966.0,-0.941,40,2024-02-15,SOCIAL
C001,Anupamaa S1,Twitter,30984.0,-0.547,9,2024-02-16,SOCIAL
C001,Anupamaa S1,Instagram,10240.0,0.586,44,2024-02-16,SOCIAL
C001,Anupamaa S1,YouTube,3732.0,0.631,46,2024-02-16,SOCIAL
C001,Anupamaa S1,Facebook,28408.0,99.0,28,2024-02-16,SOCIAL
C002,KBC Season 15,Twitter,26704.0,0.94,19,2024-02-16,SOCIAL
C002,KBC Season 15,Instagram,43090.0,99.0,15,2024-02-16,SOCIAL
C002,KBC Season 15,YouTube,48326.0,0.27,18,2024-02-16,SOCIAL
C002,KBC Season 15,Facebook,10374.0,0.254,42,2024-02-16,SOCIAL
C003,IPL 2024 Final,Twitter,7565.0,0.383,27,2024-02-16,SOCIAL
C003,IPL 2024 Final,Instagram,37140.0,-0.445,22,2024-02-16,SOCIAL
C003,IPL 2024 Final,YouTube,14758.0,0.403,33,2024-02-16,SOCIAL
C003,IPL 2024 Final,Facebook,48951.0,-0.131,5,2024-02-16,SOCIAL
C004,Panchayat S3,Twitter,30663.0,0.1,1,2024-02-16,SOCIAL
C004,Panchayat S3,Instagram,24066.0,0.108,5,2024-02-16,SOCIAL
C004,Panchayat S3,YouTube,15812.0,0.952,34,2024-02-16,SOCIAL
C004,Panchayat S3,Facebook,2198.0,0.907,29,2024-02-16,SOCIAL
C005,Mirzapur S3,Twitter,14803.0,-0.626,15,2024-02-16,SOCIAL
C005,Mirzapur S3,Instagram,24883.0,0.552,29,2024-02-16,SOCIAL
C005,Mirzapur S3,YouTube,36663.0,0.514,42,2024-02-16,SOCIAL
C005,Mirzapur S3,Facebook,,-0.23,23,2024-02-16,SOCIAL
C001,Anupamaa S1,Twitter,21874.0,0.664,9,2024-02-17,SOCIAL
C001,Anupamaa S1,Instagram,26888.0,-0.78,8,2024-02-17,SOCIAL
C001,Anupamaa S1,YouTube,2077.0,-0.119,48,2024-02-17,SOCIAL
C001,Anupamaa S1,Facebook,22892.0,0.331,32,2024-02-17,SOCIAL
C002,KBC Season 15,Twitter,650.0,-0.272,11,2024-02-17,SOCIAL
C002,KBC Season 15,Instagram,40922.0,0.893,3,2024-02-17,SOCIAL
C002,KBC Season 15,YouTube,,-0.203,32,2024-02-17,SOCIAL
C002,KBC Season 15,Facebook,17593.0,-0.421,9,2024-02-17,SOCIAL
C003,IPL 2024 Final,Twitter,12614.0,-0.313,44,2024-02-17,SOCIAL
C003,IPL 2024 Final,Instagram,38548.0,0.165,45,2024-02-17,SOCIAL
C003,IPL 2024 Final,YouTube,35893.0,0.179,42,2024-02-17,SOCIAL
C003,IPL 2024 Final,Facebook,11459.0,0.866,21,2024-02-17,SOCIAL
C004,Panchayat S3,Twitter,36886.0,-0.206,10,2024-02-17,SOCIAL
C004,Panchayat S3,Instagram,26259.0,-0.507,28,2024-02-17,SOCIAL
C004,Panchayat S3,YouTube,1735.0,-0.93,42,2024-02-17,SOCIAL
C004,Panchayat S3,Facebook,12360.0,-0.331,23,2024-02-17,SOCIAL
C005,Mirzapur S3,Twitter,4222.0,-0.268,31,2024-02-17,SOCIAL
C005,Mirzapur S3,Instagram,49996.0,0.903,49,2024-02-17,SOCIAL
C005,Mirzapur S3,YouTube,29377.0,0.39,24,2024-02-17,SOCIAL
C005,Mirzapur S3,Facebook,5051.0,0.732,13,2024-02-17,SOCIAL
C001,Anupamaa S1,Twitter,31204.0,0.755,17,2024-02-18,SOCIAL
C001,Anupamaa S1,Instagram,38632.0,-0.331,5,2024-02-18,SOCIAL
C001,Anupamaa S1,YouTube,11415.0,-0.091,13,2024-02-18,SOCIAL
C001,Anupamaa S1,Facebook,17605.0,0.53,17,2024-02-18,SOCIAL
C002,KBC Season 15,Twitter,22004.0,0.06,2,2024-02-18,SOCIAL
C002,KBC Season 15,Instagram,43946.0,-0.868,32,2024-02-18,SOCIAL
C002,KBC Season 15,YouTube,27828.0,0.375,8,2024-02-18,SOCIAL
C002,KBC Season 15,Facebook,13034.0,0.876,27,2024-02-18,SOCIAL
C003,IPL 2024 Final,Twitter,5944.0,-0.207,44,2024-02-18,SOCIAL
C003,IPL 2024 Final,Instagram,24787.0,-0.846,10,2024-02-18,SOCIAL
C003,IPL 2024 Final,YouTube,45969.0,0.609,28,2024-02-18,SOCIAL
C003,IPL 2024 Final,Facebook,22079.0,-0.503,10,2024-02-18,SOCIAL
C004,Panchayat S3,Twitter,8456.0,0.694,17,2024-02-18,SOCIAL
C004,Panchayat S3,Instagram,29568.0,-0.922,44,2024-02-18,SOCIAL
C004,Panchayat S3,YouTube,33527.0,-0.81,1,2024-02-18,SOCIAL
C004,Panchayat S3,Facebook,7126.0,-0.46,45,2024-02-18,SOCIAL
C005,Mirzapur S3,Twitter,7187.0,-0.664,47,2024-02-18,SOCIAL
C005,Mirzapur S3,Instagram,29114.0,-0.855,36,2024-02-18,SOCIAL
C005,Mirzapur S3,YouTube,35177.0,-0.455,50,2024-02-18,SOCIAL
C005,Mirzapur S3,Facebook,36508.0,0.202,43,2024-02-18,SOCIAL
C001,Anupamaa S1,Twitter,16554.0,-0.507,50,2024-02-19,SOCIAL
C001,Anupamaa S1,Instagram,19894.0,0.108,49,2024-02-19,SOCIAL
C001,Anupamaa S1,YouTube,42559.0,0.455,47,2024-02-19,SOCIAL
C001,Anupamaa S1,Facebook,,0.619,26,2024-02-19,SOCIAL
C002,KBC Season 15,Twitter,33872.0,-0.78,49,2024-02-19,SOCIAL
C002,KBC Season 15,Instagram,39518.0,-0.501,47,2024-02-19,SOCIAL
C002,KBC Season 15,YouTube,1030.0,0.042,2,2024-02-19,SOCIAL
C002,KBC Season 15,Facebook,21309.0,0.03,38,2024-02-19,SOCIAL
C003,IPL 2024 Final,Twitter,39947.0,0.745,22,2024-02-19,SOCIAL
C003,IPL 2024 Final,Instagram,42985.0,0.818,33,2024-02-19,SOCIAL
C003,IPL 2024 Final,YouTube,2839.0,0.093,18,2024-02-19,SOCIAL
C003,IPL 2024 Final,Facebook,1153.0,-0.615,19,2024-02-19,SOCIAL
C004,Panchayat S3,Twitter,46787.0,0.679,22,2024-02-19,SOCIAL
C004,Panchayat S3,Instagram,2284.0,0.106,48,2024-02-19,SOCIAL
C004,Panchayat S3,YouTube,7460.0,0.39,4,2024-02-19,SOCIAL
C004,Panchayat S3,Facebook,,-0.247,46,2024-02-19,SOCIAL
C005,Mirzapur S3,Twitter,14606.0,-0.317,42,2024-02-19,SOCIAL
C005,Mirzapur S3,Instagram,34061.0,0.441,43,2024-02-19,SOCIAL
C005,Mirzapur S3,YouTube,28419.0,0.621,38,2024-02-19,SOCIAL
C005,Mirzapur S3,Facebook,38785.0,-0.924,12,2024-02-19,SOCIAL
C001,Anupamaa S1,Twitter,7024.0,0.556,5,2024-02-20,SOCIAL
C001,Anupamaa S1,Instagram,6470.0,-0.178,27,2024-02-20,SOCIAL
C001,Anupamaa S1,YouTube,37350.0,-0.393,2,2024-02-20,SOCIAL
C001,Anupamaa S1,Facebook,9084.0,0.922,5,2024-02-20,SOCIAL
C002,KBC Season 15,Twitter,10635.0,0.825,19,2024-02-20,SOCIAL
C002,KBC Season 15,Instagram,28291.0,0.926,28,2024-02-20,SOCIAL
C002,KBC Season 15,YouTube,17026.0,-0.712,8,2024-02-20,SOCIAL
C002,KBC Season 15,Facebook,9866.0,0.411,47,2024-02-20,SOCIAL
C003,IPL 2024 Final,Twitter,47759.0,-0.307,34,2024-02-20,SOCIAL
C003,IPL 2024 Final,Instagram,12561.0,-0.207,11,2024-02-20,SOCIAL
C003,IPL 2024 Final,YouTube,3479.0,-0.086,18,2024-02-20,SOCIAL
C003,IPL 2024 Final,Facebook,40856.0,0.018,36,2024-02-20,SOCIAL
C004,Panchayat S3,Twitter,17366.0,0.17,45,2024-02-20,SOCIAL
C004,Panchayat S3,Instagram,47573.0,-0.358,5,2024-02-20,SOCIAL
C004,Panchayat S3,YouTube,11382.0,-0.222,38,2024-02-20,SOCIAL
C004,Panchayat S3,Facebook,9840.0,-0.999,15,2024-02-20,SOCIAL
C005,Mirzapur S3,Twitter,5279.0,0.448,17,2024-02-20,SOCIAL
C005,Mirzapur S3,Instagram,48930.0,-0.135,27,2024-02-20,SOCIAL
C005,Mirzapur S3,YouTube,45113.0,-0.292,46,2024-02-20,SOCIAL
C005,Mirzapur S3,Facebook,7963.0,0.518,26,2024-02-20,SOCIAL
C001,Anupamaa S1,Twitter,,-0.018,33,2024-02-21,SOCIAL
C001,Anupamaa S1,Instagram,41500.0,-0.807,2,2024-02-21,SOCIAL
C001,Anupamaa S1,YouTube,,0.96,40,2024-02-21,SOCIAL
C001,Anupamaa S1,Facebook,22733.0,0.699,20,2024-02-21,SOCIAL
C002,KBC Season 15,Twitter,15508.0,0.854,37,2024-02-21,SOCIAL
C002,KBC Season 15,Instagram,44363.0,0.508,19,2024-02-21,SOCIAL
C002,KBC Season 15,YouTube,42648.0,-0.799,18,2024-02-21,SOCIAL
C002,KBC Season 15,Facebook,23149.0,-0.921,25,2024-02-21,SOCIAL
C003,IPL 2024 Final,Twitter,9548.0,0.751,46,2024-02-21,SOCIAL
C003,IPL 2024 Final,Instagram,37032.0,0.755,13,2024-02-21,SOCIAL
C003,IPL 2024 Final,YouTube,8631.0,0.538,15,2024-02-21,SOCIAL
C003,IPL 2024 Final,Facebook,1605.0,-0.056,10,2024-02-21,SOCIAL
C004,Panchayat S3,Twitter,17874.0,0.787,36,2024-02-21,SOCIAL
C004,Panchayat S3,Instagram,32160.0,-0.229,7,2024-02-21,SOCIAL
C004,Panchayat S3,YouTube,12312.0,-0.174,14,2024-02-21,SOCIAL
C004,Panchayat S3,Facebook,43976.0,0.733,24,2024-02-21,SOCIAL
C005,Mirzapur S3,Twitter,23892.0,-0.02,21,2024-02-21,SOCIAL
C005,Mirzapur S3,Instagram,,-0.206,33,2024-02-21,SOCIAL
C005,Mirzapur S3,YouTube,48981.0,-0.973,21,2024-02-21,SOCIAL
C005,Mirzapur S3,Facebook,33130.0,-0.6,16,2024-02-21,SOCIAL
C001,Anupamaa S1,Twitter,20566.0,0.769,3,2024-02-22,SOCIAL
C001,Anupamaa S1,Instagram,34052.0,-0.562,18,2024-02-22,SOCIAL
C001,Anupamaa S1,YouTube,41616.0,0.631,18,2024-02-22,SOCIAL
C001,Anupamaa S1,Facebook,9324.0,0.351,31,2024-02-22,SOCIAL
C002,KBC Season 15,Twitter,33848.0,0.061,37,2024-02-22,SOCIAL
C002,KBC Season 15,Instagram,35864.0,0.856,8,2024-02-22,SOCIAL
C002,KBC Season 15,YouTube,38734.0,-0.656,28,2024-02-22,SOCIAL
C002,KBC Season 15,Facebook,,-0.234,25,2024-02-22,SOCIAL
C003,IPL 2024 Final,Twitter,40288.0,-0.608,24,2024-02-22,SOCIAL
C003,IPL 2024 Final,Instagram,43635.0,0.831,27,2024-02-22,SOCIAL
C003,IPL 2024 Final,YouTube,9410.0,0.904,28,2024-02-22,SOCIAL
C003,IPL 2024 Final,Facebook,45211.0,-0.674,16,2024-02-22,SOCIAL
C004,Panchayat S3,Twitter,27252.0,0.078,6,2024-02-22,SOCIAL
C004,Panchayat S3,Instagram,11504.0,-0.06,15,2024-02-22,SOCIAL
C004,Panchayat S3,YouTube,16766.0,-0.754,14,2024-02-22,SOCIAL
C004,Panchayat S3,Facebook,40275.0,0.479,46,2024-02-22,SOCIAL
C005,Mirzapur S3,Twitter,49421.0,0.999,22,2024-02-22,SOCIAL
C005,Mirzapur S3,Instagram,41700.0,0.98,36,2024-02-22,SOCIAL
C005,Mirzapur S3,YouTube,49147.0,0.558,3,2024-02-22,SOCIAL
C005,Mirzapur S3,Facebook,10651.0,0.81,9,2024-02-22,SOCIAL
C001,Anupamaa S1,Twitter,33780.0,-0.965,30,2024-02-23,SOCIAL
C001,Anupamaa S1,Instagram,32680.0,-0.839,2,2024-02-23,SOCIAL
C001,Anupamaa S1,YouTube,27657.0,-0.74,19,2024-02-23,SOCIAL
C001,Anupamaa S1,Facebook,23880.0,0.735,2,2024-02-23,SOCIAL
C002,KBC Season 15,Twitter,8850.0,0.498,43,2024-02-23,SOCIAL
C002,KBC Season 15,Instagram,49802.0,0.143,18,2024-02-23,SOCIAL
C002,KBC Season 15,YouTube,29907.0,-0.554,24,2024-02-23,SOCIAL
C002,KBC Season 15,Facebook,43808.0,-0.573,7,2024-02-23,SOCIAL
C003,IPL 2024 Final,Twitter,42209.0,-0.436,16,2024-02-23,SOCIAL
C003,IPL 2024 Final,Instagram,40816.0,-0.854,48,2024-02-23,SOCIAL
C003,IPL 2024 Final,YouTube,14318.0,-0.627,16,2024-02-23,SOCIAL
C003,IPL 2024 Final,Facebook,48331.0,0.4,34,2024-02-23,SOCIAL
C004,Panchayat S3,Twitter,28358.0,0.676,48,2024-02-23,SOCIAL
C004,Panchayat S3,Instagram,28080.0,0.933,37,2024-02-23,SOCIAL
C004,Panchayat S3,YouTube,41856.0,-0.9,28,2024-02-23,SOCIAL
C004,Panchayat S3,Facebook,27758.0,0.279,48,2024-02-23,SOCIAL
C005,Mirzapur S3,Twitter,,-0.059,42,2024-02-23,SOCIAL
C005,Mirzapur S3,Instagram,,-0.729,4,2024-02-23,SOCIAL
C005,Mirzapur S3,YouTube,46789.0,0.853,6,2024-02-23,SOCIAL
C005,Mirzapur S3,Facebook,,0.745,19,2024-02-23,SOCIAL
C001,Anupamaa S1,Twitter,200.0,99.0,33,2024-02-24,SOCIAL
C001,Anupamaa S1,Instagram,16505.0,-0.506,30,2024-02-24,SOCIAL
C001,Anupamaa S1,YouTube,36656.0,-0.653,2,2024-02-24,SOCIAL
C001,Anupamaa S1,Facebook,5666.0,0.285,29,2024-02-24,SOCIAL
C002,KBC Season 15,Twitter,30821.0,0.423,40,2024-02-24,SOCIAL
C002,KBC Season 15,Instagram,,-0.308,15,2024-02-24,SOCIAL
C002,KBC Season 15,YouTube,12446.0,0.733,48,2024-02-24,SOCIAL
C002,KBC Season 15,Facebook,18614.0,-0.715,21,2024-02-24,SOCIAL
C003,IPL 2024 Final,Twitter,13976.0,0.183,40,2024-02-24,SOCIAL
C003,IPL 2024 Final,Instagram,8598.0,-0.732,9,2024-02-24,SOCIAL
C003,IPL 2024 Final,YouTube,23698.0,0.77,32,2024-02-24,SOCIAL
C003,IPL 2024 Final,Facebook,31353.0,-0.098,12,2024-02-24,SOCIAL
C004,Panchayat S3,Twitter,,-0.088,24,2024-02-24,SOCIAL
C004,Panchayat S3,Instagram,29322.0,0.349,4,2024-02-24,SOCIAL
C004,Panchayat S3,YouTube,10903.0,0.99,43,2024-02-24,SOCIAL
C004,Panchayat S3,Facebook,34255.0,0.051,23,2024-02-24,SOCIAL
C005,Mirzapur S3,Twitter,12335.0,-0.814,19,2024-02-24,SOCIAL
C005,Mirzapur S3,Instagram,34593.0,-0.382,3,2024-02-24,SOCIAL
C005,Mirzapur S3,YouTube,14994.0,0.422,13,2024-02-24,SOCIAL
C005,Mirzapur S3,Facebook,34915.0,-0.539,26,2024-02-24,SOCIAL
C001,Anupamaa S1,Twitter,46729.0,0.532,32,2024-02-25,SOCIAL
C001,Anupamaa S1,Instagram,35621.0,0.664,20,2024-02-25,SOCIAL
C001,Anupamaa S1,YouTube,11657.0,0.623,2,2024-02-25,SOCIAL
C001,Anupamaa S1,Facebook,49784.0,0.496,43,2024-02-25,SOCIAL
C002,KBC Season 15,Twitter,18801.0,-0.076,45,2024-02-25,SOCIAL
C002,KBC Season 15,Instagram,41115.0,0.384,38,2024-02-25,SOCIAL
C002,KBC Season 15,YouTube,36829.0,-0.507,43,2024-02-25,SOCIAL
C002,KBC Season 15,Facebook,33062.0,0.583,20,2024-02-25,SOCIAL
C003,IPL 2024 Final,Twitter,29399.0,0.506,4,2024-02-25,SOCIAL
C003,IPL 2024 Final,Instagram,25221.0,0.152,47,2024-02-25,SOCIAL
C003,IPL 2024 Final,YouTube,16119.0,0.365,12,2024-02-25,SOCIAL
C003,IPL 2024 Final,Facebook,34586.0,-0.319,9,2024-02-25,SOCIAL
C004,Panchayat S3,Twitter,42384.0,0.278,10,2024-02-25,SOCIAL
C004,Panchayat S3,Instagram,20890.0,-0.379,6,2024-02-25,SOCIAL
C004,Panchayat S3,YouTube,27604.0,0.425,46,2024-02-25,SOCIAL
C004,Panchayat S3,Facebook,42397.0,-0.052,19,2024-02-25,SOCIAL
C005,Mirzapur S3,Twitter,27068.0,0.492,29,2024-02-25,SOCIAL
C005,Mirzapur S3,Instagram,42360.0,-0.095,43,2024-02-25,SOCIAL
C005,Mirzapur S3,YouTube,4572.0,0.04,49,2024-02-25,SOCIAL
C005,Mirzapur S3,Facebook,37423.0,0.034,28,2024-02-25,SOCIAL
C001,Anupamaa S1,Twitter,14206.0,0.435,48,2024-02-26,SOCIAL
C001,Anupamaa S1,Instagram,5239.0,0.746,37,2024-02-26,SOCIAL
C001,Anupamaa S1,YouTube,21436.0,0.237,19,2024-02-26,SOCIAL
C001,Anupamaa S1,Facebook,41860.0,-0.344,38,2024-02-26,SOCIAL
C002,KBC Season 15,Twitter,8951.0,0.409,5,2024-02-26,SOCIAL
C002,KBC Season 15,Instagram,7621.0,0.425,22,2024-02-26,SOCIAL
C002,KBC Season 15,YouTube,49142.0,-0.124,15,2024-02-26,SOCIAL
C002,KBC Season 15,Facebook,41555.0,-0.336,41,2024-02-26,SOCIAL
C003,IPL 2024 Final,Twitter,3485.0,-0.825,18,2024-02-26,SOCIAL
C003,IPL 2024 Final,Instagram,30287.0,-0.572,32,2024-02-26,SOCIAL
C003,IPL 2024 Final,YouTube,37517.0,-0.155,26,2024-02-26,SOCIAL
C003,IPL 2024 Final,Facebook,44316.0,-0.607,38,2024-02-26,SOCIAL
C004,Panchayat S3,Twitter,24942.0,0.767,23,2024-02-26,SOCIAL
C004,Panchayat S3,Instagram,19240.0,0.532,37,2024-02-26,SOCIAL
C004,Panchayat S3,YouTube,40881.0,0.756,44,2024-02-26,SOCIAL
C004,Panchayat S3,Facebook,30558.0,0.14,46,2024-02-26,SOCIAL
C005,Mirzapur S3,Twitter,31471.0,0.108,41,2024-02-26,SOCIAL
C005,Mirzapur S3,Instagram,10172.0,0.62,9,2024-02-26,SOCIAL
C005,Mirzapur S3,YouTube,,-0.912,46,2024-02-26,SOCIAL
C005,Mirzapur S3,Facebook,42357.0,-0.753,2,2024-02-26,SOCIAL
C001,Anupamaa S1,Twitter,6484.0,0.485,12,2024-02-27,SOCIAL
C001,Anupamaa S1,Instagram,33170.0,0.634,43,2024-02-27,SOCIAL
C001,Anupamaa S1,YouTube,27377.0,0.192,26,2024-02-27,SOCIAL
C001,Anupamaa S1,Facebook,12040.0,-0.361,21,2024-02-27,SOCIAL
C002,KBC Season 15,Twitter,32110.0,-0.353,22,2024-02-27,SOCIAL
C002,KBC Season 15,Instagram,7156.0,-0.493,38,2024-02-27,SOCIAL
C002,KBC Season 15,YouTube,49563.0,0.522,37,2024-02-27,SOCIAL
C002,KBC Season 15,Facebook,45928.0,-0.205,7,2024-02-27,SOCIAL
C003,IPL 2024 Final,Twitter,41549.0,0.395,43,2024-02-27,SOCIAL
C003,IPL 2024 Final,Instagram,1018.0,0.328,1,2024-02-27,SOCIAL
C003,IPL 2024 Final,YouTube,202.0,0.426,41,2024-02-27,SOCIAL
C003,IPL 2024 Final,Facebook,23236.0,0.03,31,2024-02-27,SOCIAL
C004,Panchayat S3,Twitter,12118.0,-0.454,43,2024-02-27,SOCIAL
C004,Panchayat S3,Instagram,11535.0,-0.032,44,2024-02-27,SOCIAL
C004,Panchayat S3,YouTube,42115.0,-0.414,47,2024-02-27,SOCIAL
C004,Panchayat S3,Facebook,45468.0,0.178,26,2024-02-27,SOCIAL
C005,Mirzapur S3,Twitter,,-0.301,43,2024-02-27,SOCIAL
C005,Mirzapur S3,Instagram,8521.0,0.238,34,2024-02-27,SOCIAL
C005,Mirzapur S3,YouTube,13100.0,0.707,23,2024-02-27,SOCIAL
C005,Mirzapur S3,Facebook,7634.0,-0.087,38,2024-02-27,SOCIAL
C001,Anupamaa S1,Twitter,30557.0,-0.689,22,2024-02-28,SOCIAL
C001,Anupamaa S1,Instagram,4290.0,-0.64,14,2024-02-28,SOCIAL
C001,Anupamaa S1,YouTube,16878.0,-0.589,16,2024-02-28,SOCIAL
C001,Anupamaa S1,Facebook,21566.0,-0.536,28,2024-02-28,SOCIAL
C002,KBC Season 15,Twitter,30462.0,-0.254,29,2024-02-28,SOCIAL
C002,KBC Season 15,Instagram,44654.0,-0.032,29,2024-02-28,SOCIAL
C002,KBC Season 15,YouTube,14037.0,-0.499,47,2024-02-28,SOCIAL
C002,KBC Season 15,Facebook,8624.0,-0.224,50,2024-02-28,SOCIAL
C003,IPL 2024 Final,Twitter,22041.0,0.064,31,2024-02-28,SOCIAL
C003,IPL 2024 Final,Instagram,21246.0,-0.904,43,2024-02-28,SOCIAL
C003,IPL 2024 Final,YouTube,4661.0,-0.982,46,2024-02-28,SOCIAL
C003,IPL 2024 Final,Facebook,,0.181,39,2024-02-28,SOCIAL
C004,Panchayat S3,Twitter,6139.0,-0.486,31,2024-02-28,SOCIAL
C004,Panchayat S3,Instagram,31385.0,-0.85,44,2024-02-28,SOCIAL
C004,Panchayat S3,YouTube,41240.0,-0.635,33,2024-02-28,SOCIAL
C004,Panchayat S3,Facebook,2055.0,0.911,27,2024-02-28,SOCIAL
C005,Mirzapur S3,Twitter,5692.0,0.881,37,2024-02-28,SOCIAL
C005,Mirzapur S3,Instagram,39181.0,-0.93,17,2024-02-28,SOCIAL
C005,Mirzapur S3,YouTube,25942.0,-0.214,46,2024-02-28,SOCIAL
C005,Mirzapur S3,Facebook,27120.0,0.208,32,2024-02-28,SOCIAL
C001,Anupamaa S1,Twitter,43911.0,-0.454,10,2024-02-29,SOCIAL
C001,Anupamaa S1,Instagram,49250.0,-0.82,8,2024-02-29,SOCIAL
C001,Anupamaa S1,YouTube,49297.0,0.871,19,2024-02-29,SOCIAL
C001,Anupamaa S1,Facebook,15190.0,-0.263,28,2024-02-29,SOCIAL
C002,KBC Season 15,Twitter,32897.0,0.313,16,2024-02-29,SOCIAL
C002,KBC Season 15,Instagram,48291.0,-0.899,10,2024-02-29,SOCIAL
C002,KBC Season 15,YouTube,22923.0,0.514,25,2024-02-29,SOCIAL
C002,KBC Season 15,Facebook,37640.0,-0.257,10,2024-02-29,SOCIAL
C003,IPL 2024 Final,Twitter,23850.0,-0.348,29,2024-02-29,SOCIAL
C003,IPL 2024 Final,Instagram,47787.0,0.472,25,2024-02-29,SOCIAL
C003,IPL 2024 Final,YouTube,32187.0,-0.586,47,2024-02-29,SOCIAL
C003,IPL 2024 Final,Facebook,789.0,-0.051,36,2024-02-29,SOCIAL
C004,Panchayat S3,Twitter,49859.0,-0.813,4,2024-02-29,SOCIAL
C004,Panchayat S3,Instagram,43431.0,-0.002,34,2024-02-29,SOCIAL
C004,Panchayat S3,YouTube,45226.0,-0.552,39,2024-02-29,SOCIAL
C004,Panchayat S3,Facebook,19599.0,0.623,25,2024-02-29,SOCIAL
C005,Mirzapur S3,Twitter,17665.0,0.895,27,2024-02-29,SOCIAL
C005,Mirzapur S3,Instagram,49197.0,0.357,5,2024-02-29,SOCIAL
C005,Mirzapur S3,YouTube,12120.0,0.36,6,2024-02-29,SOCIAL
C005,Mirzapur S3,Facebook,17159.0,0.219,41,2024-02-29,SOCIAL
C001,Anupamaa S1,Twitter,39912.0,-0.591,26,2024-03-01,SOCIAL
C001,Anupamaa S1,Instagram,44020.0,0.864,7,2024-03-01,SOCIAL
C001,Anupamaa S1,YouTube,37659.0,-0.21,29,2024-03-01,SOCIAL
C001,Anupamaa S1,Facebook,21972.0,-0.211,20,2024-03-01,SOCIAL
C002,KBC Season 15,Twitter,16855.0,-0.554,49,2024-03-01,SOCIAL
C002,KBC Season 15,Instagram,,0.166,5,2024-03-01,SOCIAL
C002,KBC Season 15,YouTube,41358.0,0.21,22,2024-03-01,SOCIAL
C002,KBC Season 15,Facebook,25871.0,0.777,26,2024-03-01,SOCIAL
C003,IPL 2024 Final,Twitter,14367.0,0.998,4,2024-03-01,SOCIAL
C003,IPL 2024 Final,Instagram,42825.0,-0.212,25,2024-03-01,SOCIAL
C003,IPL 2024 Final,YouTube,9608.0,0.422,8,2024-03-01,SOCIAL
C003,IPL 2024 Final,Facebook,3626.0,-0.283,5,2024-03-01,SOCIAL
C004,Panchayat S3,Twitter,25583.0,-0.482,29,2024-03-01,SOCIAL
C004,Panchayat S3,Instagram,33550.0,99.0,48,2024-03-01,SOCIAL
C004,Panchayat S3,YouTube,46781.0,0.694,4,2024-03-01,SOCIAL
C004,Panchayat S3,Facebook,19790.0,0.679,33,2024-03-01,SOCIAL
C005,Mirzapur S3,Twitter,7184.0,-0.819,48,2024-03-01,SOCIAL
C005,Mirzapur S3,Instagram,42962.0,-0.272,49,2024-03-01,SOCIAL
C005,Mirzapur S3,YouTube,12906.0,0.747,45,2024-03-01,SOCIAL
C005,Mirzapur S3,Facebook,47906.0,-0.047,41,2024-03-01,SOCIAL
C001,Anupamaa S1,Twitter,,0.262,39,2024-03-02,SOCIAL
C001,Anupamaa S1,Instagram,27337.0,-0.27,11,2024-03-02,SOCIAL
C001,Anupamaa S1,YouTube,31736.0,0.844,11,2024-03-02,SOCIAL
C001,Anupamaa S1,Facebook,39139.0,-0.366,48,2024-03-02,SOCIAL
C002,KBC Season 15,Twitter,35759.0,-0.215,30,2024-03-02,SOCIAL
C002,KBC Season 15,Instagram,30824.0,0.394,22,2024-03-02,SOCIAL
C002,KBC Season 15,YouTube,23728.0,-0.404,38,2024-03-02,SOCIAL
C002,KBC Season 15,Facebook,38423.0,0.428,3,2024-03-02,SOCIAL
C003,IPL 2024 Final,Twitter,31177.0,-0.822,12,2024-03-02,SOCIAL
C003,IPL 2024 Final,Instagram,45542.0,0.176,39,2024-03-02,SOCIAL
C003,IPL 2024 Final,YouTube,25277.0,0.218,39,2024-03-02,SOCIAL
C003,IPL 2024 Final,Facebook,6397.0,-0.349,46,2024-03-02,SOCIAL
C004,Panchayat S3,Twitter,36085.0,-0.634,31,2024-03-02,SOCIAL
C004,Panchayat S3,Instagram,720.0,-0.901,9,2024-03-02,SOCIAL
C004,Panchayat S3,YouTube,37709.0,-0.505,50,2024-03-02,SOCIAL
C004,Panchayat S3,Facebook,45674.0,0.651,14,2024-03-02,SOCIAL
C005,Mirzapur S3,Twitter,8533.0,-0.218,37,2024-03-02,SOCIAL
C005,Mirzapur S3,Instagram,12881.0,-0.058,17,2024-03-02,SOCIAL
C005,Mirzapur S3,YouTube,27670.0,-0.961,5,2024-03-02,SOCIAL
C005,Mirzapur S3,Facebook,16465.0,-0.131,35,2024-03-02,SOCIAL
C001,Anupamaa S1,Twitter,35210.0,-0.426,24,2024-03-03,SOCIAL
C001,Anupamaa S1,Instagram,32849.0,-0.036,45,2024-03-03,SOCIAL
C001,Anupamaa S1,YouTube,8974.0,0.484,5,2024-03-03,SOCIAL
C001,Anupamaa S1,Facebook,34591.0,-0.468,45,2024-03-03,SOCIAL
C002,KBC Season 15,Twitter,41086.0,0.292,5,2024-03-03,SOCIAL
C002,KBC Season 15,Instagram,47445.0,0.181,27,2024-03-03,SOCIAL
C002,KBC Season 15,YouTube,49441.0,-0.83,28,2024-03-03,SOCIAL
C002,KBC Season 15,Facebook,43775.0,0.975,24,2024-03-03,SOCIAL
C003,IPL 2024 Final,Twitter,22119.0,0.116,11,2024-03-03,SOCIAL
C003,IPL 2024 Final,Instagram,10267.0,-0.56,24,2024-03-03,SOCIAL
C003,IPL 2024 Final,YouTube,23793.0,0.766,45,2024-03-03,SOCIAL
C003,IPL 2024 Final,Facebook,35934.0,-0.354,32,2024-03-03,SOCIAL
C004,Panchayat S3,Twitter,43889.0,-0.948,28,2024-03-03,SOCIAL
C004,Panchayat S3,Instagram,,-0.989,43,2024-03-03,SOCIAL
C004,Panchayat S3,YouTube,10019.0,0.536,36,2024-03-03,SOCIAL
C004,Panchayat S3,Facebook,46859.0,-0.645,15,2024-03-03,SOCIAL
C005,Mirzapur S3,Twitter,15536.0,-0.286,10,2024-03-03,SOCIAL
C005,Mirzapur S3,Instagram,35697.0,0.708,34,2024-03-03,SOCIAL
C005,Mirzapur S3,YouTube,40238.0,-0.004,24,2024-03-03,SOCIAL
C005,Mirzapur S3,Facebook,47692.0,0.788,23,2024-03-03,SOCIAL
C001,Anupamaa S1,Twitter,39331.0,0.298,20,2024-03-04,SOCIAL
C001,Anupamaa S1,Instagram,31847.0,0.886,27,2024-03-04,SOCIAL
C001,Anupamaa S1,YouTube,34588.0,0.328,48,2024-03-04,SOCIAL
C001,Anupamaa S1,Facebook,32791.0,-0.468,18,2024-03-04,SOCIAL
C002,KBC Season 15,Twitter,44395.0,-0.28,3,2024-03-04,SOCIAL
C002,KBC Season 15,Instagram,29909.0,0.369,34,2024-03-04,SOCIAL
C002,KBC Season 15,YouTube,,-0.795,1,2024-03-04,SOCIAL
C002,KBC Season 15,Facebook,8154.0,0.997,23,2024-03-04,SOCIAL
C003,IPL 2024 Final,Twitter,47677.0,0.369,34,2024-03-04,SOCIAL
C003,IPL 2024 Final,Instagram,35904.0,-0.902,35,2024-03-04,SOCIAL
C003,IPL 2024 Final,YouTube,31569.0,-0.368,48,2024-03-04,SOCIAL
C003,IPL 2024 Final,Facebook,20448.0,0.638,23,2024-03-04,SOCIAL
C004,Panchayat S3,Twitter,49262.0,-0.949,44,2024-03-04,SOCIAL
C004,Panchayat S3,Instagram,22278.0,0.086,42,2024-03-04,SOCIAL
C004,Panchayat S3,YouTube,884.0,-0.36,1,2024-03-04,SOCIAL
C004,Panchayat S3,Facebook,7235.0,-0.997,42,2024-03-04,SOCIAL
C005,Mirzapur S3,Twitter,36541.0,0.779,27,2024-03-04,SOCIAL
C005,Mirzapur S3,Instagram,31982.0,0.189,17,2024-03-04,SOCIAL
C005,Mirzapur S3,YouTube,16722.0,-0.001,6,2024-03-04,SOCIAL
C005,Mirzapur S3,Facebook,38652.0,-0.576,35,2024-03-04,SOCIAL
C001,Anupamaa S1,Twitter,47932.0,0.096,28,2024-03-05,SOCIAL
C001,Anupamaa S1,Instagram,24802.0,-0.612,25,2024-03-05,SOCIAL
C001,Anupamaa S1,YouTube,41649.0,-0.409,49,2024-03-05,SOCIAL
C001,Anupamaa S1,Facebook,21759.0,-0.516,15,2024-03-05,SOCIAL
C002,KBC Season 15,Twitter,15433.0,-0.399,29,2024-03-05,SOCIAL
C002,KBC Season 15,Instagram,29111.0,-0.447,37,2024-03-05,SOCIAL
C002,KBC Season 15,YouTube,26866.0,0.948,13,2024-03-05,SOCIAL
C002,KBC Season 15,Facebook,31525.0,0.154,10,2024-03-05,SOCIAL
C003,IPL 2024 Final,Twitter,10337.0,0.586,45,2024-03-05,SOCIAL
C003,IPL 2024 Final,Instagram,28306.0,0.84,11,2024-03-05,SOCIAL
C003,IPL 2024 Final,YouTube,32998.0,-0.771,5,2024-03-05,SOCIAL
C003,IPL 2024 Final,Facebook,22705.0,-0.999,14,2024-03-05,SOCIAL
C004,Panchayat S3,Twitter,31879.0,-0.42,36,2024-03-05,SOCIAL
C004,Panchayat S3,Instagram,41965.0,-0.003,19,2024-03-05,SOCIAL
C004,Panchayat S3,YouTube,20627.0,-0.899,11,2024-03-05,SOCIAL
C004,Panchayat S3,Facebook,7656.0,0.201,1,2024-03-05,SOCIAL
C005,Mirzapur S3,Twitter,21038.0,0.817,1,2024-03-05,SOCIAL
C005,Mirzapur S3,Instagram,16647.0,-0.054,49,2024-03-05,SOCIAL
C005,Mirzapur S3,YouTube,27409.0,-0.947,31,2024-03-05,SOCIAL
C005,Mirzapur S3,Facebook,42147.0,0.127,11,2024-03-05,SOCIAL
C001,Anupamaa S1,Twitter,39105.0,-0.848,23,2024-03-06,SOCIAL
C001,Anupamaa S1,Instagram,38602.0,-0.026,16,2024-03-06,SOCIAL
C001,Anupamaa S1,YouTube,26949.0,-0.245,37,2024-03-06,SOCIAL
C001,Anupamaa S1,Facebook,35006.0,0.502,21,2024-03-06,SOCIAL
C002,KBC Season 15,Twitter,38150.0,-0.77,36,2024-03-06,SOCIAL
C002,KBC Season 15,Instagram,6203.0,99.0,20,2024-03-06,SOCIAL
C002,KBC Season 15,YouTube,31864.0,0.954,15,2024-03-06,SOCIAL
C002,KBC Season 15,Facebook,25584.0,-0.128,14,2024-03-06,SOCIAL
C003,IPL 2024 Final,Twitter,40338.0,-0.118,34,2024-03-06,SOCIAL
C003,IPL 2024 Final,Instagram,34647.0,-0.3,29,2024-03-06,SOCIAL
C003,IPL 2024 Final,YouTube,19724.0,0.012,39,2024-03-06,SOCIAL
C003,IPL 2024 Final,Facebook,44862.0,0.36,42,2024-03-06,SOCIAL
C004,Panchayat S3,Twitter,23837.0,-0.095,16,2024-03-06,SOCIAL
C004,Panchayat S3,Instagram,7520.0,0.6,40,2024-03-06,SOCIAL
C004,Panchayat S3,YouTube,35176.0,-0.494,17,2024-03-06,SOCIAL
C004,Panchayat S3,Facebook,17397.0,0.916,47,2024-03-06,SOCIAL
C005,Mirzapur S3,Twitter,39482.0,0.865,5,2024-03-06,SOCIAL
C005,Mirzapur S3,Instagram,28617.0,-0.514,37,2024-03-06,SOCIAL
C005,Mirzapur S3,YouTube,21080.0,-0.638,31,2024-03-06,SOCIAL
C005,Mirzapur S3,Facebook,16547.0,-0.045,31,2024-03-06,SOCIAL
C001,Anupamaa S1,Twitter,18297.0,-0.526,41,2024-03-07,SOCIAL
C001,Anupamaa S1,Instagram,10442.0,-0.841,15,2024-03-07,SOCIAL
C001,Anupamaa S1,YouTube,33365.0,-0.452,30,2024-03-07,SOCIAL
C001,Anupamaa S1,Facebook,29222.0,-0.262,5,2024-03-07,SOCIAL
C002,KBC Season 15,Twitter,40787.0,-0.837,36,2024-03-07,SOCIAL
C002,KBC Season 15,Instagram,49642.0,0.126,34,2024-03-07,SOCIAL
C002,KBC Season 15,YouTube,30841.0,-0.336,32,2024-03-07,SOCIAL
C002,KBC Season 15,Facebook,38938.0,0.741,35,2024-03-07,SOCIAL
C003,IPL 2024 Final,Twitter,14579.0,-0.746,12,2024-03-07,SOCIAL
C003,IPL 2024 Final,Instagram,39070.0,-0.919,50,2024-03-07,SOCIAL
C003,IPL 2024 Final,YouTube,1965.0,0.836,21,2024-03-07,SOCIAL
C003,IPL 2024 Final,Facebook,38713.0,-0.975,19,2024-03-07,SOCIAL
C004,Panchayat S3,Twitter,23082.0,0.479,29,2024-03-07,SOCIAL
C004,Panchayat S3,Instagram,15180.0,-0.24,36,2024-03-07,SOCIAL
C004,Panchayat S3,YouTube,23976.0,-0.431,21,2024-03-07,SOCIAL
C004,Panchayat S3,Facebook,47899.0,0.135,37,2024-03-07,SOCIAL
C005,Mirzapur S3,Twitter,14787.0,-0.446,12,2024-03-07,SOCIAL
C005,Mirzapur S3,Instagram,19134.0,-0.183,43,2024-03-07,SOCIAL
C005,Mirzapur S3,YouTube,48556.0,0.739,7,2024-03-07,SOCIAL
C005,Mirzapur S3,Facebook,8929.0,-0.623,15,2024-03-07,SOCIAL
C001,Anupamaa S1,Twitter,16284.0,0.875,4,2024-03-08,SOCIAL
C001,Anupamaa S1,Instagram,26735.0,-0.328,13,2024-03-08,SOCIAL
C001,Anupamaa S1,YouTube,24470.0,0.755,13,2024-03-08,SOCIAL
C001,Anupamaa S1,Facebook,46871.0,-0.263,31,2024-03-08,SOCIAL
C002,KBC Season 15,Twitter,20663.0,0.865,38,2024-03-08,SOCIAL
C002,KBC Season 15,Instagram,44044.0,0.083,37,2024-03-08,SOCIAL
C002,KBC Season 15,YouTube,26049.0,0.995,11,2024-03-08,SOCIAL
C002,KBC Season 15,Facebook,33115.0,-0.628,46,2024-03-08,SOCIAL
C003,IPL 2024 Final,Twitter,7966.0,0.189,1,2024-03-08,SOCIAL
C003,IPL 2024 Final,Instagram,34529.0,-0.02,32,2024-03-08,SOCIAL
C003,IPL 2024 Final,YouTube,,-0.35,31,2024-03-08,SOCIAL
C003,IPL 2024 Final,Facebook,33146.0,0.303,36,2024-03-08,SOCIAL
C004,Panchayat S3,Twitter,9687.0,0.557,31,2024-03-08,SOCIAL
C004,Panchayat S3,Instagram,12574.0,-0.07,28,2024-03-08,SOCIAL
C004,Panchayat S3,YouTube,16323.0,-0.905,31,2024-03-08,SOCIAL
C004,Panchayat S3,Facebook,29961.0,-0.561,42,2024-03-08,SOCIAL
C005,Mirzapur S3,Twitter,33881.0,0.449,28,2024-03-08,SOCIAL
C005,Mirzapur S3,Instagram,25319.0,-0.176,37,2024-03-08,SOCIAL
C005,Mirzapur S3,YouTube,32836.0,0.315,32,2024-03-08,SOCIAL
C005,Mirzapur S3,Facebook,33080.0,0.621,22,2024-03-08,SOCIAL
C001,Anupamaa S1,Twitter,829.0,0.582,49,2024-03-09,SOCIAL
C001,Anupamaa S1,Instagram,3720.0,0.372,19,2024-03-09,SOCIAL
C001,Anupamaa S1,YouTube,18282.0,0.992,43,2024-03-09,SOCIAL
C001,Anupamaa S1,Facebook,3138.0,-0.113,9,2024-03-09,SOCIAL
C002,KBC Season 15,Twitter,39461.0,-0.201,40,2024-03-09,SOCIAL
C002,KBC Season 15,Instagram,47897.0,0.979,50,2024-03-09,SOCIAL
C002,KBC Season 15,YouTube,48623.0,-0.946,6,2024-03-09,SOCIAL
C002,KBC Season 15,Facebook,1228.0,0.858,40,2024-03-09,SOCIAL
C003,IPL 2024 Final,Twitter,15259.0,0.421,45,2024-03-09,SOCIAL
C003,IPL 2024 Final,Instagram,9770.0,-0.19,10,2024-03-09,SOCIAL
C003,IPL 2024 Final,YouTube,,0.034,23,2024-03-09,SOCIAL
C003,IPL 2024 Final,Facebook,19082.0,-0.228,2,2024-03-09,SOCIAL
C004,Panchayat S3,Twitter,21895.0,0.242,43,2024-03-09,SOCIAL
C004,Panchayat S3,Instagram,,0.476,28,2024-03-09,SOCIAL
C004,Panchayat S3,YouTube,32859.0,-0.758,30,2024-03-09,SOCIAL
C004,Panchayat S3,Facebook,29071.0,-0.361,38,2024-03-09,SOCIAL
C005,Mirzapur S3,Twitter,36219.0,0.68,47,2024-03-09,SOCIAL
C005,Mirzapur S3,Instagram,29086.0,99.0,41,2024-03-09,SOCIAL
C005,Mirzapur S3,YouTube,20791.0,0.107,46,2024-03-09,SOCIAL
C005,Mirzapur S3,Facebook,,0.573,36,2024-03-09,SOCIAL
C001,Anupamaa S1,Twitter,30269.0,0.341,33,2024-03-10,SOCIAL
C001,Anupamaa S1,Instagram,44091.0,0.002,1,2024-03-10,SOCIAL
C001,Anupamaa S1,YouTube,32530.0,-0.341,21,2024-03-10,SOCIAL
C001,Anupamaa S1,Facebook,13238.0,0.381,1,2024-03-10,SOCIAL
C002,KBC Season 15,Twitter,23992.0,-0.608,26,2024-03-10,SOCIAL
C002,KBC Season 15,Instagram,22299.0,0.237,31,2024-03-10,SOCIAL
C002,KBC Season 15,YouTube,9401.0,-0.125,14,2024-03-10,SOCIAL
C002,KBC Season 15,Facebook,40680.0,0.891,3,2024-03-10,SOCIAL
C003,IPL 2024 Final,Twitter,29816.0,0.482,2,2024-03-10,SOCIAL
C003,IPL 2024 Final,Instagram,22985.0,-0.836,13,2024-03-10,SOCIAL
C003,IPL 2024 Final,YouTube,3078.0,-0.183,27,2024-03-10,SOCIAL
C003,IPL 2024 Final,Facebook,29488.0,-0.637,50,2024-03-10,SOCIAL
C004,Panchayat S3,Twitter,8520.0,0.069,21,2024-03-10,SOCIAL
C004,Panchayat S3,Instagram,25536.0,0.095,36,2024-03-10,SOCIAL
C004,Panchayat S3,YouTube,29584.0,0.563,12,2024-03-10,SOCIAL
C004,Panchayat S3,Facebook,31786.0,0.73,34,2024-03-10,SOCIAL
C005,Mirzapur S3,Twitter,21962.0,-0.551,37,2024-03-10,SOCIAL
C005,Mirzapur S3,Instagram,36586.0,0.542,8,2024-03-10,SOCIAL
C005,Mirzapur S3,YouTube,19025.0,0.957,47,2024-03-10,SOCIAL
C005,Mirzapur S3,Facebook,37685.0,-0.659,6,2024-03-10,SOCIAL
C001,Anupamaa S1,Twitter,14694.0,-0.054,31,2024-03-11,SOCIAL
C001,Anupamaa S1,Instagram,15916.0,-0.995,28,2024-03-11,SOCIAL
C001,Anupamaa S1,YouTube,,-0.616,3,2024-03-11,SOCIAL
C001,Anupamaa S1,Facebook,34780.0,-0.256,14,2024-03-11,SOCIAL
C002,KBC Season 15,Twitter,2284.0,-0.184,17,2024-03-11,SOCIAL
C002,KBC Season 15,Instagram,44891.0,0.843,14,2024-03-11,SOCIAL
C002,KBC Season 15,YouTube,27956.0,0.557,49,2024-03-11,SOCIAL
C002,KBC Season 15,Facebook,33909.0,0.858,28,2024-03-11,SOCIAL
C003,IPL 2024 Final,Twitter,29135.0,-0.676,35,2024-03-11,SOCIAL
C003,IPL 2024 Final,Instagram,25964.0,-0.149,43,2024-03-11,SOCIAL
C003,IPL 2024 Final,YouTube,27216.0,-0.908,26,2024-03-11,SOCIAL
C003,IPL 2024 Final,Facebook,31216.0,-0.039,23,2024-03-11,SOCIAL
C004,Panchayat S3,Twitter,37070.0,-0.289,16,2024-03-11,SOCIAL
C004,Panchayat S3,Instagram,48269.0,0.828,21,2024-03-11,SOCIAL
C004,Panchayat S3,YouTube,19145.0,-0.799,1,2024-03-11,SOCIAL
C004,Panchayat S3,Facebook,20970.0,0.887,49,2024-03-11,SOCIAL
C005,Mirzapur S3,Twitter,41964.0,0.338,29,2024-03-11,SOCIAL
C005,Mirzapur S3,Instagram,31648.0,0.8,9,2024-03-11,SOCIAL
C005,Mirzapur S3,YouTube,23286.0,0.954,19,2024-03-11,SOCIAL
C005,Mirzapur S3,Facebook,2662.0,-0.642,45,2024-03-11,SOCIAL
C001,Anupamaa S1,Twitter,49170.0,0.066,40,2024-03-12,SOCIAL
C001,Anupamaa S1,Instagram,48425.0,0.004,5,2024-03-12,SOCIAL
C001,Anupamaa S1,YouTube,1790.0,0.256,21,2024-03-12,SOCIAL
C001,Anupamaa S1,Facebook,21421.0,0.057,10,2024-03-12,SOCIAL
C002,KBC Season 15,Twitter,13943.0,-0.315,33,2024-03-12,SOCIAL
C002,KBC Season 15,Instagram,19233.0,0.512,31,2024-03-12,SOCIAL
C002,KBC Season 15,YouTube,41340.0,-0.702,34,2024-03-12,SOCIAL
C002,KBC Season 15,Facebook,1494.0,-0.694,8,2024-03-12,SOCIAL
C003,IPL 2024 Final,Twitter,1175.0,0.586,6,2024-03-12,SOCIAL
C003,IPL 2024 Final,Instagram,24338.0,-0.881,30,2024-03-12,SOCIAL
C003,IPL 2024 Final,YouTube,48278.0,0.9,49,2024-03-12,SOCIAL
C003,IPL 2024 Final,Facebook,19955.0,0.16,8,2024-03-12,SOCIAL
C004,Panchayat S3,Twitter,26712.0,-0.242,34,2024-03-12,SOCIAL
C004,Panchayat S3,Instagram,44082.0,-0.762,50,2024-03-12,SOCIAL
C004,Panchayat S3,YouTube,44699.0,0.644,6,2024-03-12,SOCIAL
C004,Panchayat S3,Facebook,22596.0,0.27,41,2024-03-12,SOCIAL
C005,Mirzapur S3,Twitter,25161.0,0.938,6,2024-03-12,SOCIAL
C005,Mirzapur S3,Instagram,15236.0,0.296,2,2024-03-12,SOCIAL
C005,Mirzapur S3,YouTube,46278.0,-0.449,43,2024-03-12,SOCIAL
C005,Mirzapur S3,Facebook,42987.0,-0.287,3,2024-03-12,SOCIAL
C001,Anupamaa S1,Twitter,2815.0,0.743,20,2024-03-13,SOCIAL
C001,Anupamaa S1,Instagram,22101.0,0.104,3,2024-03-13,SOCIAL
C001,Anupamaa S1,YouTube,42090.0,0.107,9,2024-03-13,SOCIAL
C001,Anupamaa S1,Facebook,8627.0,0.252,2,2024-03-13,SOCIAL
C002,KBC Season 15,Twitter,26716.0,0.748,37,2024-03-13,SOCIAL
C002,KBC Season 15,Instagram,40926.0,0.364,42,2024-03-13,SOCIAL
C002,KBC Season 15,YouTube,25293.0,-0.38,20,2024-03-13,SOCIAL
C002,KBC Season 15,Facebook,40982.0,-0.516,28,2024-03-13,SOCIAL
C003,IPL 2024 Final,Twitter,42641.0,-0.303,45,2024-03-13,SOCIAL
C003,IPL 2024 Final,Instagram,42664.0,0.649,3,2024-03-13,SOCIAL
C003,IPL 2024 Final,YouTube,44516.0,-0.549,42,2024-03-13,SOCIAL
C003,IPL 2024 Final,Facebook,25904.0,-0.578,14,2024-03-13,SOCIAL
C004,Panchayat S3,Twitter,26540.0,-0.414,9,2024-03-13,SOCIAL
C004,Panchayat S3,Instagram,10896.0,-0.391,21,2024-03-13,SOCIAL
C004,Panchayat S3,YouTube,33522.0,0.833,7,2024-03-13,SOCIAL
C004,Panchayat S3,Facebook,31853.0,-0.923,47,2024-03-13,SOCIAL
C005,Mirzapur S3,Twitter,14578.0,-0.529,5,2024-03-13,SOCIAL
C005,Mirzapur S3,Instagram,19550.0,0.742,43,2024-03-13,SOCIAL
C005,Mirzapur S3,YouTube,12157.0,-0.479,42,2024-03-13,SOCIAL
C005,Mirzapur S3,Facebook,,0.744,40,2024-03-13,SOCIAL
C001,Anupamaa S1,Twitter,41431.0,0.66,27,2024-03-14,SOCIAL
C001,Anupamaa S1,Instagram,26404.0,0.405,43,2024-03-14,SOCIAL
C001,Anupamaa S1,YouTube,,-0.93,3,2024-03-14,SOCIAL
C001,Anupamaa S1,Facebook,,-0.93,23,2024-03-14,SOCIAL
C002,KBC Season 15,Twitter,,0.183,46,2024-03-14,SOCIAL
C002,KBC Season 15,Instagram,36064.0,-0.964,45,2024-03-14,SOCIAL
C002,KBC Season 15,YouTube,47565.0,0.1,49,2024-03-14,SOCIAL
C002,KBC Season 15,Facebook,35734.0,0.598,27,2024-03-14,SOCIAL
C003,IPL 2024 Final,Twitter,32593.0,0.264,21,2024-03-14,SOCIAL
C003,IPL 2024 Final,Instagram,6947.0,-0.397,44,2024-03-14,SOCIAL
C003,IPL 2024 Final,YouTube,37806.0,-0.247,48,2024-03-14,SOCIAL
C003,IPL 2024 Final,Facebook,28773.0,-0.898,38,2024-03-14,SOCIAL
C004,Panchayat S3,Twitter,,0.89,14,2024-03-14,SOCIAL
C004,Panchayat S3,Instagram,4917.0,-0.004,1,2024-03-14,SOCIAL
C004,Panchayat S3,YouTube,38765.0,0.002,8,2024-03-14,SOCIAL
C004,Panchayat S3,Facebook,26183.0,0.939,35,2024-03-14,SOCIAL
C005,Mirzapur S3,Twitter,36862.0,-0.795,2,2024-03-14,SOCIAL
C005,Mirzapur S3,Instagram,15161.0,0.716,35,2024-03-14,SOCIAL
C005,Mirzapur S3,YouTube,19371.0,-0.241,7,2024-03-14,SOCIAL
C005,Mirzapur S3,Facebook,44622.0,-0.639,7,2024-03-14,SOCIAL
C001,Anupamaa S1,Twitter,24009.0,-0.891,25,2024-03-15,SOCIAL
C001,Anupamaa S1,Instagram,16640.0,-0.349,27,2024-03-15,SOCIAL
C001,Anupamaa S1,YouTube,25334.0,0.991,24,2024-03-15,SOCIAL
C001,Anupamaa S1,Facebook,28882.0,-0.537,10,2024-03-15,SOCIAL
C002,KBC Season 15,Twitter,22983.0,-0.562,7,2024-03-15,SOCIAL
C002,KBC Season 15,Instagram,8438.0,-0.117,38,2024-03-15,SOCIAL
C002,KBC Season 15,YouTube,32905.0,-0.095,12,2024-03-15,SOCIAL
C002,KBC Season 15,Facebook,10703.0,0.573,38,2024-03-15,SOCIAL
C003,IPL 2024 Final,Twitter,23342.0,0.856,48,2024-03-15,SOCIAL
C003,IPL 2024 Final,Instagram,41969.0,0.169,20,2024-03-15,SOCIAL
C003,IPL 2024 Final,YouTube,32100.0,-0.44,3,2024-03-15,SOCIAL
C003,IPL 2024 Final,Facebook,36496.0,-0.88,37,2024-03-15,SOCIAL
C004,Panchayat S3,Twitter,42538.0,0.011,29,2024-03-15,SOCIAL
C004,Panchayat S3,Instagram,7946.0,-0.068,15,2024-03-15,SOCIAL
C004,Panchayat S3,YouTube,42831.0,-0.559,49,2024-03-15,SOCIAL
C004,Panchayat S3,Facebook,22175.0,0.548,7,2024-03-15,SOCIAL
C005,Mirzapur S3,Twitter,,-0.926,18,2024-03-15,SOCIAL
C005,Mirzapur S3,Instagram,11404.0,-0.235,6,2024-03-15,SOCIAL
C005,Mirzapur S3,YouTube,17470.0,0.669,50,2024-03-15,SOCIAL
C005,Mirzapur S3,Facebook,,-0.104,27,2024-03-15,SOCIAL
C001,Anupamaa S1,Twitter,21921.0,-0.926,17,2024-03-16,SOCIAL
C001,Anupamaa S1,Instagram,17302.0,0.532,24,2024-03-16,SOCIAL
C001,Anupamaa S1,YouTube,12247.0,-0.14,19,2024-03-16,SOCIAL
C001,Anupamaa S1,Facebook,22710.0,0.364,33,2024-03-16,SOCIAL
C002,KBC Season 15,Twitter,,0.266,39,2024-03-16,SOCIAL
C002,KBC Season 15,Instagram,27237.0,0.477,19,2024-03-16,SOCIAL
C002,KBC Season 15,YouTube,47836.0,0.972,17,2024-03-16,SOCIAL
C002,KBC Season 15,Facebook,5756.0,0.32,37,2024-03-16,SOCIAL
C003,IPL 2024 Final,Twitter,7604.0,0.67,47,2024-03-16,SOCIAL
C003,IPL 2024 Final,Instagram,30437.0,0.115,17,2024-03-16,SOCIAL
C003,IPL 2024 Final,YouTube,39089.0,0.012,28,2024-03-16,SOCIAL
C003,IPL 2024 Final,Facebook,8949.0,-0.958,13,2024-03-16,SOCIAL
C004,Panchayat S3,Twitter,35986.0,0.616,29,2024-03-16,SOCIAL
C004,Panchayat S3,Instagram,16256.0,0.188,21,2024-03-16,SOCIAL
C004,Panchayat S3,YouTube,48330.0,-0.67,12,2024-03-16,SOCIAL
C004,Panchayat S3,Facebook,31244.0,0.34,1,2024-03-16,SOCIAL
C005,Mirzapur S3,Twitter,46305.0,0.603,19,2024-03-16,SOCIAL
C005,Mirzapur S3,Instagram,43346.0,0.352,20,2024-03-16,SOCIAL
C005,Mirzapur S3,YouTube,28710.0,-0.477,49,2024-03-16,SOCIAL
C005,Mirzapur S3,Facebook,17811.0,-0.993,11,2024-03-16,SOCIAL
C001,Anupamaa S1,Twitter,28629.0,0.388,13,2024-03-17,SOCIAL
C001,Anupamaa S1,Instagram,23188.0,-0.617,10,2024-03-17,SOCIAL
C001,Anupamaa S1,YouTube,21435.0,-0.294,25,2024-03-17,SOCIAL
C001,Anupamaa S1,Facebook,5756.0,0.114,10,2024-03-17,SOCIAL
C002,KBC Season 15,Twitter,28296.0,0.44,6,2024-03-17,SOCIAL
C002,KBC Season 15,Instagram,13719.0,0.067,8,2024-03-17,SOCIAL
C002,KBC Season 15,YouTube,45184.0,-0.28,5,2024-03-17,SOCIAL
C002,KBC Season 15,Facebook,,0.151,23,2024-03-17,SOCIAL
C003,IPL 2024 Final,Twitter,18002.0,0.859,41,2024-03-17,SOCIAL
C003,IPL 2024 Final,Instagram,23825.0,0.545,31,2024-03-17,SOCIAL
C003,IPL 2024 Final,YouTube,22334.0,-0.987,26,2024-03-17,SOCIAL
C003,IPL 2024 Final,Facebook,35565.0,0.007,4,2024-03-17,SOCIAL
C004,Panchayat S3,Twitter,33559.0,0.809,42,2024-03-17,SOCIAL
C004,Panchayat S3,Instagram,34545.0,0.845,45,2024-03-17,SOCIAL
C004,Panchayat S3,YouTube,967.0,-0.123,31,2024-03-17,SOCIAL
C004,Panchayat S3,Facebook,4806.0,-0.697,13,2024-03-17,SOCIAL
C005,Mirzapur S3,Twitter,13569.0,-0.386,45,2024-03-17,SOCIAL
C005,Mirzapur S3,Instagram,43613.0,-0.631,40,2024-03-17,SOCIAL
C005,Mirzapur S3,YouTube,13986.0,-0.023,7,2024-03-17,SOCIAL
C005,Mirzapur S3,Facebook,48157.0,0.566,10,2024-03-17,SOCIAL
C001,Anupamaa S1,Twitter,26754.0,-0.06,29,2024-03-18,SOCIAL
C001,Anupamaa S1,Instagram,,-0.512,27,2024-03-18,SOCIAL
C001,Anupamaa S1,YouTube,,-0.102,47,2024-03-18,SOCIAL
C001,Anupamaa S1,Facebook,28250.0,-0.122,28,2024-03-18,SOCIAL
C002,KBC Season 15,Twitter,40365.0,-0.329,33,2024-03-18,SOCIAL
C002,KBC Season 15,Instagram,33438.0,0.72,38,2024-03-18,SOCIAL
C002,KBC Season 15,YouTube,41686.0,0.689,49,2024-03-18,SOCIAL
C002,KBC Season 15,Facebook,25318.0,0.075,29,2024-03-18,SOCIAL
C003,IPL 2024 Final,Twitter,42053.0,0.413,49,2024-03-18,SOCIAL
C003,IPL 2024 Final,Instagram,19382.0,0.167,10,2024-03-18,SOCIAL
C003,IPL 2024 Final,YouTube,37794.0,-0.421,39,2024-03-18,SOCIAL
C003,IPL 2024 Final,Facebook,40114.0,-0.612,5,2024-03-18,SOCIAL
C004,Panchayat S3,Twitter,13289.0,-0.166,23,2024-03-18,SOCIAL
C004,Panchayat S3,Instagram,41859.0,0.77,11,2024-03-18,SOCIAL
C004,Panchayat S3,YouTube,47789.0,0.501,26,2024-03-18,SOCIAL
C004,Panchayat S3,Facebook,26895.0,0.009,46,2024-03-18,SOCIAL
C005,Mirzapur S3,Twitter,39653.0,0.928,1,2024-03-18,SOCIAL
C005,Mirzapur S3,Instagram,45106.0,-0.339,26,2024-03-18,SOCIAL
C005,Mirzapur S3,YouTube,42641.0,-0.155,29,2024-03-18,SOCIAL
C005,Mirzapur S3,Facebook,42447.0,0.003,49,2024-03-18,SOCIAL
C001,Anupamaa S1,Twitter,12337.0,-0.937,5,2024-03-19,SOCIAL
C001,Anupamaa S1,Instagram,26106.0,-0.753,46,2024-03-19,SOCIAL
C001,Anupamaa S1,YouTube,46711.0,0.554,7,2024-03-19,SOCIAL
C001,Anupamaa S1,Facebook,31797.0,-0.1,1,2024-03-19,SOCIAL
C002,KBC Season 15,Twitter,22483.0,-0.513,3,2024-03-19,SOCIAL
C002,KBC Season 15,Instagram,13690.0,0.109,35,2024-03-19,SOCIAL
C002,KBC Season 15,YouTube,14623.0,-0.621,7,2024-03-19,SOCIAL
C002,KBC Season 15,Facebook,42972.0,-0.362,43,2024-03-19,SOCIAL
C003,IPL 2024 Final,Twitter,47815.0,-0.808,2,2024-03-19,SOCIAL
C003,IPL 2024 Final,Instagram,7007.0,-0.204,18,2024-03-19,SOCIAL
C003,IPL 2024 Final,YouTube,35525.0,0.636,11,2024-03-19,SOCIAL
C003,IPL 2024 Final,Facebook,16453.0,-0.153,35,2024-03-19,SOCIAL
C004,Panchayat S3,Twitter,3922.0,0.737,39,2024-03-19,SOCIAL
C004,Panchayat S3,Instagram,14654.0,0.001,45,2024-03-19,SOCIAL
C004,Panchayat S3,YouTube,48439.0,0.829,42,2024-03-19,SOCIAL
C004,Panchayat S3,Facebook,24044.0,0.91,5,2024-03-19,SOCIAL
C005,Mirzapur S3,Twitter,7331.0,-0.293,50,2024-03-19,SOCIAL
C005,Mirzapur S3,Instagram,43887.0,0.788,37,2024-03-19,SOCIAL
C005,Mirzapur S3,YouTube,31821.0,0.088,7,2024-03-19,SOCIAL
C005,Mirzapur S3,Facebook,23658.0,-0.031,17,2024-03-19,SOCIAL
C001,Anupamaa S1,Twitter,5774.0,0.721,38,2024-03-20,SOCIAL
C001,Anupamaa S1,Instagram,5635.0,-0.957,25,2024-03-20,SOCIAL
C001,Anupamaa S1,YouTube,28038.0,-0.975,27,2024-03-20,SOCIAL
C001,Anupamaa S1,Facebook,12116.0,-0.529,25,2024-03-20,SOCIAL
C002,KBC Season 15,Twitter,23248.0,-0.881,26,2024-03-20,SOCIAL
C002,KBC Season 15,Instagram,2582.0,0.901,27,2024-03-20,SOCIAL
C002,KBC Season 15,YouTube,42896.0,-0.651,10,2024-03-20,SOCIAL
C002,KBC Season 15,Facebook,20477.0,0.726,32,2024-03-20,SOCIAL
C003,IPL 2024 Final,Twitter,36288.0,0.278,9,2024-03-20,SOCIAL
C003,IPL 2024 Final,Instagram,9576.0,0.866,22,2024-03-20,SOCIAL
C003,IPL 2024 Final,YouTube,6965.0,0.277,36,2024-03-20,SOCIAL
C003,IPL 2024 Final,Facebook,45733.0,-0.707,28,2024-03-20,SOCIAL
C004,Panchayat S3,Twitter,42123.0,-0.801,50,2024-03-20,SOCIAL
C004,Panchayat S3,Instagram,16137.0,-0.325,27,2024-03-20,SOCIAL
C004,Panchayat S3,YouTube,8316.0,-0.87,34,2024-03-20,SOCIAL
C004,Panchayat S3,Facebook,,-0.934,21,2024-03-20,SOCIAL
C005,Mirzapur S3,Twitter,31561.0,0.689,38,2024-03-20,SOCIAL
C005,Mirzapur S3,Instagram,32633.0,0.846,2,2024-03-20,SOCIAL
C005,Mirzapur S3,YouTube,25965.0,-0.728,40,2024-03-20,SOCIAL
C005,Mirzapur S3,Facebook,34405.0,-0.871,37,2024-03-20,SOCIAL
C001,Anupamaa S1,Twitter,40194.0,-0.045,23,2024-03-21,SOCIAL
C001,Anupamaa S1,Instagram,12154.0,0.735,28,2024-03-21,SOCIAL
C001,Anupamaa S1,YouTube,34897.0,-0.209,24,2024-03-21,SOCIAL
C001,Anupamaa S1,Facebook,3351.0,0.961,14,2024-03-21,SOCIAL
C002,KBC Season 15,Twitter,27543.0,0.105,49,2024-03-21,SOCIAL
C002,KBC Season 15,Instagram,,0.114,44,2024-03-21,SOCIAL
C002,KBC Season 15,YouTube,10845.0,-0.773,3,2024-03-21,SOCIAL
C002,KBC Season 15,Facebook,29101.0,0.908,31,2024-03-21,SOCIAL
C003,IPL 2024 Final,Twitter,12942.0,-0.892,44,2024-03-21,SOCIAL
C003,IPL 2024 Final,Instagram,29812.0,-0.834,18,2024-03-21,SOCIAL
C003,IPL 2024 Final,YouTube,49542.0,-0.605,2,2024-03-21,SOCIAL
C003,IPL 2024 Final,Facebook,12880.0,0.238,39,2024-03-21,SOCIAL
C004,Panchayat S3,Twitter,10261.0,-0.948,4,2024-03-21,SOCIAL
C004,Panchayat S3,Instagram,22466.0,0.691,48,2024-03-21,SOCIAL
C004,Panchayat S3,YouTube,43678.0,-0.218,26,2024-03-21,SOCIAL
C004,Panchayat S3,Facebook,2692.0,-0.035,41,2024-03-21,SOCIAL
C005,Mirzapur S3,Twitter,11717.0,0.97,19,2024-03-21,SOCIAL
C005,Mirzapur S3,Instagram,32372.0,-0.429,21,2024-03-21,SOCIAL
C005,Mirzapur S3,YouTube,42913.0,-0.102,34,2024-03-21,SOCIAL
C005,Mirzapur S3,Facebook,,0.069,34,2024-03-21,SOCIAL
C001,Anupamaa S1,Twitter,40473.0,-0.656,15,2024-03-22,SOCIAL
C001,Anupamaa S1,Instagram,11125.0,-0.076,35,2024-03-22,SOCIAL
C001,Anupamaa S1,YouTube,7781.0,0.78,12,2024-03-22,SOCIAL
C001,Anupamaa S1,Facebook,10105.0,0.192,14,2024-03-22,SOCIAL
C002,KBC Season 15,Twitter,11432.0,-0.73,30,2024-03-22,SOCIAL
C002,KBC Season 15,Instagram,44049.0,0.358,50,2024-03-22,SOCIAL
C002,KBC Season 15,YouTube,21594.0,-0.488,8,2024-03-22,SOCIAL
C002,KBC Season 15,Facebook,,0.185,44,2024-03-22,SOCIAL
C003,IPL 2024 Final,Twitter,16406.0,0.101,19,2024-03-22,SOCIAL
C003,IPL 2024 Final,Instagram,32166.0,0.542,24,2024-03-22,SOCIAL
C003,IPL 2024 Final,YouTube,,-0.531,6,2024-03-22,SOCIAL
C003,IPL 2024 Final,Facebook,33252.0,0.074,20,2024-03-22,SOCIAL
C004,Panchayat S3,Twitter,23758.0,0.2,30,2024-03-22,SOCIAL
C004,Panchayat S3,Instagram,35887.0,-0.896,31,2024-03-22,SOCIAL
C004,Panchayat S3,YouTube,41333.0,0.662,37,2024-03-22,SOCIAL
C004,Panchayat S3,Facebook,11483.0,0.473,18,2024-03-22,SOCIAL
C005,Mirzapur S3,Twitter,49482.0,-0.143,26,2024-03-22,SOCIAL
C005,Mirzapur S3,Instagram,27041.0,0.974,34,2024-03-22,SOCIAL
C005,Mirzapur S3,YouTube,15971.0,-0.044,23,2024-03-22,SOCIAL
C005,Mirzapur S3,Facebook,23658.0,0.956,42,2024-03-22,SOCIAL
C001,Anupamaa S1,Twitter,24053.0,0.297,18,2024-03-23,SOCIAL
C001,Anupamaa S1,Instagram,22132.0,0.088,35,2024-03-23,SOCIAL
C001,Anupamaa S1,YouTube,32398.0,-0.278,1,2024-03-23,SOCIAL
C001,Anupamaa S1,Facebook,48706.0,-0.0,30,2024-03-23,SOCIAL
C002,KBC Season 15,Twitter,2154.0,0.234,4,2024-03-23,SOCIAL
C002,KBC Season 15,Instagram,48055.0,-0.623,29,2024-03-23,SOCIAL
C002,KBC Season 15,YouTube,9590.0,-0.81,5,2024-03-23,SOCIAL
C002,KBC Season 15,Facebook,14978.0,0.532,38,2024-03-23,SOCIAL
C003,IPL 2024 Final,Twitter,46408.0,0.001,19,2024-03-23,SOCIAL
C003,IPL 2024 Final,Instagram,12744.0,-0.581,8,2024-03-23,SOCIAL
C003,IPL 2024 Final,YouTube,49734.0,-0.25,27,2024-03-23,SOCIAL
C003,IPL 2024 Final,Facebook,38155.0,-0.159,2,2024-03-23,SOCIAL
C004,Panchayat S3,Twitter,7671.0,-0.902,20,2024-03-23,SOCIAL
C004,Panchayat S3,Instagram,26688.0,-0.938,40,2024-03-23,SOCIAL
C004,Panchayat S3,YouTube,44479.0,-0.6,14,2024-03-23,SOCIAL
C004,Panchayat S3,Facebook,21522.0,-0.629,28,2024-03-23,SOCIAL
C005,Mirzapur S3,Twitter,11003.0,0.972,25,2024-03-23,SOCIAL
C005,Mirzapur S3,Instagram,,0.373,14,2024-03-23,SOCIAL
C005,Mirzapur S3,YouTube,5163.0,0.979,48,2024-03-23,SOCIAL
C005,Mirzapur S3,Facebook,18209.0,-0.739,25,2024-03-23,SOCIAL
C001,Anupamaa S1,Twitter,26223.0,0.676,15,2024-03-24,SOCIAL
C001,Anupamaa S1,Instagram,15245.0,-0.766,7,2024-03-24,SOCIAL
C001,Anupamaa S1,YouTube,19291.0,-0.895,36,2024-03-24,SOCIAL
C001,Anupamaa S1,Facebook,10334.0,-0.619,1,2024-03-24,SOCIAL
C002,KBC Season 15,Twitter,4281.0,-0.049,45,2024-03-24,SOCIAL
C002,KBC Season 15,Instagram,29517.0,-0.758,38,2024-03-24,SOCIAL
C002,KBC Season 15,YouTube,19439.0,-0.367,48,2024-03-24,SOCIAL
C002,KBC Season 15,Facebook,16487.0,-0.908,49,2024-03-24,SOCIAL
C003,IPL 2024 Final,Twitter,,0.207,41,2024-03-24,SOCIAL
C003,IPL 2024 Final,Instagram,37629.0,-0.276,36,2024-03-24,SOCIAL
C003,IPL 2024 Final,YouTube,4923.0,0.196,46,2024-03-24,SOCIAL
C003,IPL 2024 Final,Facebook,861.0,-0.989,49,2024-03-24,SOCIAL
C004,Panchayat S3,Twitter,21904.0,-0.174,29,2024-03-24,SOCIAL
C004,Panchayat S3,Instagram,15353.0,0.275,11,2024-03-24,SOCIAL
C004,Panchayat S3,YouTube,27441.0,0.995,24,2024-03-24,SOCIAL
C004,Panchayat S3,Facebook,39297.0,-0.262,31,2024-03-24,SOCIAL
C005,Mirzapur S3,Twitter,28424.0,-0.523,12,2024-03-24,SOCIAL
C005,Mirzapur S3,Instagram,17384.0,-0.781,42,2024-03-24,SOCIAL
C005,Mirzapur S3,YouTube,1943.0,-0.7,12,2024-03-24,SOCIAL
C005,Mirzapur S3,Facebook,34654.0,0.567,25,2024-03-24,SOCIAL
C001,Anupamaa S1,Twitter,31487.0,0.988,4,2024-03-25,SOCIAL
C001,Anupamaa S1,Instagram,26108.0,-0.172,48,2024-03-25,SOCIAL
C001,Anupamaa S1,YouTube,27849.0,-0.957,19,2024-03-25,SOCIAL
C001,Anupamaa S1,Facebook,38184.0,-0.665,13,2024-03-25,SOCIAL
C002,KBC Season 15,Twitter,24107.0,0.767,29,2024-03-25,SOCIAL
C002,KBC Season 15,Instagram,29184.0,-0.425,43,2024-03-25,SOCIAL
C002,KBC Season 15,YouTube,19827.0,0.16,24,2024-03-25,SOCIAL
C002,KBC Season 15,Facebook,30955.0,-0.829,22,2024-03-25,SOCIAL
C003,IPL 2024 Final,Twitter,12659.0,-0.698,46,2024-03-25,SOCIAL
C003,IPL 2024 Final,Instagram,,0.727,40,2024-03-25,SOCIAL
C003,IPL 2024 Final,YouTube,,0.694,32,2024-03-25,SOCIAL
C003,IPL 2024 Final,Facebook,45588.0,0.585,50,2024-03-25,SOCIAL
C004,Panchayat S3,Twitter,,-0.674,8,2024-03-25,SOCIAL
C004,Panchayat S3,Instagram,20803.0,0.054,34,2024-03-25,SOCIAL
C004,Panchayat S3,YouTube,41023.0,0.406,34,2024-03-25,SOCIAL
C004,Panchayat S3,Facebook,39079.0,0.614,8,2024-03-25,SOCIAL
C005,Mirzapur S3,Twitter,26382.0,0.631,36,2024-03-25,SOCIAL
C005,Mirzapur S3,Instagram,16436.0,-0.803,7,2024-03-25,SOCIAL
C005,Mirzapur S3,YouTube,20891.0,0.732,8,2024-03-25,SOCIAL
C005,Mirzapur S3,Facebook,6235.0,-0.867,11,2024-03-25,SOCIAL
C001,Anupamaa S1,Twitter,47503.0,-0.474,11,2024-03-26,SOCIAL
C001,Anupamaa S1,Instagram,19286.0,0.403,33,2024-03-26,SOCIAL
C001,Anupamaa S1,YouTube,20531.0,0.988,20,2024-03-26,SOCIAL
C001,Anupamaa S1,Facebook,27393.0,-0.121,5,2024-03-26,SOCIAL
C002,KBC Season 15,Twitter,44192.0,0.87,29,2024-03-26,SOCIAL
C002,KBC Season 15,Instagram,,0.846,31,2024-03-26,SOCIAL
C002,KBC Season 15,YouTube,46889.0,-0.473,37,2024-03-26,SOCIAL
C002,KBC Season 15,Facebook,135.0,0.365,26,2024-03-26,SOCIAL
C003,IPL 2024 Final,Twitter,39232.0,-0.358,21,2024-03-26,SOCIAL
C003,IPL 2024 Final,Instagram,,-0.893,23,2024-03-26,SOCIAL
C003,IPL 2024 Final,YouTube,31268.0,0.481,1,2024-03-26,SOCIAL
C003,IPL 2024 Final,Facebook,12686.0,-0.492,8,2024-03-26,SOCIAL
C004,Panchayat S3,Twitter,42667.0,0.961,6,2024-03-26,SOCIAL
C004,Panchayat S3,Instagram,32404.0,-0.193,6,2024-03-26,SOCIAL
C004,Panchayat S3,YouTube,30345.0,-0.942,7,2024-03-26,SOCIAL
C004,Panchayat S3,Facebook,13619.0,0.301,3,2024-03-26,SOCIAL
C005,Mirzapur S3,Twitter,7528.0,-0.793,9,2024-03-26,SOCIAL
C005,Mirzapur S3,Instagram,29718.0,-0.574,15,2024-03-26,SOCIAL
C005,Mirzapur S3,YouTube,6029.0,0.329,34,2024-03-26,SOCIAL
C005,Mirzapur S3,Facebook,41483.0,0.657,6,2024-03-26,SOCIAL
C001,Anupamaa S1,Twitter,,-0.675,16,2024-03-27,SOCIAL
C001,Anupamaa S1,Instagram,20933.0,-0.06,25,2024-03-27,SOCIAL
C001,Anupamaa S1,YouTube,23539.0,0.91,28,2024-03-27,SOCIAL
C001,Anupamaa S1,Facebook,17108.0,-0.976,5,2024-03-27,SOCIAL
C002,KBC Season 15,Twitter,37438.0,-0.872,50,2024-03-27,SOCIAL
C002,KBC Season 15,Instagram,42695.0,0.86,21,2024-03-27,SOCIAL
C002,KBC Season 15,YouTube,19155.0,0.712,50,2024-03-27,SOCIAL
C002,KBC Season 15,Facebook,26236.0,0.446,46,2024-03-27,SOCIAL
C003,IPL 2024 Final,Twitter,28784.0,0.106,10,2024-03-27,SOCIAL
C003,IPL 2024 Final,Instagram,19164.0,-0.85,27,2024-03-27,SOCIAL
C003,IPL 2024 Final,YouTube,18460.0,-0.588,49,2024-03-27,SOCIAL
C003,IPL 2024 Final,Facebook,45221.0,-0.655,43,2024-03-27,SOCIAL
C004,Panchayat S3,Twitter,46457.0,0.973,5,2024-03-27,SOCIAL
C004,Panchayat S3,Instagram,8102.0,-0.493,31,2024-03-27,SOCIAL
C004,Panchayat S3,YouTube,20881.0,0.755,43,2024-03-27,SOCIAL
C004,Panchayat S3,Facebook,26036.0,0.885,10,2024-03-27,SOCIAL
C005,Mirzapur S3,Twitter,18106.0,0.819,34,2024-03-27,SOCIAL
C005,Mirzapur S3,Instagram,9658.0,-0.746,4,2024-03-27,SOCIAL
C005,Mirzapur S3,YouTube,42319.0,-0.149,19,2024-03-27,SOCIAL
C005,Mirzapur S3,Facebook,8376.0,0.485,6,2024-03-27,SOCIAL
C001,Anupamaa S1,Twitter,27803.0,0.841,17,2024-03-28,SOCIAL
C001,Anupamaa S1,Instagram,26336.0,-0.89,34,2024-03-28,SOCIAL
C001,Anupamaa S1,YouTube,39264.0,0.618,7,2024-03-28,SOCIAL
C001,Anupamaa S1,Facebook,41250.0,0.403,40,2024-03-28,SOCIAL
C002,KBC Season 15,Twitter,9852.0,-0.524,45,2024-03-28,SOCIAL
C002,KBC Season 15,Instagram,,-0.218,10,2024-03-28,SOCIAL
C002,KBC Season 15,YouTube,4335.0,0.691,32,2024-03-28,SOCIAL
C002,KBC Season 15,Facebook,18884.0,-0.151,21,2024-03-28,SOCIAL
C003,IPL 2024 Final,Twitter,12442.0,0.522,15,2024-03-28,SOCIAL
C003,IPL 2024 Final,Instagram,6558.0,0.893,49,2024-03-28,SOCIAL
C003,IPL 2024 Final,YouTube,17816.0,0.161,21,2024-03-28,SOCIAL
C003,IPL 2024 Final,Facebook,,-0.14,50,2024-03-28,SOCIAL
C004,Panchayat S3,Twitter,21306.0,0.291,19,2024-03-28,SOCIAL
C004,Panchayat S3,Instagram,6876.0,-0.808,14,2024-03-28,SOCIAL
C004,Panchayat S3,YouTube,31282.0,0.961,42,2024-03-28,SOCIAL
C004,Panchayat S3,Facebook,6930.0,0.863,42,2024-03-28,SOCIAL
C005,Mirzapur S3,Twitter,44290.0,-0.419,28,2024-03-28,SOCIAL
C005,Mirzapur S3,Instagram,48782.0,0.77,16,2024-03-28,SOCIAL
C005,Mirzapur S3,YouTube,41567.0,-0.79,44,2024-03-28,SOCIAL
C005,Mirzapur S3,Facebook,878.0,0.893,35,2024-03-28,SOCIAL
C001,Anupamaa S1,Twitter,39331.0,0.696,3,2024-03-29,SOCIAL
C001,Anupamaa S1,Instagram,,-0.033,28,2024-03-29,SOCIAL
C001,Anupamaa S1,YouTube,37888.0,0.671,48,2024-03-29,SOCIAL
C001,Anupamaa S1,Facebook,21152.0,-0.094,25,2024-03-29,SOCIAL
C002,KBC Season 15,Twitter,3607.0,-0.777,50,2024-03-29,SOCIAL
C002,KBC Season 15,Instagram,34630.0,-0.545,1,2024-03-29,SOCIAL
C002,KBC Season 15,YouTube,18075.0,-0.787,44,2024-03-29,SOCIAL
C002,KBC Season 15,Facebook,21249.0,0.268,18,2024-03-29,SOCIAL
C003,IPL 2024 Final,Twitter,41959.0,-0.433,20,2024-03-29,SOCIAL
C003,IPL 2024 Final,Instagram,32757.0,-0.519,18,2024-03-29,SOCIAL
C003,IPL 2024 Final,YouTube,46115.0,-0.554,42,2024-03-29,SOCIAL
C003,IPL 2024 Final,Facebook,42896.0,0.713,31,2024-03-29,SOCIAL
C004,Panchayat S3,Twitter,,-0.136,39,2024-03-29,SOCIAL
C004,Panchayat S3,Instagram,31414.0,-0.931,43,2024-03-29,SOCIAL
C004,Panchayat S3,YouTube,28055.0,0.004,24,2024-03-29,SOCIAL
C004,Panchayat S3,Facebook,,0.672,24,2024-03-29,SOCIAL
C005,Mirzapur S3,Twitter,15921.0,-0.847,45,2024-03-29,SOCIAL
C005,Mirzapur S3,Instagram,,0.594,21,2024-03-29,SOCIAL
C005,Mirzapur S3,YouTube,3296.0,-0.492,1,2024-03-29,SOCIAL
C005,Mirzapur S3,Facebook,37030.0,-0.571,2,2024-03-29,SOCIAL
C001,Anupamaa S1,Twitter,5513.0,0.824,8,2024-03-30,SOCIAL
C001,Anupamaa S1,Instagram,34069.0,-0.345,26,2024-03-30,SOCIAL
C001,Anupamaa S1,YouTube,36604.0,0.145,29,2024-03-30,SOCIAL
C001,Anupamaa S1,Facebook,17707.0,0.289,48,2024-03-30,SOCIAL
C002,KBC Season 15,Twitter,40742.0,-0.283,37,2024-03-30,SOCIAL
C002,KBC Season 15,Instagram,1492.0,-0.345,43,2024-03-30,SOCIAL
C002,KBC Season 15,YouTube,23319.0,-0.935,23,2024-03-30,SOCIAL
C002,KBC Season 15,Facebook,31759.0,0.843,10,2024-03-30,SOCIAL
C003,IPL 2024 Final,Twitter,33011.0,-0.865,18,2024-03-30,SOCIAL
C003,IPL 2024 Final,Instagram,29388.0,0.46,25,2024-03-30,SOCIAL
C003,IPL 2024 Final,YouTube,26197.0,0.011,26,2024-03-30,SOCIAL
C003,IPL 2024 Final,Facebook,13566.0,0.482,39,2024-03-30,SOCIAL
C004,Panchayat S3,Twitter,39788.0,0.27,12,2024-03-30,SOCIAL
C004,Panchayat S3,Instagram,18975.0,-0.846,41,2024-03-30,SOCIAL
C004,Panchayat S3,YouTube,6316.0,-0.819,23,2024-03-30,SOCIAL
C004,Panchayat S3,Facebook,17755.0,-0.93,45,2024-03-30,SOCIAL
C005,Mirzapur S3,Twitter,47355.0,0.447,41,2024-03-30,SOCIAL
C005,Mirzapur S3,Instagram,25084.0,-0.645,32,2024-03-30,SOCIAL
C005,Mirzapur S3,YouTube,33706.0,0.292,40,2024-03-30,SOCIAL
C005,Mirzapur S3,Facebook,1799.0,0.021,35,2024-03-30,SOCIAL
